Churn,Tenure,CityTier,WarehouseToHome,HourSpendOnApp,NumberOfDeviceRegistered,SatisfactionScore,NumberOfAddress,Complain,OrderAmountHikeFromlastYear,CouponUsed,OrderCount,DaySinceLastOrder,CashbackAmount,Recency,Frequency,Monetary,RFM_Score,IsNewUser,EngagementScore,ComplainLowSat,PreferredLoginDevice_Mobile Phone,PreferredLoginDevice_Phone,PreferredPaymentMode_COD,PreferredPaymentMode_Cash on Delivery,PreferredPaymentMode_Credit Card,PreferredPaymentMode_Debit Card,PreferredPaymentMode_E wallet,PreferredPaymentMode_UPI,PreferedOrderCat_Grocery,PreferedOrderCat_Laptop & Accessory,PreferedOrderCat_Mobile,PreferedOrderCat_Mobile Phone,PreferedOrderCat_Others,MaritalStatus_Married,MaritalStatus_Single,Gender_Male
1,4.0,3,6.0,3.0,3,2,9,1,11.0,1.0,1.0,5.0,159.93,5.0,1.0,159.93,1.073,0,2.6,1,1,0,0,0,0,1,0,0,0,1,0,0,0,0,1,0
1,9.0,1,8.0,3.0,4,3,7,1,15.0,0.0,1.0,0.0,120.9,0.0,1.0,120.9,1.084,0,2.7,0,0,1,0,0,0,0,0,1,0,0,1,0,0,0,1,1
1,9.0,1,30.0,2.0,4,3,6,1,14.0,0.0,1.0,3.0,120.28,3.0,1.0,120.28,0.931,0,2.2,0,0,1,0,0,0,1,0,0,0,0,1,0,0,0,1,1
1,0.0,3,15.0,2.0,4,5,8,0,23.0,0.0,1.0,3.0,134.07,3.0,1.0,134.07,0.986,1,2.2,0,0,1,0,0,0,1,0,0,0,1,0,0,0,0,1,1
1,0.0,1,12.0,3.0,3,5,3,0,11.0,1.0,1.0,3.0,129.6,3.0,1.0,129.6,0.968,1,2.6,0,0,1,0,0,0,0,0,0,0,0,1,0,0,0,1,1
1,0.0,1,22.0,3.0,5,5,2,1,22.0,4.0,6.0,7.0,139.19,7.0,6.0,139.19,2.982,1,3.8,0,0,0,0,0,0,1,0,0,0,0,0,1,0,0,1,0
1,9.0,3,11.0,2.0,3,2,4,0,14.0,0.0,1.0,0.0,120.86000000000001,0.0,1.0,120.86000000000001,1.083,0,1.9,0,0,1,0,1,0,0,0,0,0,1,0,0,0,0,0,1
1,9.0,1,6.0,3.0,3,2,3,1,16.0,2.0,2.0,0.0,122.93,0.0,2.0,122.93,1.492,0,2.8,1,0,1,0,0,0,0,0,0,0,0,1,0,0,0,0,1
1,13.0,3,9.0,3.0,4,3,2,1,14.0,0.0,1.0,2.0,126.83000000000001,2.0,1.0,126.83000000000001,0.974,0,2.7,0,0,1,0,0,0,0,1,0,0,0,1,0,0,0,0,1
1,9.0,1,31.0,2.0,5,3,2,0,12.0,1.0,1.0,1.0,122.93,1.0,1.0,122.93,0.992,0,2.7,0,0,1,0,0,0,1,0,0,0,0,1,0,0,0,1,1
1,4.0,1,18.0,2.0,3,3,2,0,15.0,9.0,15.0,8.0,295.45,8.0,15.0,295.45,7.204,0,3.7,0,1,0,0,1,0,0,0,0,0,0,0,0,1,0,0,0
1,11.0,1,6.0,3.0,4,3,10,1,13.0,0.0,1.0,0.0,153.81,0.0,1.0,153.81,1.215,0,2.7,0,1,0,0,0,0,1,0,0,0,0,0,0,0,0,1,1
1,0.0,1,11.0,2.0,3,3,2,1,13.0,2.0,2.0,2.0,134.41,2.0,2.0,134.41,1.404,1,2.3,0,0,1,1,0,0,0,0,0,0,0,1,0,0,0,1,1
1,0.0,1,15.0,3.0,4,3,1,1,17.0,0.0,1.0,0.0,133.88,0.0,1.0,133.88,1.136,1,2.7,0,0,1,0,0,0,0,0,0,0,0,1,0,0,0,0,1
1,9.0,3,15.0,3.0,4,2,2,0,16.0,0.0,4.0,7.0,196.19,7.0,4.0,196.19,2.41,0,2.7,0,1,0,0,0,1,0,0,0,0,0,0,0,0,0,1,1
1,9.0,2,12.0,3.0,3,5,5,1,22.0,1.0,1.0,2.0,120.72999999999999,2.0,1.0,120.72999999999999,0.95,0,2.6,0,0,1,0,0,0,0,0,1,0,0,1,0,0,1,0,1
1,0.0,1,12.0,3.0,4,2,2,1,18.0,1.0,1.0,0.0,129.26,0.0,1.0,129.26,1.117,1,2.9,1,0,0,0,0,0,1,0,0,0,0,1,0,0,0,1,0
1,0.0,3,11.0,2.0,4,3,2,1,11.0,1.0,1.0,3.0,157.44,3.0,1.0,157.44,1.08,1,2.4,0,1,0,0,0,0,0,1,0,0,1,0,0,0,0,1,1
1,0.0,1,13.0,3.0,5,3,2,1,24.0,1.0,1.0,6.0,160.74,6.0,1.0,160.74,1.072,1,3.2,0,0,0,0,0,0,1,0,0,0,1,0,0,0,0,1,1
1,19.0,1,20.0,3.0,3,4,10,1,18.0,1.0,4.0,3.0,149.63,3.0,4.0,149.63,2.249,0,2.6,0,1,0,0,0,0,1,0,0,0,0,0,1,0,0,0,0
1,0.0,3,12.0,3.0,5,3,5,1,18.0,6.0,7.0,7.0,161.72,7.0,7.0,161.72,3.472,1,4.2,0,1,0,0,0,0,1,0,0,0,1,0,0,0,0,0,1
1,20.0,1,29.0,3.0,3,2,2,0,12.0,11.0,15.0,6.0,203.12,6.0,15.0,203.12,6.841,0,4.6,0,1,0,0,0,1,0,0,0,0,0,0,0,0,0,0,0
1,9.0,3,28.0,2.0,3,3,2,1,19.0,0.0,1.0,0.0,116.75,0.0,1.0,116.75,1.067,0,1.9,0,1,0,0,0,0,0,1,0,0,0,0,1,0,0,1,1
1,0.0,3,26.0,3.0,5,3,4,1,11.0,1.0,2.0,2.0,145.59,2.0,2.0,145.59,1.449,1,3.2,0,0,1,0,0,0,1,0,0,0,1,0,0,0,0,0,0
1,14.0,1,14.0,2.0,5,2,3,0,15.0,0.0,1.0,3.0,206.5,3.0,1.0,206.5,1.276,0,2.5,0,0,0,0,0,0,1,0,0,0,0,0,0,0,0,1,1
1,0.0,1,15.0,2.0,3,5,8,0,22.0,1.0,1.0,4.0,142.0,4.0,1.0,142.0,1.008,1,2.1,0,0,1,0,0,1,0,0,0,0,0,0,1,0,0,1,0
0,8.0,3,6.0,3.0,3,4,2,0,13.0,1.0,1.0,6.0,172.95,6.0,1.0,172.95,1.12,0,2.6,0,1,0,0,0,0,0,1,0,0,0,0,0,0,0,0,1
0,9.0,3,12.0,2.0,3,3,3,1,20.0,0.0,4.0,5.0,123.06,5.0,4.0,123.06,2.126,0,1.9,0,0,1,0,0,0,0,1,0,0,1,0,0,0,0,0,1
0,18.0,1,14.0,2.0,3,4,9,0,18.0,1.0,1.0,15.0,123.47999999999999,15.0,1.0,123.47999999999999,0.906,0,2.1,0,0,1,0,0,0,1,0,0,0,1,0,0,0,1,0,1
0,5.0,3,14.0,2.0,3,2,2,0,14.0,2.0,3.0,7.0,189.98,7.0,3.0,189.98,1.985,0,2.3,0,0,0,0,0,0,0,1,0,0,0,0,0,0,0,1,0
0,2.0,1,6.0,2.0,3,3,2,0,13.0,0.0,1.0,9.0,143.19,9.0,1.0,143.19,0.993,1,1.9,0,0,0,1,0,0,0,0,0,0,1,0,0,0,0,0,1
0,0.0,1,13.0,2.0,4,3,3,0,17.0,1.0,1.0,0.0,161.32,0.0,1.0,161.32,1.245,1,2.4,0,1,0,0,0,1,0,0,0,0,1,0,0,0,0,0,1
0,30.0,1,15.0,3.0,4,4,5,1,20.0,1.0,1.0,0.0,133.46,0.0,1.0,133.46,1.134,0,2.9,0,0,1,0,0,0,0,0,0,0,0,1,0,0,0,0,0
0,13.0,3,10.0,3.0,4,2,8,0,11.0,2.0,2.0,11.0,208.55,11.0,2.0,208.55,1.651,0,3.1,0,1,0,0,0,0,0,1,0,0,0,0,0,0,0,0,1
0,9.0,3,8.0,3.0,3,3,7,0,18.0,1.0,1.0,2.0,122.31,2.0,1.0,122.31,0.956,0,2.6,0,0,0,0,0,0,0,1,0,0,0,1,0,0,0,0,0
0,0.0,1,14.0,3.0,3,2,2,0,24.0,0.0,2.0,2.0,123.22999999999999,2.0,2.0,123.22999999999999,1.36,1,2.4,0,0,1,0,0,0,0,0,0,0,0,1,0,0,0,0,1
0,9.0,1,15.0,2.0,3,4,7,0,18.0,0.0,2.0,2.0,120.24000000000001,2.0,2.0,120.24000000000001,1.348,0,1.9,0,0,0,0,0,0,0,0,0,0,0,1,0,0,1,0,1
0,1.0,1,27.0,3.0,3,2,2,0,11.0,0.0,1.0,2.0,127.13,2.0,1.0,127.13,0.975,1,2.4,0,0,1,0,0,0,0,0,0,0,0,1,0,0,0,0,1
0,30.0,1,30.0,2.0,2,2,4,1,16.0,1.0,1.0,4.0,194.39,4.0,1.0,194.39,1.218,0,1.8,1,1,0,0,0,0,1,0,0,0,0,0,0,0,1,0,1
0,0.0,1,14.0,3.0,4,3,2,1,15.0,0.0,1.0,1.0,125.66,1.0,1.0,125.66,1.003,1,2.7,0,0,0,0,0,0,0,0,0,0,0,1,0,0,1,0,1
0,23.0,1,17.0,2.0,3,4,4,0,15.0,2.0,4.0,4.0,299.26,4.0,4.0,299.26,2.837,0,2.3,0,1,0,0,0,0,1,0,0,0,0,0,0,1,0,1,0
0,14.0,1,14.0,2.0,3,3,5,0,12.0,1.0,1.0,8.0,124.50999999999999,8.0,1.0,124.50999999999999,0.92,0,2.1,0,0,1,0,0,0,1,0,0,0,0,1,0,0,1,0,1
0,3.0,3,11.0,2.0,3,2,3,0,12.0,2.0,7.0,4.0,194.19,4.0,7.0,194.19,3.617,0,2.3,0,1,0,0,0,0,1,0,0,0,0,0,0,0,0,0,0
0,11.0,3,6.0,2.0,4,2,5,0,22.0,1.0,1.0,1.0,186.86,1.0,1.0,186.86,1.247,0,2.4,0,1,0,0,0,0,1,0,0,0,1,0,0,0,0,1,0
0,5.0,1,12.0,3.0,3,3,4,0,20.0,0.0,1.0,4.0,130.38,4.0,1.0,130.38,0.962,0,2.4,0,0,1,0,0,0,1,0,0,0,0,1,0,0,0,1,1
0,0.0,1,23.0,3.0,3,4,1,1,16.0,1.0,1.0,1.0,130.58,1.0,1.0,130.58,1.022,1,2.6,0,0,1,1,0,0,0,0,0,0,0,1,0,0,0,0,1
1,0.0,3,14.0,3.0,5,5,1,0,21.0,1.0,1.0,0.0,123.25,0.0,1.0,123.25,1.093,1,3.2,0,0,0,1,0,0,0,0,0,0,0,1,0,0,0,1,0
0,9.0,1,9.0,1.0,3,4,5,0,12.0,4.0,7.0,2.0,120.88,2.0,7.0,120.88,3.35,0,2.2,0,0,0,0,0,0,0,0,0,0,0,1,0,0,0,1,1
0,3.0,1,15.0,3.0,3,5,2,0,11.0,0.0,6.0,10.0,130.72,10.0,6.0,130.72,2.941,0,2.4,0,0,0,0,0,0,0,0,0,0,1,0,0,0,1,0,1
0,18.0,3,10.0,1.0,3,5,5,1,11.0,0.0,1.0,3.0,150.06,3.0,1.0,150.06,1.05,0,1.4,0,1,0,0,0,0,1,0,0,0,1,0,0,0,1,0,0
0,29.0,1,14.0,3.0,3,5,5,1,18.0,1.0,2.0,2.0,142.57,2.0,2.0,142.57,1.437,0,2.6,0,0,1,0,0,0,1,0,0,0,0,0,1,0,1,0,0
0,6.0,1,14.0,2.0,3,2,1,0,14.0,0.0,1.0,2.0,125.0,2.0,1.0,125.0,0.967,0,1.9,0,0,1,0,0,0,1,0,0,0,0,1,0,0,0,1,1
1,0.0,1,8.0,2.0,4,2,2,0,22.0,0.0,1.0,0.0,111.02000000000001,0.0,1.0,111.02000000000001,1.044,1,2.2,0,1,0,0,0,0,1,0,0,0,0,0,1,0,0,1,1
0,19.0,3,6.0,3.0,3,5,2,0,25.0,4.0,15.0,7.0,204.53,7.0,15.0,204.53,6.843,0,3.2,0,1,0,0,0,0,0,1,0,0,0,0,0,0,1,0,0
0,9.0,1,15.0,3.0,3,2,2,0,12.0,1.0,2.0,1.0,122.88,1.0,2.0,122.88,1.392,0,2.6,0,0,1,0,0,0,1,0,0,0,0,1,0,0,0,1,0
0,4.0,1,18.0,3.0,3,2,9,1,23.0,1.0,1.0,2.0,139.29,2.0,1.0,139.29,1.024,0,2.6,1,0,1,0,0,1,0,0,0,0,0,0,1,0,0,0,0
0,9.0,1,33.0,3.0,3,4,3,0,15.0,1.0,1.0,2.0,123.11000000000001,2.0,1.0,123.11000000000001,0.959,0,2.6,0,0,1,0,0,0,0,0,0,0,0,1,0,0,0,1,0
1,4.0,3,26.0,3.0,3,4,2,1,22.0,0.0,1.0,2.0,131.4,2.0,1.0,131.4,0.992,0,2.4,0,0,1,0,0,0,0,1,0,0,0,1,0,0,0,1,0
0,23.0,1,6.0,2.0,4,3,3,0,15.0,0.0,1.0,2.0,136.9,2.0,1.0,136.9,1.014,0,2.2,0,0,1,0,0,1,0,0,0,0,0,0,1,0,0,0,1
0,26.0,1,19.0,2.0,2,5,2,0,11.0,1.0,1.0,3.0,144.5,3.0,1.0,144.5,1.028,0,1.8,0,0,1,0,0,1,0,0,0,0,1,0,0,0,1,0,0
0,6.0,1,20.0,3.0,3,4,2,0,13.0,0.0,1.0,6.0,127.56,6.0,1.0,127.56,0.939,0,2.4,0,0,1,0,0,0,0,0,0,0,0,1,0,0,0,0,0
0,13.0,1,10.0,2.0,3,3,2,0,14.0,1.0,9.0,9.0,290.33,9.0,9.0,290.33,4.781,0,2.1,0,1,0,0,0,1,0,0,0,0,0,0,0,1,0,0,0
0,28.0,1,20.0,3.0,2,4,9,0,11.0,1.0,2.0,15.0,287.22,15.0,2.0,287.22,1.961,0,2.3,0,1,0,0,0,1,0,0,0,0,0,0,0,1,0,1,1
0,7.0,1,8.0,2.0,4,3,2,0,17.0,0.0,1.0,9.0,195.47,9.0,1.0,195.47,1.202,0,2.2,0,0,0,0,0,0,1,0,0,0,1,0,0,0,0,0,1
0,24.0,1,9.0,3.0,3,4,4,0,18.0,0.0,2.0,0.0,237.33999999999997,0.0,2.0,237.33999999999997,1.949,0,2.4,0,1,0,0,0,1,0,0,0,1,0,0,0,0,0,1,0
0,25.0,1,6.0,3.0,4,3,1,0,15.0,1.0,11.0,9.0,299.99,9.0,11.0,299.99,5.62,0,2.9,0,1,0,0,0,0,1,0,0,0,0,0,0,1,0,0,1
0,9.0,1,15.0,2.0,3,4,2,0,16.0,1.0,1.0,3.0,122.78999999999999,3.0,1.0,122.78999999999999,0.941,0,2.1,0,0,1,0,0,0,0,0,0,0,0,1,0,0,0,1,0
1,0.0,1,29.0,2.0,4,3,4,1,13.0,1.0,1.0,1.0,159.16,1.0,1.0,159.16,1.137,1,2.4,0,1,0,0,0,0,1,0,0,0,1,0,0,0,0,0,1
0,9.0,1,13.0,2.0,2,2,5,0,14.0,0.0,2.0,2.0,120.88999999999999,2.0,2.0,120.88999999999999,1.35,0,1.6,0,0,0,0,0,0,0,0,0,0,0,1,0,0,1,0,1
0,18.0,1,8.0,3.0,4,2,10,0,23.0,1.0,11.0,8.0,267.92,8.0,11.0,267.92,5.494,0,2.9,0,0,0,0,0,1,0,0,0,1,0,0,0,0,0,0,1
0,10.0,1,27.0,3.0,2,5,2,1,12.0,0.0,1.0,7.0,135.64,7.0,1.0,135.64,0.968,0,2.1,0,0,1,0,0,0,1,0,0,0,0,0,1,0,0,0,1
0,8.0,1,8.0,2.0,3,4,6,0,11.0,1.0,1.0,2.0,144.25,2.0,1.0,144.25,1.044,0,2.1,0,0,0,0,0,1,0,0,0,0,1,0,0,0,0,1,0
0,15.0,1,27.0,2.0,3,3,3,0,16.0,0.0,1.0,2.0,152.65,2.0,1.0,152.65,1.077,0,1.9,0,0,0,0,0,1,0,0,0,0,1,0,0,0,1,0,0
0,11.0,1,8.0,2.0,3,3,10,0,14.0,0.0,1.0,0.0,165.53,0.0,1.0,165.53,1.262,0,1.9,0,1,0,0,0,0,1,0,0,0,1,0,0,0,0,0,1
0,11.0,1,35.0,2.0,3,2,4,0,18.0,0.0,1.0,7.0,162.61,7.0,1.0,162.61,1.075,0,1.9,0,1,0,1,0,0,0,0,0,0,1,0,0,0,0,0,1
0,0.0,1,6.0,2.0,4,5,6,0,19.0,0.0,2.0,0.0,142.98,0.0,2.0,142.98,1.572,1,2.2,0,0,0,1,0,0,0,0,0,0,1,0,0,0,0,0,1
0,22.0,1,24.0,3.0,3,2,2,1,15.0,0.0,1.0,7.0,168.04,7.0,1.0,168.04,1.097,0,2.4,1,0,0,0,0,0,1,0,0,0,1,0,0,0,1,0,1
0,7.0,1,16.0,2.0,3,3,2,1,17.0,2.0,2.0,0.0,138.15,0.0,2.0,138.15,1.553,0,2.3,0,0,0,0,0,1,0,0,0,0,0,0,1,0,1,0,1
0,13.0,1,25.0,3.0,3,2,9,1,15.0,1.0,3.0,7.0,127.41,7.0,3.0,127.41,1.735,0,2.6,1,0,1,0,0,0,0,0,0,0,1,0,0,0,0,0,1
1,1.0,1,35.0,3.0,3,5,8,1,19.0,0.0,1.0,0.0,166.73,0.0,1.0,166.73,1.267,1,2.4,0,1,0,0,0,1,0,0,0,0,1,0,0,0,0,0,1
1,0.0,3,33.0,2.0,3,2,2,0,22.0,1.0,1.0,9.0,176.39,9.0,1.0,176.39,1.126,1,2.1,0,1,0,0,0,0,0,1,0,0,0,0,0,0,0,0,0
0,0.0,1,14.0,2.0,2,4,2,1,16.0,0.0,2.0,2.0,123.28,2.0,2.0,123.28,1.36,1,1.6,0,0,1,0,0,0,1,0,0,0,0,1,0,0,1,0,1
0,9.0,1,24.0,3.0,3,2,2,0,13.0,1.0,1.0,7.0,121.53,7.0,1.0,121.53,0.911,0,2.6,0,0,0,0,0,0,0,0,0,0,0,1,0,0,0,1,0
0,13.0,1,15.0,3.0,4,2,10,0,14.0,1.0,1.0,2.0,148.76,2.0,1.0,148.76,1.062,0,2.9,0,0,0,0,0,0,1,0,0,0,1,0,0,0,0,0,1
0,19.0,1,6.0,3.0,3,5,8,0,16.0,0.0,1.0,3.0,193.96,3.0,1.0,193.96,1.226,0,2.4,0,1,0,0,0,1,0,0,0,0,0,0,0,0,1,0,1
1,0.0,3,10.0,2.0,5,2,2,0,11.0,7.0,9.0,8.0,204.0,8.0,9.0,204.0,4.438,1,3.9,0,1,0,0,0,1,0,0,0,0,0,0,0,0,0,0,1
0,3.0,1,6.0,2.0,4,3,2,0,22.0,2.0,5.0,8.0,184.74,8.0,5.0,184.74,2.761,0,2.6,0,0,0,0,0,0,1,0,0,0,0,0,0,0,0,1,1
0,0.0,3,26.0,2.0,3,3,2,0,14.0,1.0,1.0,7.0,199.81,7.0,1.0,199.81,1.224,1,2.1,0,0,0,0,0,0,1,0,0,0,1,0,0,0,0,1,0
0,24.0,1,14.0,2.0,4,4,6,0,16.0,1.0,4.0,3.0,224.89999999999998,3.0,4.0,224.89999999999998,2.55,0,2.4,0,1,0,0,0,0,1,0,0,0,0,0,0,0,0,0,1
1,0.0,1,14.0,2.0,3,5,6,1,11.0,1.0,1.0,4.0,126.57,4.0,1.0,126.57,0.946,1,2.1,0,0,1,1,0,0,0,0,0,0,0,1,0,0,0,1,0
0,14.0,3,12.0,3.0,3,2,4,1,18.0,0.0,2.0,0.0,235.91000000000003,0.0,2.0,235.91000000000003,1.944,0,2.4,1,1,0,0,0,0,1,0,0,0,0,0,0,0,0,1,0
1,0.0,3,32.0,2.0,4,5,6,0,15.0,0.0,1.0,1.0,166.96,1.0,1.0,166.96,1.168,1,2.2,0,0,0,0,0,0,0,1,0,0,1,0,0,0,0,1,0
1,9.0,1,6.0,2.0,3,3,1,0,14.0,0.0,1.0,5.0,120.58000000000001,5.0,1.0,120.58000000000001,0.916,0,1.9,0,0,1,0,1,0,0,0,0,0,0,1,0,0,0,1,1
0,18.0,3,12.0,2.0,4,2,7,0,12.0,12.0,12.0,8.0,188.65,8.0,12.0,188.65,5.577,0,4.6,0,0,0,0,0,1,0,0,0,0,0,0,0,0,0,1,0
0,27.0,3,9.0,2.0,3,5,3,0,14.0,1.0,1.0,5.0,159.4,5.0,1.0,159.4,1.071,0,2.1,0,1,0,0,0,0,0,1,0,0,1,0,0,0,0,0,0
0,9.0,1,11.0,3.0,3,4,9,0,16.0,0.0,3.0,7.0,159.14,7.0,3.0,159.14,1.862,0,2.4,0,1,0,0,0,0,1,0,0,0,1,0,0,0,0,1,1
0,6.0,1,14.0,2.0,4,4,7,0,21.0,0.0,1.0,1.0,126.22,1.0,1.0,126.22,1.005,0,2.2,0,0,1,0,0,0,0,0,0,0,0,1,0,0,0,0,0
0,10.0,1,17.0,2.0,3,2,2,1,14.0,0.0,1.0,3.0,221.85000000000002,3.0,1.0,221.85000000000002,1.337,0,1.9,1,0,0,0,0,0,0,0,1,0,0,0,0,0,1,0,1
0,11.0,3,9.0,3.0,3,3,1,0,12.0,1.0,5.0,13.0,206.08999999999997,13.0,5.0,206.08999999999997,2.839,0,2.6,0,1,0,0,0,0,1,0,0,0,0,0,0,0,1,0,1
0,4.0,1,6.0,2.0,5,3,1,0,12.0,1.0,1.0,4.0,143.45,4.0,1.0,143.45,1.014,0,2.7,0,0,0,0,0,1,0,0,0,0,1,0,0,0,0,0,1
0,9.0,1,9.0,3.0,4,2,4,0,17.0,0.0,1.0,0.0,121.77000000000001,0.0,1.0,121.77000000000001,1.087,0,2.7,0,0,1,0,0,0,1,0,0,0,0,1,0,0,0,0,1
0,10.0,3,10.0,2.0,3,2,5,0,17.0,1.0,5.0,8.0,0.0,8.0,5.0,0.0,2.022,0,2.1,0,0,0,0,0,0,0,1,0,0,0,0,1,0,1,0,1
0,2.0,3,6.0,2.0,3,2,2,0,14.0,4.0,4.0,1.0,179.18,1.0,4.0,179.18,2.417,1,2.7,0,0,0,0,0,1,0,0,0,0,0,0,0,0,0,0,0
0,8.0,3,6.0,3.0,3,3,2,0,14.0,1.0,1.0,8.0,187.89,8.0,1.0,187.89,1.174,0,2.6,0,0,0,0,0,0,0,1,0,0,0,0,0,0,0,1,0
1,0.0,1,14.0,2.0,4,2,2,1,13.0,0.0,1.0,1.0,123.88999999999999,1.0,1.0,123.88999999999999,0.996,1,2.2,1,0,1,0,0,0,0,0,0,0,0,1,0,0,0,1,1
0,25.0,1,8.0,2.0,4,2,8,0,15.0,0.0,2.0,2.0,132.12,2.0,2.0,132.12,1.395,0,2.2,0,0,1,0,0,0,1,0,0,0,0,1,0,0,0,1,0
0,15.0,1,10.0,2.0,3,2,2,0,15.0,0.0,11.0,15.0,292.32,15.0,11.0,292.32,5.582,0,1.9,0,1,0,0,1,0,0,0,0,0,0,0,0,1,0,0,1
0,9.0,2,12.0,2.0,3,3,9,0,17.0,2.0,2.0,2.0,122.66999999999999,2.0,2.0,122.66999999999999,1.357,0,2.3,0,0,1,0,0,0,0,0,0,0,0,1,0,0,0,0,1
0,23.0,3,6.0,3.0,3,2,4,0,15.0,1.0,1.0,6.0,295.17,6.0,1.0,295.17,1.609,0,2.6,0,1,0,0,0,1,0,0,0,0,0,0,0,1,1,0,0
1,0.0,1,14.0,2.0,3,2,6,1,13.0,0.0,1.0,4.0,124.36000000000001,4.0,1.0,124.36000000000001,0.937,1,1.9,1,0,1,0,0,0,0,0,0,0,0,1,0,0,0,0,1
0,16.0,3,22.0,3.0,3,2,6,1,22.0,0.0,2.0,9.0,260.64,9.0,2.0,260.64,1.863,0,2.4,1,1,0,0,0,0,0,1,0,1,0,0,0,0,0,0,0
1,0.0,1,8.0,3.0,3,5,8,0,20.0,1.0,1.0,7.0,127.07,7.0,1.0,127.07,0.933,1,2.6,0,0,1,0,0,0,1,0,0,0,0,1,0,0,0,0,0
0,25.0,3,8.0,3.0,4,3,2,1,18.0,1.0,15.0,12.0,290.68,12.0,15.0,290.68,7.178,0,2.9,0,0,0,0,0,0,1,0,0,0,0,0,0,1,0,1,1
0,5.0,3,10.0,2.0,3,4,3,0,11.0,1.0,1.0,2.0,139.31,2.0,1.0,139.31,1.024,0,2.1,0,0,1,0,0,0,1,0,0,0,0,0,1,0,0,0,0
1,0.0,1,6.0,3.0,4,3,1,1,14.0,1.0,1.0,2.0,137.3,2.0,1.0,137.3,1.016,1,2.9,0,0,1,0,0,0,1,0,0,0,0,0,1,0,0,1,1
0,9.0,1,6.0,3.0,3,3,8,0,14.0,0.0,1.0,2.0,122.32,2.0,1.0,122.32,0.956,0,2.4,0,0,1,0,0,0,0,0,0,0,0,1,0,0,1,0,0
0,5.0,3,32.0,3.0,3,2,1,0,18.0,1.0,2.0,2.0,144.65,2.0,2.0,144.65,1.445,0,2.6,0,0,0,0,0,0,0,1,0,0,1,0,0,0,0,0,1
0,14.0,1,25.0,3.0,3,5,3,0,16.0,1.0,1.0,0.0,130.72,0.0,1.0,130.72,1.123,0,2.6,0,0,1,0,0,0,1,0,0,0,1,0,0,0,1,0,1
0,13.0,1,30.0,3.0,3,2,2,0,17.0,2.0,4.0,7.0,133.19,7.0,4.0,133.19,2.158,0,2.8,0,0,1,1,0,0,0,0,0,0,1,0,0,0,1,0,1
0,18.0,1,6.0,3.0,2,2,1,0,15.0,1.0,1.0,7.0,292.02,7.0,1.0,292.02,1.593,0,2.3,0,1,0,0,0,0,0,0,1,0,0,0,0,1,0,0,1
0,4.0,1,9.0,3.0,3,3,10,0,12.0,1.0,2.0,2.0,236.75,2.0,2.0,236.75,1.814,0,2.6,0,0,0,0,0,1,0,0,0,0,0,0,0,0,1,0,1
0,6.0,1,11.0,3.0,4,2,2,0,13.0,0.0,1.0,2.0,129.11,2.0,1.0,129.11,0.983,0,2.7,0,0,1,0,0,0,1,0,0,0,0,1,0,0,0,0,0
0,7.0,1,8.0,2.0,4,5,7,0,13.0,0.0,5.0,9.0,159.57,9.0,5.0,159.57,2.658,0,2.2,0,1,0,0,0,0,1,0,0,0,1,0,0,0,0,0,1
0,10.0,1,6.0,2.0,4,5,3,0,14.0,1.0,1.0,2.0,139.2,2.0,1.0,139.2,1.023,0,2.4,0,0,1,0,0,1,0,0,0,0,0,0,1,0,0,0,0
0,18.0,1,13.0,3.0,2,3,5,0,17.0,0.0,1.0,2.0,164.34,2.0,1.0,164.34,1.124,0,2.1,0,0,0,0,0,0,1,0,0,0,1,0,0,0,0,0,1
1,0.0,1,16.0,3.0,3,3,7,0,11.0,1.0,1.0,0.0,200.48,0.0,1.0,200.48,1.402,1,2.6,0,0,0,0,0,1,0,0,0,0,0,0,0,0,1,0,1
0,12.0,1,8.0,3.0,3,3,1,0,25.0,10.0,11.0,3.0,209.38,3.0,11.0,209.38,5.288,0,4.4,0,0,0,0,1,0,0,0,0,0,0,0,0,0,0,1,0
0,2.0,1,14.0,2.0,3,2,2,0,19.0,0.0,1.0,5.0,123.4,5.0,1.0,123.4,0.927,1,1.9,0,0,1,0,0,0,1,0,0,0,0,1,0,0,0,1,1
0,15.0,1,23.0,2.0,2,5,4,1,13.0,0.0,1.0,2.0,165.45,2.0,1.0,165.45,1.128,0,1.6,0,1,0,0,0,0,1,0,0,0,1,0,0,0,0,1,0
0,2.0,3,26.0,2.0,3,2,3,0,14.0,1.0,1.0,2.0,169.31,2.0,1.0,169.31,1.144,1,2.1,0,1,0,0,0,0,0,1,0,0,1,0,0,0,1,0,1
0,0.0,1,6.0,3.0,3,3,1,0,12.0,1.0,1.0,2.0,148.98,2.0,1.0,148.98,1.063,1,2.6,0,0,1,0,0,0,1,0,0,0,1,0,0,0,0,0,0
0,15.0,1,14.0,2.0,4,5,1,1,11.0,4.0,7.0,8.0,125.93,8.0,7.0,125.93,3.326,0,3.0,0,0,1,0,0,0,0,0,0,0,0,1,0,0,1,0,0
0,13.0,1,8.0,2.0,3,3,1,0,15.0,0.0,3.0,9.0,294.36,9.0,3.0,294.36,2.397,0,1.9,0,1,0,0,0,1,0,0,0,0,0,0,0,1,1,0,1
0,24.0,1,6.0,3.0,3,2,2,0,11.0,1.0,1.0,0.0,127.22999999999999,0.0,1.0,127.22999999999999,1.109,0,2.6,0,0,1,0,0,0,1,0,0,0,0,1,0,0,0,0,1
1,0.0,1,35.0,3.0,4,4,1,0,11.0,1.0,1.0,4.0,134.79,4.0,1.0,134.79,0.979,1,2.9,0,0,0,0,0,0,0,0,0,0,0,1,0,0,0,1,1
0,5.0,1,13.0,3.0,2,4,2,0,20.0,0.0,1.0,3.0,127.94,3.0,1.0,127.94,0.962,0,2.1,0,0,0,0,0,0,1,0,0,0,0,1,0,0,0,0,1
0,11.0,3,8.0,2.0,4,2,4,0,18.0,6.0,7.0,5.0,152.49,5.0,7.0,152.49,3.443,0,3.4,0,0,0,0,0,0,1,0,0,0,1,0,0,0,0,0,1
0,9.0,1,8.0,2.0,4,5,5,0,13.0,0.0,1.0,4.0,121.75999999999999,4.0,1.0,121.75999999999999,0.927,0,2.2,0,0,1,0,1,0,0,0,0,0,1,0,0,0,0,1,1
0,19.0,3,8.0,3.0,5,4,4,1,12.0,1.0,7.0,7.0,268.72,7.0,7.0,268.72,3.9,0,3.2,0,1,0,0,1,0,0,0,0,1,0,0,0,0,0,0,0
1,0.0,1,8.0,3.0,3,3,3,0,11.0,1.0,1.0,0.0,134.85,0.0,1.0,134.85,1.139,1,2.6,0,0,1,0,0,0,1,0,0,0,0,1,0,0,0,1,1
0,2.0,3,8.0,3.0,4,4,3,0,19.0,0.0,1.0,0.0,166.44,0.0,1.0,166.44,1.266,1,2.7,0,1,0,0,0,1,0,0,0,0,1,0,0,0,0,0,1
0,4.0,1,29.0,3.0,4,2,1,0,21.0,1.0,7.0,8.0,155.82,8.0,7.0,155.82,3.446,0,2.9,0,1,0,0,0,1,0,0,0,0,1,0,0,0,0,0,1
0,0.0,1,11.0,2.0,2,5,2,0,12.0,1.0,1.0,5.0,140.0,5.0,1.0,140.0,0.993,1,1.8,0,0,0,0,0,0,1,0,0,0,1,0,0,0,1,0,1
0,18.0,1,26.0,3.0,3,2,1,1,14.0,0.0,2.0,10.0,234.95999999999998,10.0,2.0,234.95999999999998,1.758,0,2.4,1,1,0,0,0,1,0,0,0,1,0,0,0,0,0,0,1
0,9.0,1,12.0,2.0,3,2,1,0,11.0,4.0,10.0,11.0,132.1,11.0,10.0,132.1,4.545,0,2.7,0,0,1,0,0,0,1,0,0,0,0,1,0,0,0,0,1
0,28.0,1,6.0,2.0,3,5,1,1,14.0,1.0,4.0,13.0,290.45,13.0,4.0,290.45,2.776,0,2.1,0,1,0,0,0,1,0,0,0,0,0,0,0,1,0,1,1
1,10.0,1,35.0,2.0,3,4,2,1,12.0,5.0,9.0,3.0,218.49,3.0,9.0,218.49,4.524,0,2.9,0,0,0,0,0,0,1,0,0,0,0,0,0,0,0,0,1
0,9.0,1,15.0,3.0,3,2,2,0,23.0,1.0,1.0,4.0,120.69999999999999,4.0,1.0,120.69999999999999,0.923,0,2.6,0,0,1,0,0,0,0,0,0,0,0,1,0,0,0,0,1
0,10.0,3,12.0,3.0,3,2,5,0,14.0,0.0,1.0,1.0,165.02,1.0,1.0,165.02,1.16,0,2.4,0,1,0,0,0,1,0,0,0,0,1,0,0,0,0,0,1
0,0.0,1,9.0,3.0,4,3,2,0,17.0,1.0,1.0,0.0,132.3,0.0,1.0,132.3,1.129,1,2.9,0,0,1,0,0,0,0,0,0,0,0,1,0,0,0,1,1
0,10.0,1,6.0,0.0,3,2,3,1,18.0,0.0,2.0,2.0,236.02999999999997,2.0,2.0,236.02999999999997,1.811,0,0.9,1,0,0,0,0,1,0,0,0,0,0,0,0,0,1,0,0
0,2.0,1,28.0,3.0,2,4,8,0,18.0,5.0,6.0,3.0,219.95999999999998,3.0,6.0,219.95999999999998,3.33,1,3.1,0,1,0,0,0,0,1,0,0,0,0,0,0,0,1,0,0
0,11.0,3,13.0,2.0,2,5,2,1,24.0,0.0,7.0,7.0,156.05,7.0,7.0,156.05,3.449,0,1.6,0,1,0,0,0,1,0,0,0,0,1,0,0,0,1,0,0
0,0.0,1,6.0,2.0,3,4,2,0,20.0,0.0,1.0,4.0,163.97,4.0,1.0,163.97,1.096,1,1.9,0,0,0,0,0,0,1,0,0,0,1,0,0,0,1,0,0
0,23.0,1,10.0,3.0,3,4,4,0,14.0,1.0,1.0,6.0,291.44,6.0,1.0,291.44,1.594,0,2.6,0,1,0,0,0,0,1,0,0,0,0,0,0,1,1,0,1
0,26.0,1,9.0,2.0,3,3,4,1,16.0,1.0,1.0,3.0,275.84,3.0,1.0,275.84,1.553,0,2.1,0,1,0,0,0,1,0,0,0,1,0,0,0,0,0,0,1
0,15.0,3,6.0,2.0,3,3,2,0,25.0,4.0,11.0,6.0,149.07,6.0,11.0,149.07,5.025,0,2.7,0,0,1,0,0,0,1,0,0,0,1,0,0,0,0,0,1
0,2.0,3,8.0,2.0,3,2,2,0,18.0,0.0,1.0,9.0,145.54,9.0,1.0,145.54,1.002,1,1.9,0,0,0,0,0,0,1,0,0,0,1,0,0,0,0,1,1
0,28.0,1,26.0,2.0,3,2,4,1,19.0,1.0,1.0,8.0,154.15,8.0,1.0,154.15,1.039,0,2.1,1,1,0,1,0,0,0,0,0,0,1,0,0,0,0,0,1
0,0.0,1,17.0,2.0,3,5,2,1,13.0,2.0,3.0,3.0,147.41,3.0,3.0,147.41,1.84,1,2.3,0,0,0,0,0,1,0,0,0,0,1,0,0,0,0,0,1
0,9.0,1,6.0,2.0,3,2,2,0,12.0,1.0,5.0,7.0,121.15,7.0,5.0,121.15,2.51,0,2.1,0,0,1,0,0,0,1,0,0,0,0,1,0,0,0,1,0
1,7.0,1,30.0,3.0,3,3,4,1,22.0,0.0,1.0,0.0,131.61,0.0,1.0,131.61,1.126,0,2.4,0,0,0,0,0,0,1,0,0,0,0,1,0,0,1,0,1
0,11.0,1,29.0,2.0,3,2,10,0,14.0,0.0,1.0,2.0,157.45,2.0,1.0,157.45,1.096,0,1.9,0,1,0,0,0,0,1,0,0,0,1,0,0,0,1,0,1
1,0.0,1,14.0,2.0,3,4,3,1,13.0,1.0,1.0,2.0,123.72999999999999,2.0,1.0,123.72999999999999,0.962,1,2.1,0,0,1,0,0,0,0,0,0,0,0,1,0,0,1,0,1
0,1.0,1,14.0,3.0,3,2,2,0,21.0,0.0,1.0,2.0,133.1,2.0,1.0,133.1,0.999,1,2.4,0,0,1,0,0,0,1,0,0,0,0,1,0,0,0,1,0
0,22.0,1,16.0,2.0,3,5,10,1,11.0,1.0,1.0,2.0,286.65,2.0,1.0,286.65,1.613,0,2.1,0,0,0,0,0,0,1,0,0,0,0,0,0,1,0,1,0
0,9.0,1,9.0,1.0,3,4,5,0,12.0,6.0,7.0,7.0,144.85,7.0,7.0,144.85,3.404,0,2.6,0,0,1,1,0,0,0,0,0,0,1,0,0,0,0,1,1
0,4.0,3,11.0,3.0,3,4,2,0,11.0,0.0,2.0,2.0,127.88999999999999,2.0,2.0,127.88999999999999,1.378,0,2.4,0,0,0,0,0,0,0,1,0,0,0,1,0,0,1,0,0
1,0.0,3,10.0,2.0,4,2,2,1,12.0,7.0,7.0,4.0,158.28,4.0,7.0,158.28,3.473,1,3.6,1,1,0,0,0,0,0,1,0,0,1,0,0,0,0,1,1
0,10.0,1,14.0,2.0,3,2,2,1,12.0,0.0,1.0,2.0,123.25999999999999,2.0,1.0,123.25999999999999,0.96,0,1.9,1,0,0,0,0,0,0,0,0,0,0,1,0,0,0,0,1
0,15.0,3,32.0,3.0,3,4,6,0,14.0,2.0,2.0,8.0,235.25,8.0,2.0,235.25,1.763,0,2.8,0,0,0,0,0,0,0,1,0,1,0,0,0,0,0,0,0
1,9.0,1,9.0,2.0,3,3,2,0,13.0,0.0,1.0,0.0,114.19999999999999,0.0,1.0,114.19999999999999,1.057,0,1.9,0,1,0,0,0,0,1,0,0,0,0,0,1,0,0,1,1
0,8.0,3,22.0,3.0,3,4,1,0,15.0,3.0,6.0,9.0,180.2,9.0,6.0,180.2,3.141,0,3.0,0,1,0,0,0,0,0,1,0,0,0,0,0,0,0,0,1
0,9.0,1,24.0,2.0,2,2,5,0,18.0,0.0,1.0,0.0,136.88,0.0,1.0,136.88,1.148,0,1.6,0,0,0,0,0,0,1,0,0,0,0,0,1,0,0,0,1
0,24.0,1,8.0,2.0,5,4,6,0,18.0,0.0,1.0,2.0,154.82,2.0,1.0,154.82,1.086,0,2.5,0,1,0,0,0,1,0,0,0,0,1,0,0,0,1,0,1
0,14.0,3,8.0,2.0,3,4,2,0,19.0,1.0,2.0,4.0,260.15,4.0,2.0,260.15,1.881,0,2.1,0,1,0,0,0,0,1,0,0,1,0,0,0,0,0,1,1
0,0.0,3,16.0,3.0,4,3,2,0,12.0,1.0,1.0,0.0,112.0,0.0,1.0,112.0,1.048,1,2.9,0,1,0,0,0,1,0,0,0,0,0,0,1,0,0,1,0
0,1.0,1,22.0,3.0,2,5,1,0,19.0,0.0,1.0,7.0,156.61,7.0,1.0,156.61,1.051,1,2.1,0,1,0,0,0,1,0,0,0,0,1,0,0,0,0,1,1
0,4.0,3,13.0,3.0,2,2,5,0,11.0,3.0,7.0,7.0,169.29,7.0,7.0,169.29,3.502,0,2.7,0,1,0,1,0,0,0,0,0,0,1,0,0,0,0,0,1
0,12.0,1,6.0,2.0,2,2,1,0,17.0,3.0,3.0,7.0,196.13,7.0,3.0,196.13,2.01,0,2.2,0,1,0,0,0,1,0,0,0,0,0,0,0,0,1,0,1
0,9.0,1,30.0,2.0,3,4,8,0,15.0,0.0,1.0,8.0,156.74,8.0,1.0,156.74,1.049,0,1.9,0,0,0,0,0,0,1,0,0,0,1,0,0,0,0,0,0
0,5.0,3,13.0,3.0,4,3,2,0,14.0,1.0,4.0,8.0,154.84,8.0,4.0,154.84,2.242,0,2.9,0,1,0,0,0,0,1,0,0,0,1,0,0,0,0,0,1
0,11.0,1,31.0,2.0,4,4,4,0,17.0,1.0,1.0,3.0,220.61,3.0,1.0,220.61,1.332,0,2.4,0,1,0,0,0,0,1,0,0,0,0,0,0,0,0,0,0
0,30.0,1,6.0,2.0,5,3,3,1,13.0,1.0,1.0,2.0,156.6,2.0,1.0,156.6,1.093,0,2.7,0,0,0,0,0,0,1,0,0,0,1,0,0,0,1,0,1
0,4.0,1,11.0,2.0,3,2,1,1,12.0,0.0,1.0,3.0,148.21,3.0,1.0,148.21,1.043,0,1.9,1,0,1,1,0,0,0,0,0,0,0,0,1,0,0,0,1
0,4.0,2,8.0,3.0,4,5,4,0,12.0,0.0,1.0,0.0,164.1,0.0,1.0,164.1,1.256,0,2.7,0,1,0,0,0,0,0,0,1,0,1,0,0,0,0,0,1
0,18.0,1,13.0,3.0,3,5,2,0,18.0,5.0,9.0,11.0,152.1,11.0,9.0,152.1,4.225,0,3.4,0,0,0,0,0,0,1,0,0,0,0,0,0,0,1,0,1
0,4.0,1,8.0,3.0,3,2,1,1,18.0,1.0,2.0,2.0,126.94999999999999,2.0,2.0,126.94999999999999,1.374,0,2.6,1,0,1,0,0,0,1,0,0,0,0,1,0,0,1,0,1
0,6.0,1,11.0,3.0,3,4,7,0,11.0,2.0,8.0,3.0,218.77999999999997,3.0,8.0,218.77999999999997,4.125,0,2.8,0,0,0,0,0,0,1,0,0,0,0,0,0,0,0,0,0
0,12.0,1,16.0,2.0,3,5,2,1,14.0,1.0,11.0,10.0,270.68,10.0,11.0,270.68,5.501,0,2.1,0,1,0,0,0,1,0,0,0,1,0,0,0,0,0,0,1
0,16.0,1,14.0,2.0,3,2,1,0,19.0,0.0,1.0,7.0,124.55000000000001,7.0,1.0,124.55000000000001,0.923,0,1.9,0,0,0,0,0,0,1,0,0,0,0,1,0,0,0,1,0
0,22.0,1,6.0,2.0,4,3,8,1,12.0,1.0,2.0,7.0,239.64,7.0,2.0,239.64,1.784,0,2.4,0,1,0,0,1,0,0,0,0,1,0,0,0,0,0,1,0
1,15.0,1,14.0,2.0,4,4,3,0,15.0,7.0,7.0,7.0,149.41,7.0,7.0,149.41,3.423,0,3.6,0,0,1,0,0,1,0,0,0,0,1,0,0,0,0,0,1
0,0.0,1,14.0,2.0,3,4,2,1,12.0,0.0,1.0,2.0,124.78,2.0,1.0,124.78,0.966,1,1.9,0,0,1,0,0,0,1,0,0,0,0,1,0,0,0,1,0
0,5.0,3,14.0,3.0,4,4,2,1,11.0,6.0,11.0,9.0,152.28,9.0,11.0,152.28,5.029,0,3.9,0,1,0,1,0,0,0,0,0,0,1,0,0,0,0,0,0
0,0.0,3,8.0,3.0,3,3,2,1,11.0,1.0,1.0,4.0,144.78,4.0,1.0,144.78,1.019,1,2.6,0,0,1,0,0,0,1,0,0,0,1,0,0,0,0,1,1
0,4.0,3,13.0,3.0,3,2,5,0,12.0,0.0,1.0,7.0,175.47,7.0,1.0,175.47,1.127,0,2.4,0,1,0,0,0,0,0,1,0,0,1,0,0,0,1,0,1
0,5.0,1,8.0,3.0,2,2,8,0,16.0,1.0,1.0,7.0,150.55,7.0,1.0,150.55,1.027,0,2.3,0,1,0,0,0,1,0,0,0,0,1,0,0,0,0,1,0
1,0.0,1,8.0,2.0,5,2,6,1,13.0,2.0,2.0,2.0,134.64,2.0,2.0,134.64,1.405,1,2.9,1,0,1,0,0,0,0,0,0,0,0,1,0,0,0,0,1
0,3.0,1,34.0,3.0,3,2,2,0,13.0,0.0,1.0,9.0,157.75,9.0,1.0,157.75,1.051,0,2.4,0,1,0,0,0,1,0,0,0,0,1,0,0,0,0,0,0
0,4.0,1,13.0,2.0,4,3,2,0,24.0,3.0,8.0,9.0,189.43,9.0,8.0,189.43,3.978,0,2.8,0,0,0,0,0,0,1,0,0,0,0,0,0,0,0,0,0
0,12.0,1,5.0,2.0,4,2,2,0,15.0,9.0,13.0,3.0,292.72,3.0,13.0,292.72,6.421,0,4.0,0,0,0,0,0,1,0,0,0,0,0,0,0,1,0,0,1
1,2.0,3,9.0,2.0,3,3,5,1,18.0,1.0,1.0,0.0,152.38,0.0,1.0,152.38,1.21,1,2.1,0,1,0,0,0,1,0,0,0,0,1,0,0,0,0,0,0
0,6.0,3,16.0,2.0,4,2,4,0,14.0,1.0,1.0,1.0,146.82,1.0,1.0,146.82,1.087,0,2.4,0,0,0,0,0,0,0,1,0,0,1,0,0,0,0,1,1
0,20.0,1,11.0,2.0,3,3,5,0,11.0,1.0,1.0,1.0,283.0,1.0,1.0,283.0,1.632,0,2.1,0,1,0,0,0,0,1,0,0,0,0,0,0,1,0,0,1
0,16.0,1,16.0,2.0,4,3,2,0,11.0,0.0,1.0,0.0,152.57,0.0,1.0,152.57,1.21,0,2.2,0,0,0,0,0,0,1,0,0,0,1,0,0,0,1,0,0
0,0.0,3,6.0,3.0,3,4,1,1,13.0,0.0,1.0,4.0,163.49,4.0,1.0,163.49,1.094,1,2.4,0,0,0,0,0,0,0,1,0,0,1,0,0,0,0,0,1
0,27.0,1,26.0,2.0,3,3,4,0,12.0,1.0,1.0,3.0,148.69,3.0,1.0,148.69,1.045,0,2.1,0,0,0,0,0,0,1,0,0,0,1,0,0,0,0,1,0
0,16.0,1,13.0,2.0,3,5,9,0,16.0,1.0,1.0,0.0,199.85,0.0,1.0,199.85,1.399,0,2.1,0,1,0,0,0,0,1,0,0,0,0,0,0,0,0,0,0
0,18.0,1,14.0,3.0,3,2,10,0,14.0,7.0,9.0,8.0,136.97,8.0,9.0,136.97,4.17,0,3.8,0,0,1,0,0,0,0,0,1,0,1,0,0,0,0,0,1
0,13.0,3,6.0,2.0,5,2,3,1,22.0,1.0,1.0,2.0,174.57,2.0,1.0,174.57,1.165,0,2.7,1,1,0,0,0,1,0,0,0,0,1,0,0,0,0,0,1
1,9.0,1,14.0,3.0,5,5,2,1,11.0,1.0,1.0,7.0,121.19,7.0,1.0,121.19,0.91,0,3.2,0,0,1,0,0,0,0,0,1,0,0,1,0,0,0,0,1
0,2.0,1,15.0,1.0,4,2,1,0,17.0,2.0,2.0,2.0,139.83,2.0,2.0,139.83,1.426,1,2.1,0,0,1,0,0,0,0,0,1,0,0,0,1,0,0,1,1
0,3.0,3,11.0,1.0,4,3,2,0,13.0,0.0,1.0,2.0,161.18,2.0,1.0,161.18,1.111,0,1.7,0,1,0,0,0,0,0,1,0,0,1,0,0,0,1,0,0
0,0.0,3,14.0,2.0,3,4,2,0,18.0,0.0,1.0,7.0,162.14,7.0,1.0,162.14,1.074,1,1.9,0,1,0,0,0,0,0,1,0,0,1,0,0,0,0,0,0
0,10.0,1,11.0,3.0,3,2,8,0,16.0,0.0,1.0,4.0,163.47,4.0,1.0,163.47,1.094,0,2.4,0,1,0,0,0,1,0,0,0,0,1,0,0,0,1,0,1
0,11.0,1,21.0,3.0,4,2,1,1,14.0,1.0,2.0,3.0,215.10000000000002,3.0,2.0,215.10000000000002,1.71,0,2.9,1,1,0,0,0,0,1,0,0,0,0,0,0,0,1,0,1
0,4.0,1,13.0,2.0,3,2,2,1,14.0,2.0,4.0,10.0,171.43,10.0,4.0,171.43,2.304,0,2.3,1,1,0,0,0,1,0,0,0,0,0,0,0,0,0,1,0
0,2.0,3,16.0,2.0,4,4,2,1,14.0,0.0,1.0,7.0,182.68,7.0,1.0,182.68,1.156,1,2.2,0,1,0,0,0,0,0,1,0,0,1,0,0,0,1,0,0
0,8.0,1,11.0,3.0,3,4,1,0,13.0,0.0,1.0,13.0,180.95,13.0,1.0,180.95,1.138,0,2.4,0,1,0,1,0,0,0,0,0,0,0,0,0,0,0,1,1
0,0.0,1,32.0,3.0,3,2,2,0,12.0,1.0,1.0,2.0,129.04,2.0,1.0,129.04,0.983,1,2.6,0,0,1,0,0,0,1,0,0,0,0,1,0,0,1,0,1
0,14.0,1,12.0,3.0,4,4,7,1,15.0,1.0,1.0,2.0,160.32,2.0,1.0,160.32,1.108,0,2.9,0,1,0,0,0,1,0,0,0,0,1,0,0,0,0,1,1
0,20.0,3,10.0,3.0,3,3,4,0,19.0,0.0,1.0,0.0,129.76,0.0,1.0,129.76,1.119,0,2.4,0,0,0,0,0,0,0,0,0,0,1,0,0,0,0,1,1
0,15.0,1,29.0,2.0,3,2,3,0,14.0,0.0,2.0,0.0,259.92,0.0,2.0,259.92,2.04,0,1.9,0,1,0,0,0,0,1,0,0,1,0,0,0,0,0,1,0
0,2.0,3,8.0,3.0,3,3,2,0,14.0,1.0,1.0,2.0,146.49,2.0,1.0,146.49,1.053,1,2.6,0,0,0,0,0,0,1,0,0,0,1,0,0,0,0,0,1
0,15.0,2,8.0,3.0,3,3,1,1,11.0,1.0,1.0,0.0,126.96000000000001,0.0,1.0,126.96000000000001,1.108,0,2.6,0,0,1,1,0,0,0,0,0,0,0,1,0,0,1,0,1
0,5.0,1,14.0,3.0,3,4,2,0,13.0,0.0,1.0,7.0,123.69999999999999,7.0,1.0,123.69999999999999,0.92,0,2.4,0,0,1,0,0,0,0,0,0,0,0,1,0,0,0,0,0
0,21.0,3,35.0,3.0,3,3,4,0,21.0,0.0,1.0,3.0,225.04000000000002,3.0,1.0,225.04000000000002,1.35,0,2.4,0,1,0,0,0,1,0,0,0,0,0,0,0,0,0,0,0
0,10.0,1,12.0,2.0,2,5,5,1,13.0,2.0,6.0,7.0,159.74,7.0,6.0,159.74,3.064,0,2.0,0,1,0,0,0,1,0,0,0,0,1,0,0,0,1,0,1
0,3.0,3,31.0,2.0,3,3,8,1,12.0,1.0,2.0,2.0,147.36,2.0,2.0,147.36,1.456,0,2.1,0,0,0,1,0,0,0,0,0,0,1,0,0,0,0,0,0
0,0.0,3,6.0,2.0,3,3,2,0,17.0,2.0,7.0,7.0,152.96,7.0,7.0,152.96,3.437,1,2.3,0,1,0,0,0,0,1,0,0,0,1,0,0,0,0,0,1
0,15.0,1,8.0,3.0,4,2,4,0,23.0,0.0,1.0,0.0,167.81,0.0,1.0,167.81,1.271,0,2.7,0,1,0,0,0,0,0,0,1,0,1,0,0,0,0,1,1
1,9.0,3,6.0,2.0,4,4,2,1,11.0,1.0,1.0,2.0,121.74000000000001,2.0,1.0,121.74000000000001,0.954,0,2.4,0,0,0,0,1,0,0,0,0,0,0,1,0,0,0,1,0
0,9.0,3,6.0,2.0,3,2,5,0,15.0,1.0,1.0,0.0,166.53,0.0,1.0,166.53,1.266,0,2.1,0,0,0,0,0,1,0,0,0,0,1,0,0,0,0,1,0
0,9.0,3,9.0,2.0,4,2,5,0,11.0,0.0,1.0,12.0,196.99,12.0,1.0,196.99,1.203,0,2.2,0,0,0,0,0,1,0,0,0,0,0,0,0,0,0,0,1
0,30.0,1,6.0,2.0,3,3,3,0,11.0,1.0,1.0,2.0,167.55,2.0,1.0,167.55,1.137,0,2.1,0,1,0,0,0,1,0,0,0,0,1,0,0,0,0,0,1
0,9.0,1,16.0,2.0,2,3,4,1,13.0,0.0,1.0,7.0,122.13,7.0,1.0,122.13,0.914,0,1.6,0,0,1,0,0,0,1,0,0,0,0,1,0,0,0,0,0
0,0.0,3,14.0,2.0,3,2,2,0,24.0,0.0,2.0,2.0,126.1,2.0,2.0,126.1,1.371,1,1.9,0,0,0,0,0,0,0,0,0,0,0,1,0,0,0,1,1
1,0.0,3,11.0,3.0,3,3,2,1,13.0,1.0,1.0,0.0,128.51,0.0,1.0,128.51,1.114,1,2.6,0,0,1,0,0,0,0,1,0,0,0,1,0,0,0,1,0
0,10.0,1,16.0,3.0,3,5,7,0,20.0,1.0,1.0,3.0,134.52,3.0,1.0,134.52,0.988,0,2.6,0,0,1,0,0,0,0,0,0,0,0,1,0,0,0,0,0
0,19.0,1,13.0,1.0,3,3,3,0,14.0,0.0,1.0,0.0,152.58,0.0,1.0,152.58,1.21,0,1.4,0,0,0,0,0,1,0,0,0,0,1,0,0,0,0,0,0
1,4.0,3,10.0,2.0,3,4,2,0,18.0,7.0,7.0,7.0,193.55,7.0,7.0,193.55,3.599,0,3.3,0,0,0,0,0,0,0,1,0,0,1,0,0,0,0,1,1
0,23.0,1,16.0,3.0,4,2,7,0,15.0,0.0,1.0,3.0,204.96,3.0,1.0,204.96,1.27,0,2.7,0,1,0,0,1,0,0,0,0,0,0,0,0,0,0,1,1
1,3.0,3,28.0,3.0,4,3,3,1,12.0,1.0,1.0,0.0,163.8,0.0,1.0,163.8,1.255,0,2.9,0,1,0,0,0,0,0,1,0,0,1,0,0,0,0,0,1
0,4.0,1,14.0,2.0,4,4,1,1,16.0,1.0,2.0,2.0,126.57,2.0,2.0,126.57,1.373,0,2.4,0,0,1,0,0,0,1,0,0,0,0,1,0,0,0,1,1
1,0.0,3,18.0,3.0,2,4,2,0,15.0,0.0,1.0,0.0,127.16,0.0,1.0,127.16,1.109,1,2.1,0,0,1,0,0,0,1,0,0,0,0,1,0,0,0,1,0
0,9.0,1,29.0,2.0,3,2,10,0,16.0,1.0,1.0,2.0,122.00999999999999,2.0,1.0,122.00999999999999,0.955,0,2.1,0,0,1,0,0,0,1,0,0,0,0,1,0,0,0,1,1
0,8.0,1,15.0,3.0,4,4,10,0,19.0,1.0,1.0,0.0,165.4,0.0,1.0,165.4,1.262,0,2.9,0,1,0,0,0,0,1,0,0,0,1,0,0,0,0,1,1
0,0.0,1,6.0,2.0,3,4,2,0,11.0,0.0,1.0,4.0,138.16,4.0,1.0,138.16,0.993,1,1.9,0,0,1,0,0,1,0,0,0,0,0,0,1,0,1,0,1
0,1.0,3,15.0,3.0,3,2,2,0,16.0,1.0,1.0,7.0,152.53,7.0,1.0,152.53,1.035,1,2.6,0,1,0,0,0,0,1,0,0,0,1,0,0,0,0,1,1
0,22.0,1,13.0,2.0,4,3,9,0,24.0,1.0,1.0,0.0,145.0,0.0,1.0,145.0,1.18,0,2.4,0,0,1,0,0,0,0,0,1,0,0,0,0,0,0,1,1
0,24.0,3,20.0,2.0,3,2,5,0,11.0,0.0,1.0,7.0,149.36,7.0,1.0,149.36,1.022,0,1.9,0,0,1,0,0,0,1,0,0,0,1,0,0,0,0,0,0
0,9.0,1,14.0,3.0,3,3,5,0,13.0,1.0,2.0,2.0,125.43,2.0,2.0,125.43,1.368,0,2.6,0,0,1,0,0,0,1,0,0,0,0,1,0,0,0,0,0
1,0.0,3,25.0,3.0,2,2,9,1,13.0,1.0,1.0,4.0,153.04,4.0,1.0,153.04,1.052,1,2.3,1,0,0,0,0,0,0,1,0,0,1,0,0,0,0,1,1
0,28.0,1,8.0,3.0,3,2,3,1,13.0,1.0,1.0,2.0,266.59,2.0,1.0,266.59,1.533,0,2.6,1,1,0,0,0,0,1,0,0,1,0,0,0,0,0,1,0
0,0.0,3,16.0,3.0,3,3,2,1,12.0,0.0,1.0,3.0,142.6,3.0,1.0,142.6,1.02,1,2.4,0,0,1,0,0,0,0,1,0,0,1,0,0,0,1,0,0
0,3.0,3,14.0,3.0,3,4,2,0,18.0,1.0,1.0,0.0,124.75999999999999,0.0,1.0,124.75999999999999,1.099,0,2.6,0,0,1,1,0,0,0,0,0,0,0,1,0,0,0,0,1
1,0.0,1,9.0,3.0,3,5,1,0,22.0,0.0,1.0,4.0,131.02,4.0,1.0,131.02,0.964,1,2.4,0,0,0,1,0,0,0,0,0,0,0,1,0,0,0,1,1
0,9.0,1,17.0,2.0,3,4,2,0,13.0,1.0,1.0,2.0,122.44,2.0,1.0,122.44,0.956,0,2.1,0,0,1,0,0,0,0,0,0,0,0,1,0,0,0,0,0
0,9.0,3,8.0,3.0,4,3,2,0,13.0,9.0,9.0,0.0,175.96,0.0,9.0,175.96,4.504,0,4.5,0,1,0,0,0,1,0,0,0,0,0,0,0,0,0,0,1
1,9.0,1,10.0,2.0,3,2,19,1,23.0,1.0,1.0,0.0,122.85,0.0,1.0,122.85,1.091,0,2.1,1,0,0,1,0,0,0,0,0,0,0,1,0,0,0,1,1
0,10.0,1,20.0,3.0,3,5,2,0,12.0,3.0,12.0,17.0,130.34,17.0,12.0,130.34,5.332,0,3.0,0,0,1,0,0,0,1,0,0,0,0,1,0,0,1,0,0
0,13.0,3,8.0,2.0,3,4,8,0,12.0,0.0,1.0,3.0,157.15,3.0,1.0,157.15,1.079,0,1.9,0,1,0,0,0,0,0,1,0,0,1,0,0,0,1,0,0
0,15.0,1,14.0,3.0,3,5,4,0,16.0,1.0,1.0,2.0,125.75999999999999,2.0,1.0,125.75999999999999,0.97,0,2.6,0,0,1,0,0,0,1,0,0,0,0,1,0,0,1,0,0
0,10.0,1,16.0,2.0,3,4,3,1,12.0,0.0,1.0,1.0,141.97,1.0,1.0,141.97,1.068,0,1.9,0,0,1,0,0,0,1,0,0,0,1,0,0,0,0,1,1
0,16.0,1,18.0,2.0,4,4,2,0,11.0,0.0,2.0,9.0,243.36,9.0,2.0,243.36,1.793,0,2.2,0,1,0,0,0,0,1,0,0,1,0,0,0,0,1,0,1
0,13.0,1,8.0,3.0,4,3,7,0,22.0,1.0,1.0,0.0,134.48,0.0,1.0,134.48,1.138,0,2.9,0,0,1,0,0,0,0,0,0,0,1,0,0,0,0,0,0
0,27.0,1,11.0,2.0,3,5,5,0,15.0,1.0,1.0,2.0,294.06,2.0,1.0,294.06,1.643,0,2.1,0,1,0,0,0,1,0,0,0,0,0,0,0,1,0,0,1
0,7.0,3,10.0,3.0,3,3,10,0,15.0,1.0,1.0,2.0,165.38,2.0,1.0,165.38,1.128,0,2.6,0,0,0,0,0,0,0,1,0,0,1,0,0,0,0,0,0
0,4.0,1,13.0,2.0,3,5,2,0,12.0,3.0,3.0,12.0,143.06,12.0,3.0,143.06,1.788,0,2.5,0,0,1,0,0,1,0,0,0,0,1,0,0,0,0,0,0
0,9.0,1,27.0,3.0,3,2,8,0,20.0,0.0,1.0,2.0,122.58000000000001,2.0,1.0,122.58000000000001,0.957,0,2.4,0,0,0,0,0,0,0,0,0,0,0,1,0,0,0,0,1
0,16.0,1,14.0,3.0,3,3,5,1,14.0,0.0,1.0,2.0,145.22,2.0,1.0,145.22,1.048,0,2.4,0,0,1,0,0,0,0,0,1,0,1,0,0,0,1,0,0
0,0.0,3,10.0,2.0,4,2,2,1,11.0,0.0,1.0,3.0,144.87,3.0,1.0,144.87,1.029,1,2.2,1,0,1,0,0,0,1,0,0,0,1,0,0,0,0,1,0
0,10.0,1,31.0,3.0,3,3,4,1,15.0,3.0,10.0,7.0,144.49,7.0,10.0,144.49,4.603,0,3.0,0,0,0,0,0,1,0,0,0,0,1,0,0,0,0,0,0
0,9.0,1,6.0,3.0,4,5,2,0,12.0,0.0,3.0,2.0,122.18,2.0,3.0,122.18,1.755,0,2.7,0,0,1,0,0,0,1,0,0,0,0,1,0,0,0,0,1
0,12.0,1,6.0,2.0,3,3,2,1,14.0,0.0,1.0,6.0,291.97,6.0,1.0,291.97,1.596,0,1.9,0,0,0,0,0,0,1,0,0,0,0,0,0,1,1,0,1
0,29.0,3,12.0,2.0,2,5,10,0,11.0,2.0,2.0,7.0,232.12,7.0,2.0,232.12,1.753,0,2.0,0,0,0,0,0,0,1,0,0,1,0,0,0,0,0,0,0
0,3.0,3,18.0,2.0,3,3,1,0,11.0,3.0,4.0,4.0,165.77,4.0,4.0,165.77,2.303,0,2.5,0,1,0,1,0,0,0,0,0,0,1,0,0,0,0,1,0
0,14.0,3,6.0,2.0,2,5,2,0,16.0,1.0,1.0,7.0,183.92,7.0,1.0,183.92,1.161,0,1.8,0,1,0,0,0,0,0,1,0,0,0,0,0,0,0,0,1
0,1.0,1,23.0,3.0,3,5,2,0,12.0,0.0,1.0,8.0,145.58,8.0,1.0,145.58,1.005,1,2.4,0,0,1,0,0,1,0,0,0,0,1,0,0,0,1,0,1
1,0.0,1,9.0,3.0,3,5,6,0,13.0,1.0,1.0,2.0,140.31,2.0,1.0,140.31,1.028,1,2.6,0,0,1,0,0,1,0,0,0,0,0,0,1,0,0,0,1
0,25.0,1,9.0,2.0,4,3,3,1,14.0,0.0,1.0,4.0,179.69,4.0,1.0,179.69,1.159,0,2.2,0,1,0,0,0,1,0,0,0,0,0,0,0,0,0,0,1
0,18.0,1,14.0,3.0,3,2,4,0,21.0,1.0,1.0,2.0,126.53999999999999,2.0,1.0,126.53999999999999,0.973,0,2.6,0,0,1,0,0,0,1,0,0,0,0,1,0,0,0,0,1
0,25.0,1,10.0,1.0,3,2,3,0,13.0,1.0,1.0,4.0,265.55,4.0,1.0,265.55,1.502,0,1.6,0,1,0,0,0,0,1,0,0,1,0,0,0,0,0,0,0
0,15.0,1,35.0,3.0,3,3,3,0,11.0,1.0,1.0,2.0,145.56,2.0,1.0,145.56,1.049,0,2.6,0,0,0,0,0,0,1,0,0,0,1,0,0,0,1,0,0
0,3.0,1,8.0,2.0,5,2,3,0,20.0,0.0,1.0,2.0,160.91,2.0,1.0,160.91,1.11,0,2.5,0,1,0,0,0,0,1,0,0,0,1,0,0,0,0,1,0
0,30.0,1,13.0,2.0,3,5,6,0,15.0,0.0,11.0,10.0,295.66,10.0,11.0,295.66,5.601,0,1.9,0,1,0,0,0,0,1,0,0,0,0,0,0,1,0,0,0
0,19.0,1,24.0,2.0,3,3,3,0,14.0,0.0,1.0,8.0,148.1,8.0,1.0,148.1,1.015,0,1.9,0,0,1,0,0,1,0,0,0,0,1,0,0,0,1,0,0
0,15.0,1,34.0,2.0,4,2,1,0,11.0,0.0,1.0,4.0,145.23,4.0,1.0,145.23,1.021,0,2.2,0,0,0,1,0,0,0,0,0,0,1,0,0,0,0,0,0
1,0.0,3,6.0,3.0,3,4,2,1,16.0,1.0,1.0,4.0,132.02,4.0,1.0,132.02,0.968,1,2.6,0,0,1,1,0,0,0,0,0,0,0,1,0,0,0,1,0
1,0.0,3,14.0,2.0,5,3,1,0,16.0,1.0,1.0,0.0,123.50999999999999,0.0,1.0,123.50999999999999,1.094,1,2.7,0,0,0,0,0,0,0,1,0,0,0,1,0,0,1,0,0
0,9.0,1,8.0,2.0,3,2,2,1,23.0,1.0,1.0,0.0,117.02000000000001,0.0,1.0,117.02000000000001,1.068,0,2.1,1,0,0,0,0,0,1,0,0,0,0,0,1,0,0,0,1
0,13.0,3,8.0,3.0,3,3,1,0,14.0,1.0,1.0,12.0,280.41,12.0,1.0,280.41,1.537,0,2.6,0,1,0,0,0,0,1,0,0,0,0,0,0,1,0,0,0
0,0.0,1,29.0,3.0,3,2,2,0,22.0,1.0,1.0,2.0,128.86,2.0,1.0,128.86,0.982,1,2.6,0,0,1,0,0,0,1,0,0,0,0,1,0,0,1,0,0
0,9.0,1,9.0,2.0,3,2,5,0,15.0,0.0,1.0,4.0,120.97,4.0,1.0,120.97,0.924,0,1.9,0,0,0,0,0,0,1,0,0,0,0,1,0,0,0,0,1
0,2.0,1,9.0,3.0,4,3,2,0,18.0,1.0,1.0,3.0,219.35000000000002,3.0,1.0,219.35000000000002,1.327,1,2.9,0,1,0,0,0,1,0,0,0,0,0,0,0,0,0,0,1
1,0.0,1,14.0,3.0,4,4,6,0,16.0,0.0,1.0,1.0,125.46000000000001,1.0,1.0,125.46000000000001,1.002,1,2.7,0,0,1,1,0,0,0,0,0,0,0,1,0,0,0,0,0
1,0.0,2,14.0,2.0,4,2,2,0,12.0,1.0,1.0,0.0,125.63999999999999,0.0,1.0,125.63999999999999,1.103,1,2.4,0,0,1,1,0,0,0,0,0,0,0,1,0,0,0,1,1
0,3.0,3,28.0,3.0,3,5,1,0,11.0,2.0,7.0,8.0,184.12,8.0,7.0,184.12,3.559,0,2.8,0,0,0,0,0,0,0,0,1,0,0,0,0,0,0,0,0
0,30.0,3,35.0,2.0,4,2,4,0,12.0,0.0,2.0,0.0,241.18,0.0,2.0,241.18,1.965,0,2.2,0,1,0,0,0,0,0,1,0,1,0,0,0,0,1,0,1
0,23.0,1,35.0,2.0,4,3,1,0,15.0,1.0,15.0,7.0,270.46,7.0,15.0,270.46,7.107,0,2.4,0,1,0,0,0,0,1,0,0,1,0,0,0,0,0,0,1
0,3.0,1,14.0,2.0,3,2,1,0,14.0,5.0,6.0,7.0,125.63999999999999,7.0,6.0,125.63999999999999,2.928,0,2.9,0,0,0,0,0,0,0,0,0,0,0,1,0,0,0,1,0
0,30.0,3,34.0,3.0,4,5,5,0,19.0,13.0,13.0,11.0,202.66,11.0,13.0,202.66,6.027,0,5.3,0,0,0,0,0,0,0,1,0,0,0,0,0,0,0,0,0
0,20.0,1,8.0,3.0,3,2,6,0,13.0,0.0,1.0,4.0,150.7,4.0,1.0,150.7,1.043,0,2.4,0,1,0,0,0,1,0,0,0,0,1,0,0,0,1,0,0
0,19.0,1,8.0,2.0,3,3,7,0,13.0,1.0,1.0,1.0,278.61,1.0,1.0,278.61,1.614,0,2.1,0,1,0,0,0,0,1,0,0,1,0,0,0,0,0,0,1
0,8.0,1,28.0,2.0,5,3,1,0,15.0,2.0,4.0,3.0,142.3,3.0,4.0,142.3,2.219,0,2.9,0,0,1,0,0,0,1,0,0,0,0,0,1,0,0,1,1
0,27.0,1,14.0,2.0,3,3,8,0,11.0,1.0,1.0,0.0,137.8,0.0,1.0,137.8,1.151,0,2.1,0,0,1,0,0,0,1,0,0,0,1,0,0,0,0,1,0
0,7.0,1,8.0,3.0,4,3,4,0,12.0,5.0,5.0,7.0,127.68,7.0,5.0,127.68,2.536,0,3.7,0,0,1,0,0,0,1,0,0,0,0,1,0,0,1,0,1
0,19.0,3,16.0,3.0,4,2,3,1,19.0,1.0,1.0,2.0,190.71,2.0,1.0,190.71,1.23,0,2.9,1,1,0,0,0,0,0,1,0,0,0,0,0,0,0,0,0
0,4.0,1,15.0,2.0,3,4,2,0,25.0,1.0,1.0,8.0,206.48000000000002,8.0,1.0,206.48000000000002,1.248,0,2.1,0,1,0,0,0,0,1,0,0,0,0,0,0,0,1,0,1
1,0.0,1,21.0,2.0,3,3,8,1,12.0,0.0,2.0,7.0,236.10000000000002,7.0,2.0,236.10000000000002,1.769,1,1.9,0,1,0,0,0,1,0,0,0,0,0,0,0,0,0,0,1
1,0.0,1,16.0,2.0,5,2,8,0,13.0,0.0,1.0,3.0,134.08,3.0,1.0,134.08,0.986,1,2.5,0,0,1,0,0,0,0,0,0,0,0,1,0,0,1,0,1
0,3.0,3,13.0,3.0,3,4,1,0,14.0,1.0,1.0,2.0,129.83,2.0,1.0,129.83,0.986,0,2.6,0,0,1,0,0,0,0,1,0,0,0,1,0,0,0,1,1
0,8.0,1,22.0,3.0,3,3,5,1,12.0,0.0,1.0,0.0,176.32,0.0,1.0,176.32,1.305,0,2.4,0,1,0,0,0,0,1,0,0,0,0,0,0,0,0,0,1
1,0.0,1,26.0,3.0,3,3,4,0,12.0,1.0,1.0,0.0,198.24,0.0,1.0,198.24,1.393,1,2.6,0,0,0,0,0,0,1,0,0,0,0,0,0,0,0,0,1
1,0.0,2,29.0,2.0,3,5,10,1,15.0,1.0,1.0,2.0,199.5,2.0,1.0,199.5,1.265,1,2.1,0,0,0,0,0,0,0,0,1,0,0,0,0,0,1,0,0
0,9.0,1,11.0,3.0,3,3,5,0,17.0,2.0,2.0,0.0,120.93,0.0,2.0,120.93,1.484,0,2.8,0,0,0,0,0,0,0,0,1,0,0,1,0,0,0,0,1
0,9.0,3,16.0,2.0,3,2,2,0,14.0,1.0,9.0,7.0,199.8,7.0,9.0,199.8,4.424,0,2.1,0,0,0,0,0,1,0,0,0,0,0,0,0,0,0,1,1
1,0.0,1,10.0,2.0,4,3,6,0,16.0,1.0,1.0,2.0,138.94,2.0,1.0,138.94,1.022,1,2.4,0,0,0,1,0,0,0,0,0,0,0,0,1,0,0,1,1
0,21.0,3,8.0,2.0,3,2,3,0,14.0,4.0,6.0,7.0,140.51,7.0,6.0,140.51,2.987,0,2.7,0,0,1,0,0,0,0,1,0,0,1,0,0,0,0,0,0
0,28.0,3,24.0,2.0,3,4,4,0,23.0,1.0,7.0,7.0,268.35,7.0,7.0,268.35,3.898,0,2.1,0,1,0,0,0,0,1,0,0,1,0,0,0,0,0,1,0
0,14.0,3,16.0,2.0,3,2,8,0,14.0,0.0,1.0,10.0,162.3,10.0,1.0,162.3,1.067,0,1.9,0,0,0,0,0,0,1,0,0,0,1,0,0,0,0,1,1
0,8.0,3,6.0,2.0,3,3,10,0,11.0,3.0,6.0,9.0,147.17,9.0,6.0,147.17,3.009,0,2.5,0,0,1,0,0,0,0,1,0,0,1,0,0,0,0,0,1
0,13.0,1,12.0,3.0,3,3,8,0,15.0,4.0,2.0,13.0,232.37,13.0,2.0,232.37,1.744,0,3.2,0,1,0,0,0,0,1,0,0,1,0,0,0,0,0,1,0
0,12.0,1,14.0,2.0,3,3,2,0,11.0,0.0,1.0,7.0,137.55,7.0,1.0,137.55,0.975,0,1.9,0,0,0,0,0,0,1,0,0,0,0,0,1,0,0,0,0
0,4.0,3,8.0,3.0,3,2,5,1,13.0,1.0,1.0,5.0,165.82,5.0,1.0,165.82,1.097,0,2.6,1,1,0,0,0,0,1,0,0,0,1,0,0,0,0,1,1
0,15.0,1,30.0,2.0,3,5,2,1,21.0,4.0,5.0,8.0,174.06,8.0,5.0,174.06,2.718,0,2.7,0,1,0,0,0,1,0,0,0,0,0,0,0,0,0,0,1
0,18.0,3,8.0,3.0,3,4,1,0,19.0,3.0,3.0,7.0,148.05,7.0,3.0,148.05,1.817,0,3.0,0,0,1,0,0,0,0,0,1,0,1,0,0,0,0,0,1
1,0.0,2,23.0,3.0,3,3,1,1,11.0,0.0,1.0,0.0,127.41,0.0,1.0,127.41,1.11,1,2.4,0,0,0,0,0,0,1,0,0,0,0,1,0,0,1,0,0
0,2.0,1,25.0,2.0,3,2,5,0,12.0,0.0,1.0,2.0,142.62,2.0,1.0,142.62,1.037,1,1.9,0,0,1,1,0,0,0,0,0,0,1,0,0,0,1,0,1
0,6.0,1,6.0,3.0,2,3,5,0,19.0,1.0,1.0,5.0,261.84,5.0,1.0,261.84,1.481,0,2.3,0,1,0,0,0,1,0,0,0,1,0,0,0,0,1,0,0
0,0.0,3,13.0,2.0,4,2,10,0,21.0,1.0,1.0,3.0,215.57,3.0,1.0,215.57,1.312,1,2.4,0,1,0,0,0,0,1,0,0,0,0,0,0,0,1,0,1
1,9.0,3,11.0,3.0,3,4,2,1,14.0,1.0,1.0,0.0,118.78,0.0,1.0,118.78,1.075,0,2.6,0,0,0,0,0,0,0,1,0,0,0,0,1,0,0,1,1
0,13.0,3,34.0,2.0,5,5,4,0,15.0,1.0,1.0,3.0,209.32,3.0,1.0,209.32,1.287,0,2.7,0,0,0,0,0,0,0,0,1,0,0,0,0,0,1,0,1
0,14.0,1,8.0,3.0,4,3,3,1,17.0,0.0,1.0,7.0,168.11,7.0,1.0,168.11,1.097,0,2.7,0,0,0,0,0,0,0,0,1,0,1,0,0,0,0,1,0
0,0.0,3,35.0,2.0,3,3,6,0,12.0,1.0,1.0,0.0,143.06,0.0,1.0,143.06,1.172,1,2.1,0,0,1,0,0,1,0,0,0,0,1,0,0,0,1,0,1
0,8.0,3,6.0,3.0,3,3,2,0,16.0,0.0,1.0,3.0,148.59,3.0,1.0,148.59,1.044,0,2.4,0,0,1,0,0,1,0,0,0,0,1,0,0,0,0,1,0
0,7.0,3,27.0,3.0,2,2,2,0,12.0,5.0,5.0,7.0,153.37,7.0,5.0,153.37,2.638,0,3.1,0,1,0,0,0,0,1,0,0,0,1,0,0,0,0,1,1
1,0.0,1,14.0,3.0,5,2,2,1,18.0,1.0,1.0,0.0,123.4,0.0,1.0,123.4,1.094,1,3.2,1,0,1,1,0,0,0,0,0,0,0,1,0,0,0,1,1
0,10.0,1,6.0,2.0,3,2,5,0,17.0,1.0,1.0,2.0,174.91,2.0,1.0,174.91,1.166,0,2.1,0,1,0,1,0,0,0,0,0,0,0,0,0,0,0,1,0
0,19.0,1,24.0,2.0,3,3,6,0,11.0,1.0,1.0,2.0,205.27,2.0,1.0,205.27,1.288,0,2.1,0,0,0,0,0,1,0,0,0,0,0,0,0,0,0,0,0
0,14.0,3,8.0,3.0,3,5,8,0,16.0,1.0,11.0,8.0,265.95,8.0,11.0,265.95,5.486,0,2.6,0,1,0,0,0,0,1,0,0,1,0,0,0,0,0,0,0
0,10.0,3,15.0,3.0,3,4,2,0,13.0,6.0,7.0,7.0,188.34,7.0,7.0,188.34,3.578,0,3.6,0,0,0,0,0,1,0,0,0,0,0,0,0,0,1,0,1
0,25.0,1,12.0,3.0,3,5,4,1,12.0,2.0,6.0,9.0,155.77,9.0,6.0,155.77,3.043,0,2.8,0,1,0,1,0,0,0,0,0,0,1,0,0,0,1,0,1
1,0.0,3,17.0,2.0,2,3,9,0,12.0,1.0,1.0,2.0,147.07,2.0,1.0,147.07,1.055,1,1.8,0,0,0,0,0,0,0,0,1,0,1,0,0,0,0,0,1
0,0.0,3,14.0,2.0,3,2,1,0,13.0,0.0,2.0,1.0,124.0,1.0,2.0,124.0,1.396,1,1.9,0,0,0,0,0,0,0,0,0,0,0,1,0,0,0,0,1
0,11.0,1,16.0,3.0,3,3,4,0,19.0,1.0,1.0,0.0,198.24,0.0,1.0,198.24,1.393,0,2.6,0,1,0,0,0,1,0,0,0,0,1,0,0,0,0,0,0
0,10.0,1,6.0,3.0,3,4,7,0,12.0,3.0,4.0,3.0,164.47,3.0,4.0,164.47,2.308,0,3.0,0,1,0,0,0,0,1,0,0,0,1,0,0,0,0,0,0
0,22.0,1,24.0,2.0,4,3,2,1,15.0,0.0,1.0,9.0,295.02,9.0,1.0,295.02,1.6,0,2.2,0,1,0,0,0,0,1,0,0,0,0,0,0,1,1,0,1
0,0.0,1,29.0,3.0,2,2,2,1,11.0,0.0,1.0,4.0,127.25,4.0,1.0,127.25,0.949,1,2.1,1,0,1,0,0,0,0,0,0,0,0,1,0,0,0,0,1
0,0.0,3,34.0,3.0,3,4,2,0,20.0,1.0,1.0,4.0,162.72,4.0,1.0,162.72,1.091,1,2.6,0,1,0,0,0,0,0,1,0,0,1,0,0,0,0,0,1
0,9.0,1,23.0,3.0,4,4,2,0,21.0,1.0,1.0,0.0,121.27000000000001,0.0,1.0,121.27000000000001,1.085,0,2.9,0,0,1,0,0,0,0,0,1,0,0,1,0,0,0,0,1
0,23.0,2,9.0,2.0,3,4,2,0,11.0,1.0,10.0,7.0,282.0,7.0,10.0,282.0,5.153,0,2.1,0,0,0,0,0,1,0,0,0,0,0,0,0,1,0,0,1
0,9.0,3,19.0,2.0,3,3,2,0,11.0,1.0,1.0,6.0,120.96000000000001,6.0,1.0,120.96000000000001,0.912,0,2.1,0,0,1,0,0,0,0,0,0,0,0,1,0,0,0,0,1
1,0.0,1,13.0,3.0,3,3,2,1,16.0,0.0,1.0,2.0,128.86,2.0,1.0,128.86,0.982,1,2.4,0,0,0,0,0,0,1,0,0,0,0,1,0,0,0,0,0
1,9.0,3,18.0,3.0,4,5,2,0,18.0,1.0,1.0,0.0,120.33000000000001,0.0,1.0,120.33000000000001,1.081,0,2.9,0,0,0,0,0,0,1,0,0,0,0,1,0,0,0,0,1
0,7.0,1,6.0,2.0,4,2,2,1,13.0,0.0,1.0,3.0,136.22,3.0,1.0,136.22,0.995,0,2.2,1,0,1,0,0,0,1,0,0,0,0,0,1,0,0,0,1
1,0.0,3,19.0,2.0,3,5,3,0,17.0,0.0,1.0,2.0,142.33,2.0,1.0,142.33,1.036,1,1.9,0,0,1,0,0,1,0,0,0,0,1,0,0,0,1,0,1
0,8.0,1,31.0,2.0,4,2,5,0,14.0,0.0,1.0,2.0,136.81,2.0,1.0,136.81,1.014,0,2.2,0,0,1,0,0,0,0,0,1,0,1,0,0,0,0,1,1
0,4.0,3,12.0,3.0,2,2,5,0,22.0,3.0,5.0,7.0,154.6,7.0,5.0,154.6,2.643,0,2.7,0,1,0,0,0,1,0,0,0,0,1,0,0,0,1,0,1
0,9.0,1,12.0,3.0,4,3,1,0,12.0,1.0,1.0,3.0,121.87,3.0,1.0,121.87,0.937,0,2.9,0,0,1,0,0,0,0,0,0,0,0,1,0,0,1,0,0
0,10.0,3,8.0,3.0,3,3,5,1,11.0,0.0,1.0,0.0,196.02,0.0,1.0,196.02,1.384,0,2.4,0,1,0,0,0,0,0,1,0,0,1,0,0,0,0,0,1
0,0.0,1,6.0,3.0,4,4,2,0,13.0,1.0,1.0,0.0,128.36,0.0,1.0,128.36,1.113,1,2.9,0,0,1,0,0,0,1,0,0,0,0,1,0,0,0,1,0
0,15.0,1,8.0,2.0,3,2,2,0,13.0,2.0,2.0,2.0,140.89,2.0,2.0,140.89,1.43,0,2.3,0,0,1,0,0,0,1,0,0,0,1,0,0,0,0,0,0
0,16.0,1,12.0,2.0,4,2,5,1,14.0,1.0,1.0,0.0,266.27,0.0,1.0,266.27,1.665,0,2.4,1,1,0,0,0,0,0,0,1,1,0,0,0,0,1,0,1
0,11.0,1,14.0,2.0,3,5,4,0,17.0,1.0,1.0,0.0,126.19,0.0,1.0,126.19,1.105,0,2.1,0,0,1,0,0,0,1,0,0,0,0,1,0,0,0,1,0
0,16.0,1,15.0,3.0,3,3,4,1,13.0,2.0,4.0,7.0,156.79,7.0,4.0,156.79,2.252,0,2.8,0,0,0,0,0,1,0,0,0,0,1,0,0,0,1,0,1
0,21.0,1,6.0,2.0,4,5,8,0,11.0,0.0,2.0,2.0,254.01999999999998,2.0,2.0,254.01999999999998,1.883,0,2.2,0,1,0,0,0,0,1,0,0,1,0,0,0,0,0,0,0
0,17.0,2,6.0,2.0,4,3,5,0,11.0,1.0,1.0,2.0,159.85,2.0,1.0,159.85,1.106,0,2.4,0,1,0,0,0,0,1,0,0,0,1,0,0,0,0,1,0
0,7.0,3,14.0,2.0,3,3,2,1,18.0,1.0,1.0,6.0,125.78999999999999,6.0,1.0,125.78999999999999,0.932,0,2.1,0,0,1,1,0,0,0,0,0,0,0,1,0,0,1,0,0
1,0.0,3,8.0,3.0,3,5,1,0,11.0,0.0,1.0,2.0,130.41,2.0,1.0,130.41,0.988,1,2.4,0,0,1,0,0,0,0,1,0,0,0,1,0,0,1,0,1
0,0.0,3,28.0,2.0,3,3,2,0,11.0,1.0,1.0,2.0,134.47,2.0,1.0,134.47,1.005,1,2.1,0,0,1,1,0,0,0,0,0,0,0,1,0,0,0,1,1
0,17.0,1,9.0,2.0,3,2,5,1,15.0,1.0,1.0,1.0,295.13,1.0,1.0,295.13,1.681,0,2.1,1,1,0,0,0,0,0,0,1,0,0,0,0,1,0,0,1
0,0.0,1,12.0,3.0,3,3,1,0,20.0,2.0,2.0,2.0,127.72999999999999,2.0,2.0,127.72999999999999,1.378,1,2.8,0,0,1,0,0,0,0,0,0,0,0,1,0,0,0,0,1
0,6.0,3,14.0,2.0,3,3,1,0,12.0,1.0,1.0,2.0,171.04,2.0,1.0,171.04,1.151,0,2.1,0,1,0,0,0,0,0,1,0,0,1,0,0,0,1,0,1
0,5.0,1,15.0,3.0,3,2,2,1,12.0,1.0,1.0,5.0,163.22,5.0,1.0,163.22,1.086,0,2.6,1,1,0,0,0,0,1,0,0,0,1,0,0,0,0,0,0
0,9.0,1,9.0,3.0,3,3,2,0,20.0,1.0,1.0,0.0,120.83000000000001,0.0,1.0,120.83000000000001,1.083,0,2.6,0,0,0,0,0,0,0,0,0,0,0,1,0,0,1,0,0
0,26.0,3,6.0,2.0,3,5,8,0,20.0,6.0,8.0,10.0,183.81,10.0,8.0,183.81,3.953,0,3.1,0,1,0,0,0,1,0,0,0,0,1,0,0,0,0,1,0
0,7.0,1,6.0,3.0,3,2,2,0,12.0,6.0,8.0,8.0,126.91,8.0,8.0,126.91,3.73,0,3.6,0,0,1,0,0,0,1,0,0,0,0,1,0,0,0,0,1
1,8.0,3,32.0,3.0,3,5,3,0,14.0,0.0,1.0,0.0,142.86,0.0,1.0,142.86,1.171,0,2.4,0,0,0,0,0,0,1,0,0,0,1,0,0,0,0,0,0
0,0.0,1,12.0,3.0,3,2,2,1,13.0,0.0,1.0,2.0,126.59,2.0,1.0,126.59,0.973,1,2.4,1,0,1,0,0,0,1,0,0,0,0,1,0,0,0,0,0
0,10.0,1,9.0,2.0,3,3,2,0,15.0,6.0,7.0,8.0,194.34,8.0,7.0,194.34,3.6,0,3.1,0,1,0,0,0,0,0,0,1,0,0,0,0,0,0,0,1
0,2.0,3,9.0,3.0,3,3,2,0,14.0,0.0,1.0,2.0,155.61,2.0,1.0,155.61,1.089,1,2.4,0,1,0,0,0,1,0,0,0,0,1,0,0,0,0,0,0
0,8.0,1,12.0,2.0,5,2,2,0,13.0,11.0,11.0,8.0,166.46,8.0,11.0,166.46,5.088,0,4.7,0,1,0,0,0,0,1,0,0,0,1,0,0,0,0,1,1
0,6.0,1,12.0,1.0,3,2,4,0,23.0,4.0,4.0,7.0,177.25,7.0,4.0,177.25,2.334,0,2.2,0,0,0,0,0,0,1,0,0,0,1,0,0,0,1,0,1
0,27.0,2,25.0,2.0,3,4,3,0,15.0,3.0,7.0,1.0,207.25,1.0,7.0,207.25,3.729,0,2.5,0,1,0,0,0,1,0,0,0,0,0,0,0,0,0,0,1
0,9.0,1,15.0,2.0,4,4,3,1,11.0,1.0,1.0,2.0,188.47,2.0,1.0,188.47,1.221,0,2.4,0,1,0,0,0,1,0,0,0,0,1,0,0,0,1,0,1
0,9.0,1,9.0,2.0,4,2,1,0,13.0,0.0,1.0,1.0,120.44999999999999,1.0,1.0,120.44999999999999,0.982,0,2.2,0,0,1,0,0,0,0,0,0,0,0,1,0,0,0,1,1
1,0.0,1,16.0,2.0,3,3,2,1,11.0,0.0,1.0,1.0,110.09,1.0,1.0,110.09,0.94,1,1.9,0,1,0,0,0,1,0,0,0,0,0,0,1,0,0,1,1
1,0.0,1,9.0,3.0,3,5,2,1,11.0,9.0,9.0,7.0,133.48,7.0,9.0,133.48,4.159,1,4.2,0,0,0,0,0,0,1,0,0,0,0,1,0,0,0,1,1
0,9.0,1,9.0,2.0,4,3,2,0,18.0,1.0,1.0,0.0,112.81,0.0,1.0,112.81,1.051,0,2.4,0,0,0,0,0,0,1,0,0,0,0,0,1,0,0,0,1
0,0.0,1,10.0,3.0,2,5,3,0,16.0,0.0,1.0,2.0,128.19,2.0,1.0,128.19,0.979,1,2.1,0,0,1,0,0,0,0,0,0,0,0,1,0,0,0,0,1
0,0.0,3,14.0,2.0,2,4,1,0,22.0,0.0,1.0,2.0,148.51,2.0,1.0,148.51,1.061,1,1.6,0,0,1,0,0,0,1,0,0,0,1,0,0,0,0,0,1
0,11.0,3,13.0,2.0,4,2,1,0,20.0,1.0,1.0,5.0,140.28,5.0,1.0,140.28,0.994,0,2.4,0,0,1,0,0,0,0,1,0,0,1,0,0,0,0,1,0
0,2.0,1,6.0,3.0,5,2,2,0,18.0,2.0,2.0,8.0,127.19999999999999,8.0,2.0,127.19999999999999,1.331,1,3.4,0,0,0,0,0,0,1,0,0,0,0,1,0,0,1,0,1
0,21.0,3,8.0,2.0,2,4,4,0,12.0,2.0,2.0,2.0,181.2,2.0,2.0,181.2,1.591,0,2.0,0,1,0,0,0,0,0,1,0,0,1,0,0,0,0,0,1
0,0.0,3,9.0,3.0,2,2,2,1,20.0,1.0,1.0,4.0,146.47,4.0,1.0,146.47,1.026,1,2.3,1,0,0,0,0,1,0,0,0,0,1,0,0,0,1,0,0
0,10.0,1,16.0,3.0,2,2,4,0,17.0,1.0,1.0,0.0,146.8,0.0,1.0,146.8,1.187,0,2.3,0,0,1,0,0,0,1,0,0,0,0,0,1,0,0,1,1
0,23.0,1,34.0,3.0,2,3,2,1,11.0,3.0,3.0,8.0,132.21,8.0,3.0,132.21,1.751,0,2.7,0,0,1,0,0,0,0,0,0,0,0,1,0,0,0,0,1
0,7.0,1,15.0,2.0,4,4,2,0,14.0,4.0,7.0,7.0,186.21,7.0,7.0,186.21,3.57,0,3.0,0,1,0,0,0,1,0,0,0,0,0,0,0,0,0,1,0
1,0.0,3,9.0,3.0,3,3,10,0,14.0,1.0,2.0,0.0,145.77,0.0,2.0,145.77,1.583,1,2.6,0,0,1,0,0,0,1,0,0,0,1,0,0,0,0,1,0
0,12.0,1,8.0,3.0,4,3,2,0,11.0,2.0,11.0,10.0,145.53,10.0,11.0,145.53,5.0,0,3.1,0,0,1,1,0,0,0,0,0,0,1,0,0,0,0,1,0
0,5.0,3,16.0,2.0,3,2,2,0,12.0,0.0,1.0,8.0,153.96,8.0,1.0,153.96,1.038,0,1.9,0,1,0,0,0,0,0,1,0,0,1,0,0,0,0,1,1
1,13.0,3,14.0,2.0,3,3,4,1,14.0,1.0,1.0,3.0,167.96,3.0,1.0,167.96,1.122,0,2.1,0,0,0,1,0,0,0,0,0,0,1,0,0,0,0,0,1
0,11.0,1,6.0,2.0,2,2,1,0,13.0,1.0,1.0,8.0,176.25,8.0,1.0,176.25,1.127,0,1.8,0,1,0,0,0,0,1,0,0,0,1,0,0,0,0,1,0
0,0.0,1,6.0,3.0,3,5,2,0,11.0,1.0,1.0,7.0,174.12,7.0,1.0,174.12,1.121,1,2.6,0,1,0,0,0,0,1,0,0,0,0,0,0,0,0,0,0
0,5.0,1,9.0,2.0,3,2,4,0,15.0,3.0,7.0,3.0,211.58999999999997,3.0,7.0,211.58999999999997,3.696,0,2.5,0,1,0,0,0,0,1,0,0,0,0,0,0,0,0,1,0
0,20.0,3,20.0,2.0,3,5,3,0,12.0,0.0,1.0,7.0,149.6,7.0,1.0,149.6,1.023,0,1.9,0,1,0,0,0,0,0,1,0,0,1,0,0,0,0,1,1
0,13.0,3,11.0,2.0,4,5,6,1,21.0,0.0,1.0,12.0,204.75,12.0,1.0,204.75,1.234,0,2.2,0,0,0,0,0,0,1,0,0,0,0,0,0,0,0,0,1
0,26.0,1,13.0,2.0,2,3,4,0,19.0,0.0,2.0,3.0,248.14,3.0,2.0,248.14,1.843,0,1.6,0,1,0,0,0,0,1,0,0,1,0,0,0,0,0,0,1
0,14.0,2,16.0,3.0,4,2,4,0,15.0,1.0,12.0,6.0,291.41,6.0,12.0,291.41,5.994,0,2.9,0,1,0,0,0,0,0,0,1,0,0,0,0,1,1,0,1
0,30.0,3,22.0,2.0,3,5,9,0,14.0,1.0,2.0,2.0,154.05,2.0,2.0,154.05,1.483,0,2.1,0,1,0,0,0,0,0,1,0,0,1,0,0,0,0,1,1
0,0.0,1,16.0,2.0,3,5,2,0,21.0,1.0,1.0,7.0,187.93,7.0,1.0,187.93,1.177,1,2.1,0,0,0,0,0,0,1,0,0,0,0,0,0,0,1,0,1
0,14.0,2,6.0,2.0,4,3,2,0,12.0,1.0,2.0,10.0,291.89,10.0,2.0,291.89,1.986,0,2.4,0,1,0,0,0,0,0,0,1,0,0,0,0,1,0,0,1
0,23.0,3,14.0,2.0,3,4,8,0,15.0,1.0,2.0,2.0,138.75,2.0,2.0,138.75,1.422,0,2.1,0,0,1,0,0,0,0,1,0,0,0,0,1,0,0,0,1
1,9.0,1,6.0,3.0,5,4,8,1,13.0,1.0,3.0,7.0,122.16,7.0,3.0,122.16,1.714,0,3.2,0,0,1,0,0,0,1,0,0,0,0,1,0,0,0,1,0
0,9.0,1,14.0,3.0,2,5,10,0,14.0,0.0,1.0,3.0,217.13,3.0,1.0,217.13,1.319,0,2.1,0,0,0,0,0,0,1,0,0,0,0,0,0,0,0,0,0
0,11.0,1,6.0,2.0,3,3,5,1,14.0,0.0,1.0,0.0,178.61,0.0,1.0,178.61,1.314,0,1.9,0,1,0,0,0,0,1,0,0,0,0,0,0,0,0,1,0
0,17.0,1,30.0,2.0,5,3,3,0,14.0,0.0,1.0,4.0,137.08,4.0,1.0,137.08,0.988,0,2.5,0,0,0,0,0,1,0,0,0,0,0,0,1,0,0,1,1
0,20.0,3,9.0,2.0,3,3,10,1,12.0,7.0,2.0,13.0,237.7,13.0,2.0,237.7,1.765,0,3.3,0,0,0,0,0,1,0,0,0,1,0,0,0,0,1,0,0
0,3.0,3,33.0,2.0,3,2,8,0,23.0,4.0,7.0,7.0,153.04,7.0,7.0,153.04,3.437,0,2.7,0,1,0,0,0,0,0,1,0,0,1,0,0,0,1,0,1
0,2.0,3,14.0,2.0,3,3,2,0,11.0,0.0,1.0,0.0,126.41999999999999,0.0,1.0,126.41999999999999,1.106,1,1.9,0,0,1,0,0,0,1,0,0,0,0,1,0,0,0,1,1
1,5.0,1,25.0,3.0,2,3,7,1,12.0,2.0,2.0,2.0,127.59,2.0,2.0,127.59,1.377,0,2.5,0,0,0,0,0,0,0,0,0,0,0,1,0,0,1,0,1
0,16.0,3,21.0,2.0,4,2,4,0,18.0,0.0,2.0,2.0,168.04,2.0,2.0,168.04,1.539,0,2.2,0,0,0,0,0,0,1,0,0,0,1,0,0,0,0,0,1
0,7.0,1,14.0,3.0,3,3,4,0,11.0,1.0,4.0,3.0,161.42,3.0,4.0,161.42,2.296,0,2.6,0,1,0,0,0,1,0,0,0,0,1,0,0,0,0,1,0
0,0.0,1,14.0,2.0,3,5,2,0,14.0,0.0,1.0,2.0,125.0,2.0,1.0,125.0,0.967,1,1.9,0,0,1,0,0,0,0,0,0,0,0,1,0,0,0,0,1
0,12.0,2,9.0,2.0,2,4,10,0,15.0,3.0,3.0,6.0,163.89,6.0,3.0,163.89,1.884,0,2.2,0,1,0,0,0,0,0,0,1,0,1,0,0,0,0,0,0
0,29.0,1,15.0,2.0,3,2,8,0,11.0,0.0,1.0,3.0,211.02999999999997,3.0,1.0,211.02999999999997,1.294,0,1.9,0,1,0,0,0,1,0,0,0,1,0,0,0,0,0,0,1
0,13.0,1,14.0,2.0,4,2,1,1,20.0,2.0,2.0,3.0,123.41999999999999,3.0,2.0,123.41999999999999,1.344,0,2.6,1,0,1,0,0,0,0,0,0,0,0,1,0,0,0,1,0
0,0.0,1,13.0,2.0,4,5,9,0,19.0,1.0,1.0,7.0,168.11,7.0,1.0,168.11,1.097,1,2.4,0,1,0,0,0,1,0,0,0,0,1,0,0,0,0,1,0
0,9.0,3,16.0,2.0,3,4,2,0,14.0,0.0,2.0,2.0,122.97,2.0,2.0,122.97,1.359,0,1.9,0,0,1,0,0,0,0,1,0,0,0,1,0,0,1,0,1
0,26.0,1,14.0,2.0,3,2,3,0,17.0,1.0,2.0,2.0,124.5,2.0,2.0,124.5,1.365,0,2.1,0,0,1,0,0,0,1,0,0,0,1,0,0,0,0,1,1
0,8.0,1,8.0,3.0,3,5,3,0,11.0,0.0,1.0,0.0,150.93,0.0,1.0,150.93,1.204,0,2.4,0,0,0,0,0,0,1,0,0,0,1,0,0,0,1,0,0
0,5.0,1,30.0,3.0,3,2,2,0,15.0,2.0,4.0,7.0,153.09,7.0,4.0,153.09,2.237,0,2.8,0,0,0,0,0,0,1,0,0,0,1,0,0,0,0,0,1
0,11.0,1,8.0,3.0,3,3,7,1,13.0,0.0,1.0,1.0,130.57,1.0,1.0,130.57,1.022,0,2.4,0,0,1,0,0,0,0,0,0,0,0,1,0,0,0,0,1
0,7.0,1,14.0,2.0,3,5,4,0,14.0,1.0,1.0,0.0,151.21,0.0,1.0,151.21,1.205,0,2.1,0,1,0,0,0,0,1,0,0,0,1,0,0,0,1,0,0
0,25.0,3,9.0,2.0,4,5,2,0,11.0,1.0,1.0,16.0,268.56,16.0,1.0,268.56,1.486,0,2.4,0,1,0,0,0,0,0,1,0,1,0,0,0,0,0,0,1
1,0.0,1,6.0,3.0,3,2,2,1,13.0,5.0,7.0,8.0,126.86000000000001,8.0,7.0,126.86000000000001,3.33,1,3.4,1,0,1,0,0,0,0,0,1,0,0,1,0,0,0,1,1
0,0.0,3,32.0,2.0,3,2,2,0,23.0,0.0,1.0,4.0,161.8,4.0,1.0,161.8,1.087,1,1.9,0,1,0,0,0,1,0,0,0,0,1,0,0,0,0,1,0
0,18.0,3,8.0,2.0,5,3,1,0,13.0,0.0,3.0,1.0,166.32,1.0,3.0,166.32,1.965,0,2.5,0,1,0,1,0,0,0,0,0,0,1,0,0,0,0,1,1
0,0.0,1,16.0,3.0,2,3,2,0,18.0,1.0,1.0,2.0,135.05,2.0,1.0,135.05,1.007,1,2.3,0,0,1,0,0,1,0,0,0,0,0,1,0,0,0,1,1
1,10.0,3,33.0,3.0,1,3,5,1,12.0,1.0,1.0,3.0,163.97,3.0,1.0,163.97,1.106,0,2.0,0,0,0,0,0,0,1,0,0,0,1,0,0,0,0,1,0
0,7.0,3,8.0,2.0,3,2,2,0,22.0,0.0,1.0,4.0,162.74,4.0,1.0,162.74,1.091,0,1.9,0,1,0,0,0,0,0,0,1,0,1,0,0,0,0,1,1
1,18.0,1,8.0,3.0,3,5,6,1,15.0,1.0,1.0,4.0,298.59,4.0,1.0,298.59,1.634,0,2.6,0,1,0,0,0,1,0,0,0,0,0,0,0,1,0,0,1
0,9.0,3,14.0,3.0,4,5,2,0,15.0,0.0,1.0,9.0,175.87,9.0,1.0,175.87,1.123,0,2.7,0,0,0,0,0,0,1,0,0,0,0,0,0,0,0,1,1
0,25.0,1,25.0,2.0,3,2,1,0,18.0,1.0,1.0,2.0,142.58,2.0,1.0,142.58,1.037,0,2.1,0,0,0,0,0,1,0,0,0,0,0,0,1,0,0,0,1
0,0.0,1,6.0,3.0,5,2,4,0,14.0,2.0,2.0,0.0,143.64,0.0,2.0,143.64,1.575,1,3.4,0,0,0,0,0,0,1,0,0,0,0,0,1,0,1,0,0
0,2.0,1,33.0,3.0,3,3,5,0,12.0,1.0,1.0,1.0,143.35,1.0,1.0,143.35,1.073,1,2.6,0,0,1,0,0,1,0,0,0,0,1,0,0,0,0,0,0
1,0.0,3,14.0,2.0,4,5,7,0,17.0,1.0,1.0,2.0,153.26,2.0,1.0,153.26,1.08,1,2.4,0,1,0,1,0,0,0,0,0,0,1,0,0,0,0,1,1
0,7.0,1,6.0,3.0,1,2,3,0,16.0,0.0,1.0,3.0,132.8,3.0,1.0,132.8,0.981,0,1.8,0,0,1,0,0,0,1,0,0,0,0,1,0,0,0,1,0
0,27.0,1,25.0,3.0,3,5,10,1,11.0,0.0,1.0,4.0,154.85,4.0,1.0,154.85,1.059,0,2.4,0,1,0,0,0,1,0,0,0,0,1,0,0,0,1,0,0
0,2.0,3,5.0,2.0,3,2,1,0,19.0,0.0,1.0,1.0,143.42,1.0,1.0,143.42,1.074,1,1.9,0,0,0,0,0,0,0,1,0,0,1,0,0,0,0,0,1
0,10.0,1,16.0,3.0,3,5,1,1,13.0,3.0,4.0,3.0,127.82,3.0,4.0,127.82,2.161,0,3.0,0,0,1,0,0,0,1,0,0,0,0,1,0,0,1,0,0
0,11.0,1,8.0,3.0,1,5,7,1,12.0,4.0,4.0,12.0,159.8,12.0,4.0,159.8,2.255,0,2.6,0,0,0,0,0,0,1,0,0,0,1,0,0,0,0,1,0
0,7.0,1,8.0,2.0,4,5,2,0,11.0,1.0,1.0,3.0,143.81,3.0,1.0,143.81,1.025,0,2.4,0,0,1,0,0,1,0,0,0,0,0,0,1,0,0,1,0
0,8.0,3,14.0,3.0,3,2,2,0,16.0,0.0,1.0,2.0,125.72,2.0,1.0,125.72,0.97,0,2.4,0,0,1,0,0,0,1,0,0,0,0,1,0,0,0,0,0
0,3.0,1,6.0,2.0,5,3,4,0,21.0,1.0,1.0,2.0,138.33,2.0,1.0,138.33,1.02,0,2.7,0,0,1,0,0,0,1,0,0,0,0,0,1,0,0,0,1
0,13.0,1,8.0,2.0,1,4,2,0,24.0,0.0,3.0,7.0,142.44,7.0,3.0,142.44,1.795,0,1.3,0,0,0,0,0,1,0,0,0,0,1,0,0,0,0,0,0
0,7.0,3,14.0,3.0,3,5,6,0,17.0,1.0,1.0,2.0,165.0,2.0,1.0,165.0,1.127,0,2.6,0,1,0,0,0,0,1,0,0,0,1,0,0,0,0,0,0
0,15.0,1,14.0,3.0,3,2,2,0,13.0,1.0,14.0,9.0,284.3,9.0,14.0,284.3,6.757,0,2.6,0,0,0,0,0,0,1,0,0,0,0,0,0,1,1,0,1
1,9.0,1,12.0,3.0,1,5,2,1,21.0,1.0,1.0,0.0,116.00999999999999,0.0,1.0,116.00999999999999,1.064,0,2.0,0,1,0,0,0,0,1,0,0,0,0,0,1,0,0,0,1
0,0.0,1,15.0,3.0,4,4,2,0,11.0,1.0,1.0,0.0,126.94,0.0,1.0,126.94,1.108,1,2.9,0,0,0,0,0,0,1,0,0,0,0,1,0,0,1,0,1
0,25.0,1,17.0,3.0,3,3,9,0,20.0,1.0,1.0,4.0,131.49,4.0,1.0,131.49,0.966,0,2.6,0,0,1,0,0,0,1,0,0,0,1,0,0,0,0,0,0
0,23.0,1,8.0,3.0,3,3,6,0,16.0,1.0,1.0,3.0,276.39,3.0,1.0,276.39,1.556,0,2.6,0,1,0,0,0,1,0,0,0,1,0,0,0,0,0,0,1
1,0.0,1,14.0,2.0,4,5,2,1,11.0,0.0,1.0,0.0,123.19,0.0,1.0,123.19,1.093,1,2.2,0,0,1,0,0,0,1,0,0,0,0,1,0,0,0,0,0
0,6.0,1,13.0,2.0,3,3,1,0,11.0,0.0,3.0,3.0,216.91000000000003,3.0,3.0,216.91000000000003,2.118,0,1.9,0,1,0,0,0,1,0,0,0,0,0,0,0,0,0,0,1
1,0.0,3,22.0,3.0,3,5,6,0,15.0,1.0,1.0,2.0,153.24,2.0,1.0,153.24,1.08,1,2.6,0,1,0,0,0,0,0,1,0,0,1,0,0,0,0,1,0
0,20.0,1,8.0,2.0,3,2,2,1,11.0,1.0,3.0,0.0,267.52,0.0,3.0,267.52,2.47,0,2.1,1,1,0,0,0,0,0,0,1,1,0,0,0,0,0,0,0
0,9.0,1,6.0,2.0,3,4,1,0,15.0,0.0,1.0,5.0,152.28,5.0,1.0,152.28,1.042,0,1.9,0,1,0,0,0,0,0,0,1,0,1,0,0,0,0,0,0
0,2.0,1,29.0,3.0,1,3,2,0,24.0,1.0,1.0,7.0,127.0,7.0,1.0,127.0,0.933,1,2.0,0,0,1,0,0,0,1,0,0,0,0,1,0,0,0,0,1
1,20.0,1,8.0,2.0,3,4,8,1,15.0,5.0,13.0,8.0,292.46,8.0,13.0,292.46,6.392,0,2.9,0,1,0,0,0,0,1,0,0,0,0,0,0,1,0,1,1
0,8.0,1,14.0,2.0,1,3,4,0,13.0,0.0,2.0,2.0,125.06,2.0,2.0,125.06,1.367,0,1.3,0,0,1,0,0,0,1,0,0,0,0,1,0,0,0,1,0
0,15.0,1,6.0,2.0,4,2,10,1,13.0,0.0,1.0,2.0,160.62,2.0,1.0,160.62,1.109,0,2.2,1,1,0,0,0,0,1,0,0,0,1,0,0,0,0,0,0
1,0.0,1,8.0,2.0,3,3,7,0,17.0,0.0,2.0,1.0,143.82,1.0,2.0,143.82,1.475,1,1.9,0,0,1,0,0,1,0,0,0,0,0,0,1,0,0,1,1
0,9.0,2,19.0,2.0,3,4,4,0,13.0,1.0,1.0,4.0,121.43,4.0,1.0,121.43,0.926,0,2.1,0,0,1,0,0,0,0,0,1,0,0,1,0,0,0,0,1
0,5.0,1,10.0,3.0,4,3,2,0,12.0,1.0,6.0,8.0,161.62,8.0,6.0,161.62,3.069,0,2.9,0,1,0,0,0,0,1,0,0,0,1,0,0,0,0,0,0
0,13.0,1,22.0,2.0,4,3,7,0,14.0,1.0,1.0,0.0,150.94,0.0,1.0,150.94,1.204,0,2.4,0,0,0,0,0,1,0,0,0,0,1,0,0,0,0,1,1
0,3.0,1,8.0,2.0,4,2,6,1,24.0,1.0,1.0,0.0,168.77,0.0,1.0,168.77,1.275,0,2.4,1,1,0,0,0,1,0,0,0,0,1,0,0,0,0,1,0
0,9.0,1,8.0,3.0,4,3,2,0,14.0,1.0,1.0,0.0,122.74000000000001,0.0,1.0,122.74000000000001,1.091,0,2.9,0,0,1,0,0,0,1,0,0,0,0,1,0,0,0,1,0
0,15.0,1,35.0,3.0,3,4,2,0,13.0,2.0,7.0,8.0,144.34,8.0,7.0,144.34,3.4,0,2.8,0,0,1,0,0,0,1,0,0,0,1,0,0,0,0,0,1
0,11.0,1,18.0,2.0,4,5,3,0,15.0,1.0,1.0,2.0,162.88,2.0,1.0,162.88,1.118,0,2.4,0,0,0,0,0,0,1,0,0,0,1,0,0,0,1,0,1
0,7.0,1,14.0,3.0,4,2,2,0,16.0,1.0,1.0,3.0,125.53,3.0,1.0,125.53,0.952,0,2.9,0,0,0,0,0,0,1,0,0,0,0,1,0,0,0,1,0
1,12.0,3,17.0,2.0,3,2,2,0,18.0,0.0,7.0,7.0,176.54,7.0,7.0,176.54,3.531,0,1.9,0,1,0,0,0,0,0,1,0,0,0,0,0,0,0,0,0
1,18.0,3,8.0,2.0,3,2,5,0,16.0,0.0,7.0,3.0,151.6,3.0,7.0,151.6,3.456,0,1.9,0,1,0,0,0,1,0,0,0,0,1,0,0,0,0,1,1
0,16.0,1,20.0,3.0,3,5,7,0,24.0,1.0,1.0,0.0,271.59,0.0,1.0,271.59,1.686,0,2.6,0,1,0,0,0,0,1,0,0,1,0,0,0,0,0,0,1
0,0.0,1,11.0,2.0,4,2,2,1,16.0,0.0,1.0,3.0,228.07999999999998,3.0,1.0,228.07999999999998,1.362,1,2.2,1,1,0,0,1,0,0,0,0,0,0,0,0,0,1,0,1
0,8.0,1,13.0,2.0,3,3,4,0,21.0,0.0,1.0,6.0,202.21,6.0,1.0,202.21,1.237,0,1.9,0,1,0,0,0,0,0,0,1,0,0,0,0,0,0,1,1
0,1.0,3,8.0,2.0,3,4,2,1,20.0,7.0,7.0,5.0,147.79,5.0,7.0,147.79,3.424,1,3.3,0,0,1,0,0,0,0,1,0,0,1,0,0,0,0,0,0
0,7.0,2,9.0,2.0,3,2,1,0,19.0,1.0,1.0,2.0,137.37,2.0,1.0,137.37,1.016,0,2.1,0,0,1,0,0,0,0,0,1,0,0,0,1,0,0,0,1
1,0.0,1,14.0,2.0,4,3,2,1,14.0,0.0,1.0,7.0,123.66,7.0,1.0,123.66,0.92,1,2.2,0,0,0,0,0,0,0,0,0,0,0,1,0,0,0,0,0
0,9.0,1,9.0,2.0,3,2,2,0,11.0,1.0,1.0,0.0,117.06,0.0,1.0,117.06,1.068,0,2.1,0,0,0,0,0,1,0,0,0,0,0,0,1,0,0,0,1
0,24.0,3,32.0,3.0,3,3,3,0,14.0,1.0,4.0,17.0,263.07,17.0,4.0,263.07,2.663,0,2.6,0,1,0,0,0,0,0,1,0,1,0,0,0,0,0,0,0
0,17.0,1,10.0,2.0,3,4,10,0,12.0,1.0,2.0,3.0,159.33,3.0,2.0,159.33,1.487,0,2.1,0,1,0,0,0,1,0,0,0,0,1,0,0,0,0,1,1
0,0.0,1,8.0,3.0,1,5,8,0,13.0,1.0,1.0,1.0,134.24,1.0,1.0,134.24,1.037,1,2.0,0,0,1,0,0,0,0,0,0,0,0,1,0,0,0,1,1
0,6.0,3,6.0,2.0,1,5,2,0,22.0,0.0,1.0,8.0,140.37,8.0,1.0,140.37,0.984,0,1.3,0,0,1,0,0,1,0,0,0,0,1,0,0,0,1,0,1
0,8.0,1,14.0,2.0,4,5,2,0,11.0,1.0,1.0,1.0,125.59,1.0,1.0,125.59,1.002,0,2.4,0,0,1,0,0,0,0,0,0,0,0,1,0,0,0,1,0
0,9.0,3,6.0,2.0,3,2,2,1,14.0,2.0,4.0,11.0,162.01,11.0,4.0,162.01,2.265,0,2.3,1,1,0,0,0,0,1,0,0,0,1,0,0,0,0,0,1
0,5.0,3,19.0,3.0,3,2,3,0,11.0,0.0,1.0,3.0,144.03,3.0,1.0,144.03,1.026,0,2.4,0,0,1,0,0,0,1,0,0,0,1,0,0,0,1,0,1
0,3.0,1,11.0,3.0,4,2,10,0,12.0,0.0,1.0,3.0,137.61,3.0,1.0,137.61,1.0,0,2.7,0,0,0,0,0,0,1,0,0,0,0,0,1,0,1,0,1
0,26.0,3,13.0,3.0,4,2,8,1,18.0,0.0,1.0,3.0,209.33999999999997,3.0,1.0,209.33999999999997,1.287,0,2.7,1,1,0,0,0,0,0,1,0,0,0,0,0,0,0,0,0
0,18.0,3,15.0,3.0,3,5,5,1,12.0,1.0,1.0,2.0,207.61,2.0,1.0,207.61,1.297,0,2.6,0,1,0,0,0,0,0,1,0,0,0,0,0,0,1,0,1
0,5.0,1,14.0,3.0,1,3,6,0,12.0,1.0,1.0,3.0,151.75,3.0,1.0,151.75,1.057,0,2.0,0,1,0,0,0,1,0,0,0,0,1,0,0,0,0,0,0
0,25.0,1,31.0,2.0,4,2,4,0,22.0,0.0,2.0,0.0,238.26,0.0,2.0,238.26,1.953,0,2.2,0,0,0,0,0,1,0,0,0,1,0,0,0,0,0,0,0
0,10.0,3,22.0,3.0,4,3,5,0,19.0,1.0,1.0,0.0,163.34,0.0,1.0,163.34,1.253,0,2.9,0,1,0,0,0,0,0,1,0,0,1,0,0,0,1,0,1
0,1.0,2,14.0,3.0,4,2,2,0,13.0,0.0,1.0,4.0,149.36,4.0,1.0,149.36,1.037,1,2.7,0,0,1,0,0,1,0,0,0,0,0,0,1,0,1,0,1
0,0.0,1,6.0,2.0,4,2,7,0,22.0,2.0,2.0,2.0,147.75,2.0,2.0,147.75,1.458,1,2.6,0,0,1,0,0,0,1,0,0,0,1,0,0,0,0,0,1
0,17.0,1,14.0,3.0,1,2,3,1,24.0,1.0,1.0,2.0,128.18,2.0,1.0,128.18,0.979,0,2.0,1,0,1,0,0,0,1,0,0,0,0,1,0,0,0,0,1
0,15.0,1,14.0,2.0,3,2,6,1,14.0,0.0,2.0,2.0,125.15,2.0,2.0,125.15,1.367,0,1.9,1,0,0,0,0,0,0,0,0,0,0,1,0,0,0,1,1
0,9.0,2,14.0,3.0,4,5,1,0,21.0,1.0,1.0,3.0,123.41999999999999,3.0,1.0,123.41999999999999,0.944,0,2.9,0,0,1,0,0,0,1,0,0,0,0,1,0,0,0,0,1
0,0.0,3,9.0,3.0,3,5,2,1,18.0,1.0,1.0,3.0,141.94,3.0,1.0,141.94,1.018,1,2.6,0,0,1,0,0,0,0,0,1,0,1,0,0,0,0,0,1
0,8.0,1,15.0,3.0,4,3,2,1,20.0,2.0,5.0,15.0,206.85000000000002,15.0,5.0,206.85000000000002,2.84,0,3.1,0,1,0,0,0,0,1,0,0,0,0,0,0,0,0,0,0
1,9.0,1,31.0,3.0,3,4,2,1,19.0,0.0,7.0,8.0,120.22,8.0,7.0,120.22,3.303,0,2.4,0,0,0,0,0,0,1,0,0,0,0,1,0,0,1,0,0
0,5.0,1,6.0,3.0,3,2,1,0,12.0,0.0,1.0,2.0,123.13999999999999,2.0,1.0,123.13999999999999,0.959,0,2.4,0,0,0,0,0,0,1,0,0,0,0,1,0,0,1,0,1
0,0.0,3,10.0,2.0,4,5,2,0,12.0,1.0,1.0,3.0,142.56,3.0,1.0,142.56,1.02,1,2.4,0,0,1,0,0,0,0,1,0,0,1,0,0,0,0,0,1
0,22.0,1,6.0,2.0,3,5,3,0,16.0,1.0,1.0,2.0,135.8,2.0,1.0,135.8,1.01,0,2.1,0,0,1,1,0,0,0,0,0,0,0,0,1,0,0,0,0
0,0.0,1,10.0,3.0,4,2,1,0,17.0,0.0,3.0,4.0,131.62,4.0,3.0,131.62,1.766,1,2.7,0,0,0,0,0,0,1,0,0,0,0,1,0,0,0,0,1
0,5.0,3,11.0,2.0,3,4,2,0,14.0,2.0,5.0,3.0,165.24,3.0,5.0,165.24,2.711,0,2.3,0,0,0,0,0,0,1,0,0,0,1,0,0,0,0,0,1
0,11.0,3,15.0,3.0,4,4,1,0,19.0,0.0,1.0,2.0,128.99,2.0,1.0,128.99,0.983,0,2.7,0,0,1,0,0,0,0,1,0,0,0,1,0,0,0,0,1
0,15.0,1,9.0,3.0,1,2,3,1,13.0,0.0,1.0,3.0,152.31,3.0,1.0,152.31,1.059,0,1.8,1,1,0,0,0,0,1,0,0,0,1,0,0,0,0,0,0
0,4.0,1,14.0,2.0,3,2,4,1,19.0,1.0,1.0,2.0,123.56,2.0,1.0,123.56,0.961,0,2.1,1,0,1,0,0,0,1,0,0,0,0,1,0,0,0,0,1
1,0.0,3,6.0,3.0,4,3,7,1,19.0,0.0,1.0,2.0,128.0,2.0,1.0,128.0,0.979,1,2.7,0,0,1,0,0,0,0,0,0,0,0,1,0,0,1,0,0
0,26.0,3,14.0,3.0,3,2,6,0,14.0,0.0,2.0,3.0,218.36,3.0,2.0,218.36,1.723,0,2.4,0,1,0,0,0,0,0,1,0,1,0,0,0,0,0,0,1
0,8.0,1,31.0,3.0,4,4,4,0,16.0,3.0,4.0,8.0,209.02999999999997,8.0,4.0,209.02999999999997,2.458,0,3.3,0,1,0,0,1,0,0,0,0,0,0,0,0,0,0,0,1
0,10.0,3,27.0,3.0,3,2,6,0,15.0,1.0,1.0,0.0,129.73,0.0,1.0,129.73,1.119,0,2.6,0,0,0,0,0,0,0,0,0,0,0,1,0,0,0,0,0
0,26.0,1,29.0,3.0,3,2,7,0,18.0,2.0,2.0,8.0,242.75,8.0,2.0,242.75,1.793,0,2.8,0,1,0,0,0,0,1,0,0,1,0,0,0,0,0,1,0
0,16.0,1,6.0,2.0,3,2,5,0,13.0,1.0,2.0,2.0,155.62,2.0,2.0,155.62,1.489,0,2.1,0,0,0,0,0,0,1,0,0,0,1,0,0,0,0,0,0
0,20.0,3,8.0,2.0,3,2,1,1,22.0,5.0,7.0,7.0,145.37,7.0,7.0,145.37,3.406,0,2.9,1,0,1,0,0,0,0,1,0,0,1,0,0,0,0,0,0
0,10.0,3,25.0,2.0,3,4,2,1,13.0,0.0,1.0,9.0,176.42,9.0,1.0,176.42,1.126,0,1.9,0,0,0,0,0,1,0,0,0,0,0,0,0,0,0,1,1
0,23.0,1,8.0,3.0,3,5,2,0,11.0,1.0,14.0,7.0,279.24,7.0,14.0,279.24,6.742,0,2.6,0,0,0,0,0,0,1,0,0,1,0,0,0,0,1,0,1
0,12.0,2,8.0,2.0,4,2,9,0,11.0,0.0,1.0,4.0,152.04,4.0,1.0,152.04,1.048,0,2.2,0,1,0,0,0,0,1,0,0,0,1,0,0,0,0,0,0
0,9.0,2,9.0,2.0,3,4,4,1,11.0,0.0,1.0,3.0,122.77000000000001,3.0,1.0,122.77000000000001,0.941,0,1.9,0,0,1,0,0,0,0,0,1,0,0,1,0,0,1,0,1
1,0.0,1,31.0,3.0,3,2,2,1,24.0,1.0,1.0,1.0,127.94999999999999,1.0,1.0,127.94999999999999,1.012,1,2.6,1,0,1,0,0,0,1,0,0,0,0,1,0,0,0,1,1
0,2.0,1,14.0,3.0,4,2,7,0,14.0,1.0,1.0,3.0,125.32,3.0,1.0,125.32,0.951,1,2.9,0,0,1,0,0,0,0,0,0,0,0,1,0,0,1,0,0
0,17.0,1,14.0,3.0,3,5,2,1,13.0,2.0,7.0,1.0,125.59,1.0,7.0,125.59,3.402,0,2.8,0,0,1,0,0,0,1,0,0,0,0,1,0,0,0,0,1
0,1.0,3,11.0,3.0,3,2,2,0,14.0,1.0,1.0,2.0,149.08,2.0,1.0,149.08,1.063,1,2.6,0,0,1,0,0,1,0,0,0,0,1,0,0,0,0,1,1
1,20.0,1,14.0,2.0,4,2,10,1,14.0,0.0,1.0,0.0,123.80000000000001,0.0,1.0,123.80000000000001,1.095,0,2.2,1,0,0,0,0,0,1,0,0,0,0,1,0,0,1,0,1
0,16.0,1,14.0,2.0,3,4,5,0,21.0,1.0,1.0,0.0,147.65,0.0,1.0,147.65,1.191,0,2.1,0,0,1,0,0,0,1,0,0,0,1,0,0,0,1,0,0
1,9.0,3,8.0,2.0,4,3,2,0,13.0,0.0,1.0,2.0,120.44,2.0,1.0,120.44,0.948,0,2.2,0,0,1,0,0,0,0,0,0,0,0,1,0,0,0,1,0
1,0.0,1,24.0,3.0,3,2,2,0,19.0,1.0,1.0,0.0,126.93,0.0,1.0,126.93,1.108,1,2.6,0,0,1,0,0,0,0,0,1,0,0,1,0,0,0,1,0
0,9.0,1,20.0,3.0,3,2,1,1,17.0,4.0,4.0,11.0,165.86,11.0,4.0,165.86,2.28,0,3.2,1,1,0,0,0,0,1,0,0,0,1,0,0,0,0,0,1
0,20.0,3,8.0,3.0,4,2,2,1,18.0,1.0,1.0,2.0,132.94,2.0,1.0,132.94,0.998,0,2.9,1,0,1,0,0,0,1,0,0,0,0,1,0,0,0,1,0
1,0.0,1,9.0,2.0,3,3,1,1,19.0,1.0,1.0,2.0,141.71,2.0,1.0,141.71,1.034,1,2.1,0,0,1,0,0,0,1,0,0,0,1,0,0,0,0,0,0
1,4.0,1,8.0,3.0,5,2,5,1,13.0,0.0,1.0,0.0,127.78,0.0,1.0,127.78,1.111,0,3.0,1,0,1,0,0,0,1,0,0,0,0,1,0,0,1,0,0
0,1.0,1,14.0,3.0,3,3,6,0,18.0,2.0,2.0,2.0,123.77000000000001,2.0,2.0,123.77000000000001,1.362,1,2.8,0,0,1,0,0,0,0,0,0,0,0,1,0,0,1,0,0
1,2.0,1,14.0,3.0,3,5,8,1,21.0,1.0,2.0,2.0,124.03999999999999,2.0,2.0,124.03999999999999,1.363,1,2.6,0,0,1,0,0,0,0,0,0,0,0,1,0,0,0,0,1
0,0.0,1,14.0,3.0,3,3,2,0,19.0,1.0,1.0,0.0,123.18,0.0,1.0,123.18,1.093,1,2.6,0,0,1,0,0,0,1,0,0,0,0,1,0,0,0,1,0
0,9.0,1,16.0,2.0,3,4,2,0,14.0,1.0,1.0,0.0,120.08000000000001,0.0,1.0,120.08000000000001,1.08,0,2.1,0,1,0,0,0,0,1,0,0,0,0,1,0,0,1,0,1
0,15.0,3,20.0,3.0,4,3,8,0,17.0,0.0,1.0,3.0,162.44,3.0,1.0,162.44,1.1,0,2.7,0,1,0,0,0,1,0,0,0,0,1,0,0,0,0,1,0
0,6.0,1,6.0,3.0,4,5,4,1,11.0,0.0,1.0,2.0,127.99000000000001,2.0,1.0,127.99000000000001,0.979,0,2.7,0,0,1,0,0,0,0,0,1,0,0,1,0,0,0,1,1
0,30.0,1,11.0,2.0,4,4,3,1,13.0,1.0,1.0,4.0,205.52,4.0,1.0,205.52,1.262,0,2.4,0,1,0,0,1,0,0,0,0,0,0,0,0,0,1,0,0
0,4.0,3,14.0,2.0,4,3,4,0,15.0,3.0,5.0,2.0,123.28999999999999,2.0,5.0,123.28999999999999,2.56,0,2.8,0,0,1,0,0,0,1,0,0,0,0,1,0,0,0,0,1
0,8.0,1,27.0,2.0,3,2,2,1,25.0,0.0,1.0,7.0,140.14,7.0,1.0,140.14,0.986,0,1.9,1,0,1,0,0,0,1,0,0,0,1,0,0,0,0,0,0
0,22.0,1,14.0,2.0,3,4,5,0,11.0,0.0,1.0,7.0,174.03,7.0,1.0,174.03,1.121,0,1.9,0,1,0,0,0,0,0,0,1,0,0,0,0,0,0,0,0
0,9.0,1,26.0,2.0,3,3,5,0,17.0,0.0,1.0,0.0,122.59,0.0,1.0,122.59,1.09,0,1.9,0,0,1,0,0,0,0,0,0,0,0,1,0,0,0,0,1
0,4.0,3,26.0,2.0,3,3,2,0,13.0,1.0,1.0,0.0,169.32,0.0,1.0,169.32,1.277,0,2.1,0,0,0,0,0,0,0,1,0,0,1,0,0,0,0,0,0
0,9.0,1,13.0,3.0,3,2,3,0,18.0,0.0,1.0,1.0,146.78,1.0,1.0,146.78,1.087,0,2.4,0,0,1,0,0,0,0,0,1,0,0,0,1,0,0,1,1
0,11.0,1,6.0,3.0,3,5,2,0,13.0,3.0,2.0,11.0,235.82,11.0,2.0,235.82,1.76,0,3.0,0,1,0,0,1,0,0,0,0,0,0,0,0,0,0,0,0
0,5.0,1,14.0,3.0,4,4,7,0,20.0,1.0,1.0,2.0,123.32,2.0,1.0,123.32,0.96,0,2.9,0,0,0,0,0,0,1,0,0,0,0,1,0,0,0,0,0
1,0.0,3,14.0,2.0,4,4,2,1,18.0,0.0,1.0,0.0,124.13,0.0,1.0,124.13,1.097,1,2.2,0,0,1,0,0,0,0,1,0,0,0,1,0,0,0,0,1
0,13.0,3,16.0,3.0,4,4,3,0,12.0,1.0,1.0,0.0,197.05,0.0,1.0,197.05,1.388,0,2.9,0,1,0,0,0,0,0,1,0,0,0,0,0,0,1,0,1
0,0.0,3,6.0,2.0,4,5,2,0,12.0,1.0,1.0,7.0,142.94,7.0,1.0,142.94,0.997,1,2.4,0,0,0,0,0,1,0,0,0,0,1,0,0,0,0,1,1
0,14.0,1,12.0,2.0,3,5,3,1,13.0,1.0,2.0,17.0,147.21,17.0,2.0,147.21,1.4,0,2.1,0,0,1,0,0,1,0,0,0,0,0,0,1,0,0,1,1
0,9.0,1,14.0,3.0,3,3,5,0,21.0,2.0,3.0,9.0,125.19,9.0,3.0,125.19,1.721,0,2.8,0,0,1,0,0,0,0,0,0,0,0,1,0,0,0,1,1
1,9.0,3,27.0,2.0,4,4,2,1,13.0,0.0,1.0,0.0,121.21000000000001,0.0,1.0,121.21000000000001,1.085,0,2.2,0,0,1,0,0,0,0,0,1,0,0,1,0,0,0,1,1
1,0.0,1,10.0,3.0,3,5,2,0,19.0,1.0,1.0,0.0,129.73,0.0,1.0,129.73,1.119,1,2.6,0,0,1,1,0,0,0,0,0,0,0,1,0,0,0,1,1
0,4.0,1,18.0,2.0,3,2,1,1,11.0,0.0,8.0,5.0,158.55,5.0,8.0,158.55,3.868,0,1.9,1,1,0,0,0,1,0,0,0,0,1,0,0,0,0,0,0
0,13.0,1,15.0,2.0,3,4,9,1,14.0,0.0,1.0,0.0,136.17,0.0,1.0,136.17,1.145,0,1.9,0,0,0,0,0,1,0,0,0,0,0,0,1,0,1,0,1
0,5.0,1,9.0,3.0,3,5,2,0,12.0,6.0,6.0,3.0,167.25,3.0,6.0,167.25,3.119,0,3.6,0,1,0,0,0,1,0,0,0,0,1,0,0,0,0,0,0
1,0.0,3,9.0,2.0,4,2,2,1,11.0,3.0,3.0,7.0,203.25,7.0,3.0,203.25,2.038,1,2.8,1,1,0,0,0,0,1,0,0,0,0,0,0,0,0,0,1
0,6.0,1,6.0,2.0,4,2,1,0,14.0,0.0,1.0,4.0,169.49,4.0,1.0,169.49,1.118,0,2.2,0,1,0,0,0,0,1,0,0,0,1,0,0,0,0,1,0
1,0.0,3,6.0,2.0,4,3,6,0,11.0,1.0,11.0,7.0,206.08999999999997,7.0,11.0,206.08999999999997,5.249,1,2.4,0,1,0,0,0,0,1,0,0,0,0,0,0,0,0,0,1
0,18.0,1,10.0,2.0,3,4,2,0,12.0,1.0,1.0,8.0,144.47,8.0,1.0,144.47,1.0,0,2.1,0,0,0,0,0,0,1,0,0,0,1,0,0,0,0,0,1
0,9.0,3,26.0,2.0,3,2,2,0,15.0,0.0,1.0,2.0,121.57,2.0,1.0,121.57,0.953,0,1.9,0,0,0,0,1,0,0,0,0,0,0,1,0,0,0,0,0
0,8.0,3,24.0,2.0,3,3,2,0,16.0,1.0,1.0,0.0,146.01,0.0,1.0,146.01,1.184,0,2.1,0,0,1,0,0,1,0,0,0,0,1,0,0,0,0,0,0
0,25.0,1,6.0,3.0,3,2,3,0,15.0,1.0,7.0,8.0,270.99,8.0,7.0,270.99,3.906,0,2.6,0,1,0,0,0,0,1,0,0,1,0,0,0,0,0,0,1
1,20.0,1,14.0,2.0,3,3,5,0,24.0,1.0,1.0,0.0,124.78999999999999,0.0,1.0,124.78999999999999,1.099,0,2.1,0,0,1,1,0,0,0,0,0,0,0,1,0,0,0,1,1
0,26.0,3,8.0,2.0,3,3,7,0,13.0,2.0,2.0,2.0,248.51999999999998,2.0,2.0,248.51999999999998,1.861,0,2.3,0,1,0,0,0,1,0,0,0,1,0,0,0,0,1,0,1
0,3.0,3,14.0,3.0,3,3,6,0,11.0,4.0,7.0,7.0,172.64,7.0,7.0,172.64,3.516,0,3.2,0,1,0,0,0,0,0,0,1,0,0,0,0,0,1,0,1
0,11.0,3,16.0,2.0,3,2,2,1,13.0,0.0,1.0,3.0,156.66,3.0,1.0,156.66,1.077,0,1.9,1,0,0,1,0,0,0,0,0,0,1,0,0,0,0,1,0
0,8.0,3,9.0,3.0,3,2,7,0,13.0,0.0,1.0,8.0,178.23,8.0,1.0,178.23,1.135,0,2.4,0,1,0,0,0,0,1,0,0,0,0,0,0,0,1,0,1
0,12.0,3,8.0,2.0,1,3,1,0,18.0,1.0,1.0,7.0,178.8,7.0,1.0,178.8,1.14,0,1.5,0,1,0,0,0,0,1,0,0,0,0,0,0,0,0,1,1
1,3.0,3,30.0,3.0,1,4,5,1,16.0,1.0,2.0,0.0,231.94,0.0,2.0,231.94,1.928,0,2.0,0,0,0,0,0,0,1,0,0,1,0,0,0,0,0,1,0
0,20.0,1,22.0,3.0,1,3,2,1,19.0,0.0,2.0,7.0,150.67,7.0,2.0,150.67,1.428,0,1.8,0,0,0,0,0,1,0,0,0,0,1,0,0,0,1,0,1
0,9.0,3,14.0,2.0,3,2,5,0,13.0,1.0,1.0,7.0,150.79,7.0,1.0,150.79,1.028,0,2.1,0,0,0,1,0,0,0,0,0,0,1,0,0,0,1,0,1
1,0.0,1,14.0,2.0,4,5,1,1,22.0,1.0,1.0,2.0,123.21000000000001,2.0,1.0,123.21000000000001,0.96,1,2.4,0,0,0,0,0,0,0,0,0,0,0,1,0,0,0,1,1
0,6.0,3,23.0,2.0,3,3,2,0,11.0,1.0,6.0,0.0,274.44,0.0,6.0,274.44,3.698,0,2.1,0,0,0,0,0,0,1,0,0,1,0,0,0,0,0,1,1
1,0.0,1,14.0,3.0,4,5,7,1,20.0,1.0,1.0,0.0,124.03999999999999,0.0,1.0,124.03999999999999,1.096,1,2.9,0,0,1,0,0,0,1,0,0,0,0,1,0,0,0,1,0
0,6.0,1,19.0,2.0,3,2,4,0,18.0,1.0,1.0,2.0,134.52,2.0,1.0,134.52,1.005,0,2.1,0,0,1,0,0,0,1,0,0,0,0,1,0,0,0,1,0
0,9.0,1,6.0,3.0,3,2,4,0,14.0,0.0,1.0,2.0,122.69999999999999,2.0,1.0,122.69999999999999,0.957,0,2.4,0,0,1,0,0,0,0,0,0,0,0,1,0,0,1,0,0
0,23.0,1,6.0,3.0,3,2,10,0,22.0,1.0,1.0,3.0,273.99,3.0,1.0,273.99,1.546,0,2.6,0,1,0,0,0,1,0,0,0,1,0,0,0,0,1,0,1
0,6.0,1,6.0,2.0,1,4,2,1,13.0,0.0,1.0,2.0,154.88,2.0,1.0,154.88,1.086,0,1.3,0,0,0,0,0,0,0,0,1,0,1,0,0,0,0,0,0
0,14.0,1,15.0,3.0,3,3,3,0,15.0,1.0,1.0,11.0,294.19,11.0,1.0,294.19,1.593,0,2.6,0,0,0,0,0,1,0,0,0,0,0,0,0,1,1,0,1
0,0.0,1,22.0,3.0,3,4,10,0,14.0,2.0,2.0,2.0,128.11,2.0,2.0,128.11,1.379,1,2.8,0,0,1,1,0,0,0,0,0,0,0,1,0,0,0,0,0
0,18.0,1,29.0,2.0,3,5,2,1,15.0,1.0,1.0,8.0,136.33,8.0,1.0,136.33,0.968,0,2.1,0,0,0,0,0,0,1,0,0,0,1,0,0,0,0,0,1
0,20.0,3,10.0,2.0,3,2,2,1,17.0,1.0,1.0,7.0,141.63,7.0,1.0,141.63,0.992,0,2.1,1,0,1,0,0,0,1,0,0,0,1,0,0,0,0,1,0
1,9.0,1,28.0,2.0,3,3,5,1,11.0,0.0,1.0,1.0,121.32,1.0,1.0,121.32,0.985,0,1.9,0,0,1,0,0,0,1,0,0,0,0,1,0,0,0,0,0
0,23.0,1,30.0,3.0,3,3,4,1,18.0,0.0,2.0,5.0,239.73000000000002,5.0,2.0,239.73000000000002,1.792,0,2.4,0,1,0,0,0,0,1,0,0,1,0,0,0,0,0,0,1
0,11.0,1,16.0,3.0,3,3,1,0,17.0,0.0,1.0,2.0,126.84,2.0,1.0,126.84,0.974,0,2.4,0,0,0,0,0,0,0,0,0,0,0,1,0,0,0,0,1
0,19.0,1,13.0,3.0,3,3,7,0,13.0,0.0,1.0,7.0,208.45,7.0,1.0,208.45,1.259,0,2.4,0,1,0,0,0,1,0,0,0,0,0,0,0,0,1,0,1
0,0.0,1,23.0,2.0,4,3,2,0,15.0,2.0,3.0,2.0,143.77,2.0,3.0,143.77,1.842,1,2.6,0,0,1,0,0,1,0,0,0,0,1,0,0,0,1,0,0
1,0.0,1,20.0,2.0,4,4,2,1,24.0,1.0,1.0,2.0,137.43,2.0,1.0,137.43,1.016,1,2.4,0,0,1,0,0,0,0,0,1,0,0,0,1,0,1,0,1
0,4.0,1,6.0,3.0,3,5,2,0,12.0,1.0,1.0,3.0,141.48,3.0,1.0,141.48,1.016,0,2.6,0,0,0,0,0,0,1,0,0,0,1,0,0,0,0,0,0
0,0.0,1,11.0,3.0,3,2,2,0,15.0,1.0,1.0,0.0,110.50999999999999,0.0,1.0,110.50999999999999,1.042,1,2.6,0,0,0,0,0,0,1,0,0,0,0,0,1,0,0,1,1
0,27.0,1,23.0,2.0,3,3,9,0,11.0,1.0,1.0,8.0,207.39,8.0,1.0,207.39,1.252,0,2.1,0,1,0,0,1,0,0,0,0,0,0,0,0,0,0,0,0
0,8.0,1,31.0,2.0,3,3,2,1,11.0,2.0,10.0,1.0,203.88,1.0,10.0,203.88,4.916,0,2.3,0,1,0,0,0,1,0,0,0,0,0,0,0,0,1,0,0
0,3.0,1,14.0,3.0,1,5,1,1,12.0,0.0,1.0,3.0,214.16000000000003,3.0,1.0,214.16000000000003,1.307,0,1.8,0,1,0,0,0,0,1,0,0,0,0,0,0,0,0,0,0
1,0.0,1,14.0,3.0,4,5,2,1,15.0,0.0,1.0,0.0,126.0,0.0,1.0,126.0,1.104,1,2.7,0,0,1,0,0,0,0,0,0,0,0,1,0,0,0,1,0
1,0.0,1,14.0,2.0,3,4,1,0,17.0,0.0,1.0,2.0,124.22,2.0,1.0,124.22,0.964,1,1.9,0,0,0,0,0,0,0,0,0,0,0,1,0,0,0,1,0
0,0.0,1,8.0,2.0,1,2,2,0,12.0,1.0,1.0,3.0,154.72,3.0,1.0,154.72,1.069,1,1.5,0,1,0,0,0,1,0,0,0,0,1,0,0,0,0,0,1
0,0.0,1,14.0,3.0,5,5,2,0,15.0,1.0,1.0,1.0,124.50999999999999,1.0,1.0,124.50999999999999,0.998,1,3.2,0,0,1,0,0,0,1,0,0,0,0,1,0,0,0,0,1
0,21.0,1,12.0,3.0,4,3,3,0,13.0,0.0,2.0,2.0,142.4,2.0,2.0,142.4,1.436,0,2.7,0,0,1,0,0,0,1,0,0,0,1,0,0,0,0,1,1
0,21.0,1,10.0,3.0,4,3,8,0,14.0,1.0,4.0,3.0,209.99,3.0,4.0,209.99,2.49,0,2.9,0,1,0,0,0,0,1,0,0,0,0,0,0,0,0,1,1
0,14.0,1,13.0,2.0,3,3,7,0,14.0,1.0,2.0,1.0,150.03,1.0,2.0,150.03,1.5,0,2.1,0,1,0,0,0,1,0,0,0,0,1,0,0,0,0,1,0
0,12.0,1,6.0,3.0,4,2,2,0,16.0,0.0,11.0,3.0,227.42000000000002,3.0,11.0,227.42000000000002,5.36,0,2.7,0,1,0,0,0,0,1,0,0,1,0,0,0,0,0,0,0
0,0.0,1,8.0,2.0,3,2,1,0,18.0,0.0,2.0,2.0,142.27,2.0,2.0,142.27,1.436,1,1.9,0,0,1,0,0,0,1,0,0,0,1,0,0,0,0,0,0
0,8.0,1,16.0,2.0,3,2,2,0,20.0,1.0,1.0,2.0,139.17,2.0,1.0,139.17,1.023,0,2.1,0,0,1,0,0,0,0,0,1,0,0,0,1,0,1,0,1
0,15.0,3,11.0,2.0,3,3,7,0,13.0,1.0,1.0,0.0,283.03,0.0,1.0,283.03,1.732,0,2.1,0,1,0,0,0,0,0,1,0,0,0,0,0,1,0,0,1
0,23.0,1,14.0,3.0,3,2,5,0,18.0,1.0,1.0,0.0,123.80000000000001,0.0,1.0,123.80000000000001,1.095,0,2.6,0,0,1,0,0,0,1,0,0,0,0,1,0,0,0,0,1
0,30.0,1,8.0,3.0,4,2,4,1,13.0,0.0,2.0,3.0,237.26,3.0,2.0,237.26,1.799,0,2.7,1,1,0,0,0,0,1,0,0,1,0,0,0,0,0,1,0
1,0.0,1,17.0,3.0,5,4,6,0,15.0,1.0,1.0,0.0,147.77,0.0,1.0,147.77,1.191,1,3.2,0,0,1,0,0,1,0,0,0,0,1,0,0,0,0,0,0
0,28.0,1,24.0,3.0,3,4,4,1,14.0,6.0,6.0,7.0,163.85,7.0,6.0,163.85,3.08,0,3.6,0,0,0,0,0,1,0,0,0,0,1,0,0,0,0,0,1
0,14.0,1,13.0,2.0,5,3,2,0,15.0,1.0,5.0,10.0,299.73,10.0,5.0,299.73,3.217,0,2.7,0,0,0,0,0,0,1,0,0,0,0,0,0,1,1,0,0
0,11.0,3,9.0,2.0,3,2,9,1,12.0,1.0,1.0,0.0,168.61,0.0,1.0,168.61,1.274,0,2.1,1,1,0,0,0,0,1,0,0,0,1,0,0,0,0,1,1
1,0.0,3,35.0,3.0,5,5,9,0,18.0,0.0,2.0,2.0,149.69,2.0,2.0,149.69,1.465,1,3.0,0,0,0,0,0,1,0,0,0,0,1,0,0,0,0,1,1
1,15.0,3,8.0,2.0,5,2,2,0,15.0,5.0,6.0,9.0,298.45,9.0,6.0,298.45,3.614,0,3.5,0,1,0,0,0,0,0,1,0,0,0,0,0,1,0,0,0
0,17.0,3,34.0,2.0,1,2,4,1,18.0,1.0,2.0,11.0,233.2,11.0,2.0,233.2,1.749,0,1.5,1,1,0,0,0,1,0,0,0,1,0,0,0,0,0,0,0
0,23.0,3,6.0,3.0,3,3,1,0,12.0,1.0,1.0,13.0,163.47,13.0,1.0,163.47,1.068,0,2.6,0,0,0,0,0,0,1,0,0,0,1,0,0,0,0,0,0
1,0.0,1,22.0,3.0,1,5,2,0,16.0,15.0,15.0,14.0,127.43,14.0,15.0,127.43,6.523,1,4.8,0,0,1,0,0,0,1,0,0,0,0,1,0,0,0,1,0
0,12.0,1,28.0,2.0,3,5,2,1,13.0,1.0,2.0,8.0,208.8,8.0,2.0,208.8,1.657,0,2.1,0,0,0,0,0,1,0,0,0,0,0,0,0,0,0,1,0
0,6.0,3,14.0,2.0,4,2,1,0,19.0,2.0,2.0,2.0,123.41999999999999,2.0,2.0,123.41999999999999,1.36,0,2.6,0,0,0,0,0,0,1,0,0,0,0,1,0,0,0,1,0
0,18.0,3,17.0,2.0,3,2,4,0,13.0,1.0,1.0,1.0,276.5,1.0,1.0,276.5,1.606,0,2.1,0,1,0,0,0,0,1,0,0,1,0,0,0,0,0,0,0
0,5.0,1,35.0,3.0,3,3,10,0,12.0,5.0,7.0,7.0,140.25,7.0,7.0,140.25,3.386,0,3.4,0,0,0,0,0,1,0,0,0,0,0,0,1,0,0,1,0
0,7.0,3,6.0,3.0,1,2,1,0,11.0,1.0,1.0,9.0,197.25,9.0,1.0,197.25,1.209,0,2.0,0,1,0,0,0,0,0,1,0,0,1,0,0,0,1,0,1
0,30.0,3,6.0,3.0,3,2,4,1,14.0,0.0,1.0,3.0,219.04000000000002,3.0,1.0,219.04000000000002,1.326,0,2.4,1,1,0,0,1,0,0,0,0,0,0,0,0,0,0,0,1
0,9.0,2,30.0,2.0,3,4,2,0,16.0,0.0,1.0,4.0,121.77000000000001,4.0,1.0,121.77000000000001,0.927,0,1.9,0,0,1,0,0,0,0,0,0,0,0,1,0,0,0,1,1
0,26.0,3,8.0,2.0,4,4,3,0,12.0,0.0,6.0,12.0,175.25,12.0,6.0,175.25,3.116,0,2.2,0,0,0,0,0,0,0,1,0,0,0,0,0,0,0,0,0
1,0.0,1,21.0,2.0,3,3,8,0,14.0,0.0,1.0,0.0,148.34,0.0,1.0,148.34,1.193,1,1.9,0,0,1,0,0,0,0,0,1,0,1,0,0,0,1,0,1
1,9.0,1,8.0,2.0,3,5,7,1,14.0,1.0,1.0,2.0,120.41999999999999,2.0,1.0,120.41999999999999,0.948,0,2.1,0,0,0,0,0,0,1,0,0,0,0,1,0,0,0,0,1
0,9.0,3,16.0,2.0,3,3,2,1,19.0,0.0,1.0,0.0,122.19999999999999,0.0,1.0,122.19999999999999,1.089,0,1.9,0,0,1,0,0,0,1,0,0,0,0,1,0,0,0,0,0
0,1.0,3,16.0,3.0,3,4,2,0,22.0,1.0,1.0,0.0,110.52000000000001,0.0,1.0,110.52000000000001,1.042,1,2.6,0,1,0,0,0,1,0,0,0,0,0,0,1,0,0,0,1
0,11.0,1,9.0,3.0,3,3,4,0,16.0,2.0,2.0,2.0,128.21,2.0,2.0,128.21,1.38,0,2.8,0,0,0,0,0,0,0,0,1,0,0,1,0,0,0,0,1
0,23.0,1,8.0,3.0,3,3,3,1,15.0,7.0,7.0,7.0,292.37,7.0,7.0,292.37,3.994,0,3.8,0,1,0,0,0,1,0,0,0,0,0,0,0,1,0,0,1
0,10.0,1,9.0,2.0,3,4,4,0,15.0,1.0,1.0,1.0,141.07,1.0,1.0,141.07,1.064,0,2.1,0,0,1,0,0,0,0,0,1,0,1,0,0,0,0,1,0
0,13.0,3,32.0,3.0,3,5,2,0,14.0,5.0,7.0,5.0,183.96,5.0,7.0,183.96,3.569,0,3.4,0,1,0,0,0,0,0,1,0,0,1,0,0,0,0,0,1
0,9.0,1,6.0,3.0,4,3,2,0,13.0,1.0,1.0,3.0,120.07,3.0,1.0,120.07,0.93,0,2.9,0,0,0,0,0,0,0,0,0,0,0,1,0,0,1,0,0
0,19.0,1,6.0,2.0,3,2,10,0,15.0,1.0,2.0,2.0,296.27,2.0,2.0,296.27,2.052,0,2.1,0,1,0,0,0,1,0,0,0,0,0,0,0,1,1,0,1
0,27.0,3,8.0,2.0,4,3,7,0,11.0,6.0,7.0,0.0,206.86,0.0,7.0,206.86,3.827,0,3.4,0,1,0,0,0,0,1,0,0,0,0,0,0,0,0,0,0
0,29.0,1,15.0,3.0,3,3,3,0,19.0,0.0,1.0,3.0,129.42,3.0,1.0,129.42,0.968,0,2.4,0,0,0,0,0,0,0,0,0,0,0,1,0,0,0,0,0
0,9.0,1,18.0,2.0,4,2,1,0,11.0,5.0,7.0,8.0,188.58,8.0,7.0,188.58,3.577,0,3.2,0,1,0,0,0,1,0,0,0,0,0,0,0,0,0,1,0
0,28.0,1,8.0,2.0,4,5,8,0,15.0,1.0,6.0,2.0,267.56,2.0,6.0,267.56,3.537,0,2.4,0,0,0,0,0,1,0,0,0,1,0,0,0,0,0,1,1
0,16.0,3,31.0,3.0,4,2,6,0,13.0,1.0,2.0,0.0,234.0,0.0,2.0,234.0,1.936,0,2.9,0,1,0,0,0,1,0,0,0,0,0,0,0,0,1,0,1
1,0.0,3,14.0,2.0,3,2,2,1,14.0,0.0,1.0,2.0,123.22999999999999,2.0,1.0,123.22999999999999,0.96,1,1.9,1,0,0,0,0,0,0,1,0,0,0,1,0,0,0,1,0
1,9.0,1,16.0,2.0,4,5,2,0,13.0,1.0,1.0,0.0,114.16,0.0,1.0,114.16,1.057,0,2.4,0,1,0,0,0,0,1,0,0,0,0,0,1,0,0,1,0
0,19.0,1,14.0,3.0,4,5,9,1,23.0,1.0,1.0,7.0,146.15,7.0,1.0,146.15,1.01,0,2.9,0,0,1,0,0,0,1,0,0,0,1,0,0,0,1,0,0
1,14.0,1,14.0,2.0,3,3,10,1,12.0,1.0,2.0,7.0,124.61000000000001,7.0,2.0,124.61000000000001,1.323,0,2.1,0,0,1,0,0,0,1,0,0,0,0,1,0,0,0,0,1
1,0.0,1,30.0,3.0,4,5,2,0,12.0,0.0,1.0,9.0,187.22,9.0,1.0,187.22,1.169,1,2.7,0,0,0,1,0,0,0,0,0,0,0,0,0,0,0,1,1
0,0.0,1,6.0,2.0,4,5,2,0,16.0,0.0,1.0,3.0,139.55,3.0,1.0,139.55,1.008,1,2.2,0,0,1,0,0,1,0,0,0,0,0,0,1,0,0,0,1
0,3.0,1,26.0,2.0,3,5,1,0,15.0,1.0,1.0,2.0,199.57,2.0,1.0,199.57,1.265,0,2.1,0,1,0,0,0,0,0,0,1,0,1,0,0,0,0,0,1
0,14.0,1,13.0,2.0,1,3,2,0,13.0,1.0,1.0,8.0,133.76,8.0,1.0,133.76,0.957,0,1.5,0,0,1,1,0,0,0,0,0,0,0,1,0,0,0,0,0
0,11.0,1,23.0,3.0,4,3,1,0,18.0,0.0,1.0,9.0,188.23,9.0,1.0,188.23,1.173,0,2.7,0,1,0,0,0,0,1,0,0,0,0,0,0,0,0,0,0
0,13.0,1,26.0,3.0,3,2,5,0,20.0,4.0,11.0,1.0,203.22,1.0,11.0,203.22,5.313,0,3.2,0,1,0,0,1,0,0,0,0,0,0,0,0,0,0,0,1
0,0.0,1,14.0,2.0,5,3,2,0,19.0,1.0,1.0,2.0,146.21,2.0,1.0,146.21,1.052,1,2.7,0,0,0,0,0,0,1,0,0,0,0,0,1,0,0,0,1
0,28.0,1,8.0,3.0,3,4,4,0,18.0,1.0,1.0,3.0,209.76,3.0,1.0,209.76,1.289,0,2.6,0,0,0,0,0,0,1,0,0,0,0,0,0,0,0,0,1
0,1.0,1,16.0,2.0,3,3,4,0,13.0,1.0,1.0,7.0,136.6,7.0,1.0,136.6,0.971,1,2.1,0,0,1,0,0,0,0,0,1,0,1,0,0,0,0,1,0
1,7.0,2,6.0,3.0,4,5,10,0,14.0,2.0,3.0,6.0,204.82,6.0,3.0,204.82,2.048,0,3.1,0,1,0,0,0,1,0,0,0,0,0,0,0,0,0,0,1
0,6.0,1,11.0,2.0,4,2,5,0,15.0,0.0,1.0,2.0,171.19,2.0,1.0,171.19,1.151,0,2.2,0,1,0,0,0,0,1,0,0,0,0,0,0,0,1,0,1
1,0.0,3,10.0,2.0,3,5,1,1,22.0,3.0,4.0,7.0,195.82,7.0,4.0,195.82,2.408,1,2.5,0,1,0,0,1,0,0,0,0,0,0,0,0,0,0,1,1
1,0.0,1,35.0,2.0,4,3,2,0,22.0,3.0,3.0,8.0,145.08,8.0,3.0,145.08,1.803,1,2.8,0,0,0,0,0,1,0,0,0,0,1,0,0,0,0,1,0
0,9.0,1,21.0,2.0,3,3,2,0,16.0,2.0,2.0,2.0,122.07,2.0,2.0,122.07,1.355,0,2.3,0,0,1,0,0,0,1,0,0,0,0,1,0,0,1,0,1
0,7.0,1,9.0,2.0,3,2,1,0,17.0,1.0,1.0,4.0,177.56,4.0,1.0,177.56,1.15,0,2.1,0,0,0,0,0,0,1,0,0,0,1,0,0,0,0,1,1
0,10.0,3,16.0,2.0,4,2,3,1,14.0,0.0,1.0,0.0,166.94,0.0,1.0,166.94,1.268,0,2.2,1,1,0,0,0,0,1,0,0,0,1,0,0,0,1,0,0
1,0.0,1,10.0,2.0,3,2,2,1,15.0,5.0,5.0,6.0,136.91,6.0,5.0,136.91,2.576,1,2.9,1,0,1,1,0,0,0,0,0,0,0,0,1,0,0,0,1
1,0.0,1,14.0,2.0,3,3,2,0,20.0,1.0,1.0,0.0,123.77000000000001,0.0,1.0,123.77000000000001,1.095,1,2.1,0,0,1,0,0,0,0,0,0,0,0,1,0,0,1,0,1
1,9.0,1,31.0,2.0,4,4,5,1,20.0,0.0,2.0,2.0,123.13,2.0,2.0,123.13,1.359,0,2.2,0,0,1,0,0,0,0,0,0,0,0,1,0,0,0,1,1
0,15.0,1,8.0,2.0,3,5,1,0,17.0,1.0,13.0,7.0,276.65,7.0,13.0,276.65,6.332,0,2.1,0,1,0,0,0,1,0,0,0,1,0,0,0,0,0,0,1
1,0.0,1,14.0,2.0,4,4,2,0,15.0,0.0,1.0,0.0,125.96000000000001,0.0,1.0,125.96000000000001,1.104,1,2.2,0,0,0,0,0,0,0,0,0,0,0,1,0,0,1,0,1
1,13.0,3,6.0,2.0,3,3,4,1,14.0,0.0,1.0,0.0,147.28,0.0,1.0,147.28,1.189,0,1.9,0,0,0,0,0,0,0,0,1,0,1,0,0,0,0,1,1
0,6.0,3,13.0,1.0,3,4,1,0,17.0,1.0,1.0,2.0,143.02,2.0,1.0,143.02,1.039,0,1.6,0,0,0,0,0,0,1,0,0,0,1,0,0,0,0,0,0
0,7.0,1,9.0,3.0,4,2,4,0,17.0,1.0,1.0,0.0,129.79,0.0,1.0,129.79,1.119,0,2.9,0,0,0,0,0,0,1,0,0,0,0,1,0,0,0,0,1
0,21.0,1,6.0,2.0,1,2,3,0,22.0,1.0,2.0,1.0,268.85,1.0,2.0,268.85,1.975,0,1.5,0,0,0,0,0,1,0,0,0,1,0,0,0,0,0,1,1
0,18.0,3,15.0,3.0,4,3,2,0,13.0,0.0,4.0,12.0,155.93,12.0,4.0,155.93,2.239,0,2.7,0,0,0,0,0,0,1,0,0,0,1,0,0,0,0,0,0
0,25.0,1,13.0,2.0,3,4,8,0,19.0,3.0,4.0,0.0,204.45,0.0,4.0,204.45,2.618,0,2.5,0,1,0,0,0,0,1,0,0,0,0,0,0,0,0,1,1
0,11.0,3,16.0,3.0,4,3,1,1,14.0,2.0,2.0,7.0,187.4,7.0,2.0,187.4,1.575,0,3.1,0,1,0,0,0,0,0,1,0,0,0,0,0,0,1,0,1
0,2.0,1,14.0,3.0,3,2,5,0,22.0,0.0,1.0,7.0,125.13999999999999,7.0,1.0,125.13999999999999,0.926,1,2.4,0,0,1,0,0,0,1,0,0,0,0,1,0,0,1,0,0
0,1.0,1,9.0,3.0,3,4,1,0,17.0,0.0,1.0,7.0,176.55,7.0,1.0,176.55,1.131,1,2.4,0,1,0,0,0,1,0,0,0,0,0,0,0,0,1,0,0
0,19.0,3,9.0,2.0,3,3,4,0,12.0,1.0,4.0,9.0,274.65,9.0,4.0,274.65,2.719,0,2.1,0,1,0,0,0,0,0,1,0,1,0,0,0,0,0,0,1
0,11.0,3,8.0,2.0,3,4,8,0,16.0,1.0,1.0,0.0,173.51,0.0,1.0,173.51,1.294,0,2.1,0,1,0,0,0,0,0,1,0,0,0,0,0,0,0,1,1
0,16.0,1,33.0,2.0,3,5,9,0,11.0,0.0,1.0,1.0,208.2,1.0,1.0,208.2,1.333,0,1.9,0,0,0,0,0,0,1,0,0,0,0,0,0,0,0,0,0
1,2.0,1,8.0,2.0,3,2,8,0,11.0,7.0,11.0,3.0,221.69,3.0,11.0,221.69,5.337,1,3.3,0,0,0,0,0,0,1,0,0,1,0,0,0,0,1,0,1
0,13.0,1,20.0,2.0,4,3,2,0,15.0,4.0,4.0,9.0,296.26,9.0,4.0,296.26,2.805,0,3.0,0,1,0,0,0,1,0,0,0,0,0,0,0,1,0,1,1
0,9.0,1,6.0,3.0,4,4,2,1,11.0,0.0,2.0,2.0,120.69999999999999,2.0,2.0,120.69999999999999,1.349,0,2.7,0,0,1,0,1,0,0,0,0,0,0,1,0,0,0,1,0
0,12.0,1,15.0,3.0,3,4,21,0,15.0,1.0,1.0,3.0,167.82,3.0,1.0,167.82,1.121,0,2.6,0,0,0,0,0,0,1,0,0,0,1,0,0,0,0,1,1
0,9.0,1,24.0,3.0,3,2,3,0,20.0,1.0,1.0,9.0,177.79,9.0,1.0,177.79,1.131,0,2.6,0,0,0,0,0,0,1,0,0,0,1,0,0,0,0,1,1
0,4.0,3,26.0,3.0,1,2,1,0,12.0,1.0,2.0,2.0,127.91,2.0,2.0,127.91,1.378,0,2.0,0,0,0,0,0,0,1,0,0,0,0,1,0,0,0,0,1
0,1.0,1,8.0,3.0,4,4,1,0,17.0,0.0,1.0,4.0,132.01,4.0,1.0,132.01,0.968,1,2.7,0,0,1,0,0,0,1,0,0,0,0,1,0,0,0,0,1
0,8.0,3,17.0,2.0,3,2,2,0,11.0,0.0,1.0,2.0,149.68,2.0,1.0,149.68,1.065,0,1.9,0,0,0,0,0,0,0,1,0,0,1,0,0,0,1,0,1
0,22.0,3,14.0,2.0,4,4,7,0,17.0,1.0,2.0,3.0,231.2,3.0,2.0,231.2,1.775,0,2.4,0,1,0,0,1,0,0,0,0,1,0,0,0,0,0,0,1
0,7.0,1,8.0,3.0,3,3,3,0,11.0,1.0,1.0,2.0,140.33,2.0,1.0,140.33,1.028,0,2.6,0,0,0,0,0,0,1,0,0,0,1,0,0,0,0,1,1
0,2.0,1,16.0,3.0,3,4,1,0,14.0,1.0,1.0,1.0,132.91,1.0,1.0,132.91,1.032,1,2.6,0,0,0,0,0,0,1,0,0,0,0,1,0,0,1,0,0
0,15.0,1,35.0,2.0,5,2,5,0,19.0,1.0,1.0,0.0,142.72,0.0,1.0,142.72,1.171,0,2.7,0,0,1,0,0,1,0,0,0,0,1,0,0,0,0,1,1
0,2.0,1,14.0,3.0,4,2,2,1,13.0,0.0,1.0,2.0,150.56,2.0,1.0,150.56,1.069,1,2.7,1,1,0,0,0,1,0,0,0,0,1,0,0,0,0,0,1
0,11.0,2,6.0,3.0,1,3,2,0,13.0,1.0,5.0,0.0,128.44,0.0,5.0,128.44,2.714,0,2.0,0,0,1,0,0,0,0,0,1,0,0,1,0,0,0,0,1
0,4.0,1,12.0,3.0,4,3,2,1,14.0,1.0,1.0,2.0,127.03,2.0,1.0,127.03,0.975,0,2.9,0,0,0,0,0,0,1,0,0,0,0,1,0,0,1,0,1
1,9.0,1,14.0,3.0,3,3,2,0,12.0,0.0,1.0,0.0,119.03999999999999,0.0,1.0,119.03999999999999,1.076,0,2.4,0,0,0,0,0,0,0,0,0,0,0,0,1,0,0,1,1
1,0.0,3,15.0,3.0,3,5,1,1,17.0,0.0,1.0,3.0,182.24,3.0,1.0,182.24,1.179,1,2.4,0,1,0,0,0,0,0,1,0,0,1,0,0,0,0,1,0
0,14.0,1,18.0,2.0,3,2,4,1,11.0,1.0,1.0,0.0,147.66,0.0,1.0,147.66,1.191,0,2.1,1,0,1,0,0,0,1,0,0,0,0,0,1,0,0,0,1
1,0.0,1,14.0,3.0,3,3,2,0,12.0,2.0,2.0,2.0,126.1,2.0,2.0,126.1,1.371,1,2.8,0,0,0,0,0,0,0,0,0,0,0,1,0,0,0,0,1
0,10.0,1,31.0,2.0,4,2,8,0,13.0,0.0,1.0,3.0,157.31,3.0,1.0,157.31,1.079,0,2.2,0,1,0,0,0,1,0,0,0,0,1,0,0,0,1,0,0
0,0.0,1,14.0,2.0,4,3,2,0,13.0,2.0,2.0,2.0,125.38999999999999,2.0,2.0,125.38999999999999,1.368,1,2.6,0,0,1,0,0,0,1,0,0,0,0,1,0,0,0,0,1
0,7.0,3,15.0,3.0,3,3,2,0,20.0,1.0,1.0,3.0,157.14,3.0,1.0,157.14,1.079,0,2.6,0,1,0,0,0,0,1,0,0,0,1,0,0,0,0,0,0
0,8.0,2,14.0,3.0,3,3,2,0,17.0,0.0,1.0,4.0,143.23,4.0,1.0,143.23,1.013,0,2.4,0,0,1,1,0,0,0,0,0,0,0,0,1,0,0,1,1
1,0.0,3,29.0,2.0,4,5,2,0,13.0,0.0,3.0,10.0,173.36,10.0,3.0,173.36,1.912,1,2.2,0,1,0,0,0,0,1,0,0,0,0,0,0,0,0,0,0
0,13.0,1,15.0,2.0,3,3,10,0,17.0,0.0,2.0,13.0,234.99,13.0,2.0,234.99,1.754,0,1.9,0,0,0,0,0,1,0,0,0,0,0,0,0,0,0,1,0
1,5.0,3,18.0,2.0,3,5,1,1,12.0,7.0,2.0,14.0,237.57999999999998,14.0,2.0,237.57999999999998,1.764,0,3.3,0,0,0,0,0,0,1,0,0,1,0,0,0,0,0,1,1
0,15.0,3,10.0,2.0,3,5,8,0,13.0,1.0,1.0,5.0,151.55,5.0,1.0,151.55,1.04,0,2.1,0,1,0,0,0,0,0,1,0,0,1,0,0,0,0,1,1
0,9.0,1,6.0,2.0,4,3,7,0,12.0,1.0,1.0,7.0,122.58000000000001,7.0,1.0,122.58000000000001,0.915,0,2.4,0,0,1,0,0,0,0,0,0,0,0,1,0,0,0,0,1
0,0.0,1,30.0,2.0,3,4,9,0,22.0,1.0,1.0,2.0,135.97,2.0,1.0,135.97,1.011,1,2.1,0,0,1,0,0,1,0,0,0,0,0,0,1,0,0,1,1
1,0.0,1,14.0,3.0,3,2,2,1,11.0,1.0,1.0,0.0,125.15,0.0,1.0,125.15,1.101,1,2.6,1,0,1,0,0,0,1,0,0,0,0,1,0,0,0,0,0
0,0.0,1,9.0,2.0,1,2,2,0,22.0,1.0,1.0,7.0,144.2,7.0,1.0,144.2,1.002,1,1.5,0,0,1,0,0,1,0,0,0,0,0,0,1,0,0,0,1
0,3.0,3,16.0,3.0,4,3,2,0,18.0,1.0,1.0,4.0,165.78,4.0,1.0,165.78,1.103,0,2.9,0,1,0,0,0,0,0,1,0,0,1,0,0,0,0,0,1
0,13.0,1,32.0,3.0,4,2,4,1,13.0,1.0,1.0,0.0,144.22,0.0,1.0,144.22,1.177,0,2.9,1,0,0,0,0,1,0,0,0,0,1,0,0,0,0,0,0
0,8.0,1,8.0,2.0,4,4,3,0,18.0,6.0,6.0,4.0,202.74,4.0,6.0,202.74,3.251,0,3.4,0,1,0,0,0,0,1,0,0,0,0,0,0,0,1,0,1
0,7.0,1,6.0,3.0,4,5,1,0,20.0,1.0,4.0,9.0,153.43,9.0,4.0,153.43,2.234,0,2.9,0,0,0,0,0,1,0,0,0,0,1,0,0,0,0,1,1
0,8.0,1,14.0,2.0,4,2,2,0,13.0,2.0,2.0,2.0,123.75999999999999,2.0,2.0,123.75999999999999,1.362,0,2.6,0,0,0,0,0,0,0,0,1,0,0,1,0,0,0,0,1
1,6.0,3,15.0,2.0,5,3,9,0,13.0,1.0,1.0,3.0,153.46,3.0,1.0,153.46,1.064,0,2.7,0,1,0,0,0,0,0,1,0,0,1,0,0,0,0,1,0
0,5.0,3,8.0,3.0,3,5,2,0,12.0,0.0,1.0,0.0,128.27,0.0,1.0,128.27,1.113,0,2.4,0,0,0,0,0,0,1,0,0,0,0,1,0,0,1,0,0
0,29.0,1,10.0,3.0,3,5,5,0,15.0,0.0,4.0,2.0,299.43,2.0,4.0,299.43,2.864,0,2.4,0,1,0,0,1,0,0,0,0,0,0,0,0,1,1,0,0
0,2.0,1,12.0,3.0,3,2,2,0,13.0,0.0,1.0,8.0,131.31,8.0,1.0,131.31,0.947,1,2.4,0,0,1,0,0,0,0,0,0,0,0,1,0,0,0,0,0
0,0.0,1,14.0,2.0,3,5,2,0,25.0,0.0,1.0,0.0,125.52000000000001,0.0,1.0,125.52000000000001,1.102,1,1.9,0,0,1,0,0,0,1,0,0,0,0,1,0,0,0,1,1
0,18.0,1,13.0,2.0,3,3,5,1,19.0,1.0,1.0,2.0,144.77,2.0,1.0,144.77,1.046,0,2.1,0,0,1,0,0,1,0,0,0,0,0,0,1,0,0,0,0
0,10.0,1,6.0,2.0,4,2,2,0,13.0,3.0,3.0,11.0,164.74,11.0,3.0,164.74,1.876,0,2.8,0,1,0,0,0,0,1,0,0,0,1,0,0,0,0,0,0
0,0.0,1,9.0,3.0,4,3,2,0,12.0,0.0,1.0,2.0,130.33,2.0,1.0,130.33,0.988,1,2.7,0,0,1,0,0,0,1,0,0,0,0,1,0,0,0,1,1
1,7.0,1,16.0,3.0,3,3,2,1,11.0,1.0,1.0,2.0,129.36,2.0,1.0,129.36,0.984,0,2.6,0,0,1,0,0,0,1,0,0,0,0,1,0,0,0,1,1
0,26.0,1,13.0,2.0,3,3,4,0,18.0,1.0,4.0,7.0,286.06,7.0,4.0,286.06,2.769,0,2.1,0,1,0,0,0,1,0,0,0,0,0,0,0,1,1,0,0
0,9.0,1,21.0,3.0,5,2,1,1,18.0,1.0,1.0,3.0,121.68,3.0,1.0,121.68,0.937,0,3.2,1,0,1,0,0,0,1,0,0,0,0,1,0,0,0,0,0
1,0.0,1,9.0,3.0,4,2,1,1,11.0,0.0,1.0,0.0,128.53,0.0,1.0,128.53,1.114,1,2.7,1,0,0,0,0,0,1,0,0,0,0,1,0,0,0,0,1
0,19.0,3,8.0,3.0,3,5,9,0,23.0,1.0,15.0,9.0,270.48,9.0,15.0,270.48,7.102,0,2.6,0,1,0,0,0,0,0,1,0,1,0,0,0,0,0,0,0
0,9.0,1,23.0,3.0,5,3,3,0,13.0,1.0,1.0,0.0,122.9,0.0,1.0,122.9,1.092,0,3.2,0,0,0,0,0,0,1,0,0,0,0,1,0,0,0,1,1
0,6.0,2,8.0,2.0,3,3,2,0,13.0,0.0,1.0,4.0,136.0,4.0,1.0,136.0,0.984,0,1.9,0,0,1,0,0,0,0,0,1,0,0,0,1,0,0,0,1
1,9.0,1,11.0,3.0,4,5,7,0,17.0,1.0,1.0,0.0,121.07,0.0,1.0,121.07,1.084,0,2.9,0,0,0,0,0,0,1,0,0,0,0,1,0,0,1,0,1
0,3.0,3,35.0,3.0,3,5,9,0,19.0,1.0,1.0,3.0,141.15,3.0,1.0,141.15,1.015,0,2.6,0,0,1,0,0,0,1,0,0,0,1,0,0,0,1,0,1
0,13.0,3,8.0,3.0,3,4,6,0,12.0,1.0,1.0,0.0,143.27,0.0,1.0,143.27,1.173,0,2.6,0,0,0,0,0,1,0,0,0,0,1,0,0,0,0,0,1
0,23.0,1,8.0,1.0,3,5,3,0,22.0,1.0,2.0,2.0,278.56,2.0,2.0,278.56,1.981,0,1.6,0,0,0,0,0,1,0,0,0,1,0,0,0,0,0,0,0
0,1.0,1,25.0,3.0,4,5,2,0,12.0,1.0,3.0,3.0,131.96,3.0,3.0,131.96,1.778,1,2.9,0,0,1,0,0,0,0,0,0,0,0,1,0,0,0,0,1
0,19.0,1,21.0,2.0,3,4,6,0,11.0,1.0,1.0,3.0,290.81,3.0,1.0,290.81,1.613,0,2.1,0,1,0,0,0,0,1,0,0,0,0,0,0,1,0,0,1
0,8.0,3,23.0,3.0,3,5,4,1,15.0,1.0,1.0,7.0,189.66,7.0,1.0,189.66,1.184,0,2.6,0,1,0,0,0,0,1,0,0,0,1,0,0,0,0,0,1
1,9.0,1,23.0,3.0,3,4,2,0,13.0,0.0,1.0,0.0,122.1,0.0,1.0,122.1,1.088,0,2.4,0,0,1,0,0,0,1,0,0,0,0,1,0,0,0,0,0
0,6.0,3,31.0,2.0,3,3,2,0,12.0,0.0,1.0,1.0,145.39,1.0,1.0,145.39,1.082,0,1.9,0,0,0,0,0,1,0,0,0,0,1,0,0,0,0,0,0
0,9.0,1,12.0,3.0,5,3,2,0,14.0,0.0,1.0,7.0,127.41,7.0,1.0,127.41,0.935,0,3.0,0,0,1,0,0,0,1,0,0,0,0,1,0,0,1,0,1
0,3.0,1,13.0,2.0,3,3,2,0,13.0,8.0,8.0,9.0,134.91,9.0,8.0,134.91,3.76,0,3.5,0,0,1,0,0,0,1,0,0,0,1,0,0,0,1,0,1
0,17.0,1,35.0,2.0,3,2,2,0,25.0,1.0,1.0,17.0,145.41,17.0,1.0,145.41,0.993,0,2.1,0,0,1,0,0,0,0,0,1,0,1,0,0,0,0,1,1
0,0.0,3,27.0,3.0,1,2,2,0,17.0,0.0,2.0,2.0,126.78,2.0,2.0,126.78,1.374,1,1.8,0,0,1,0,0,0,0,1,0,0,0,1,0,0,0,1,1
0,19.0,1,8.0,2.0,3,2,3,0,11.0,1.0,1.0,4.0,173.79,4.0,1.0,173.79,1.135,0,2.1,0,1,0,1,0,0,0,0,0,0,1,0,0,0,1,0,1
0,15.0,2,8.0,3.0,1,5,8,0,16.0,0.0,1.0,3.0,162.72,3.0,1.0,162.72,1.101,0,1.8,0,0,0,0,0,1,0,0,0,0,1,0,0,0,0,0,1
0,30.0,3,13.0,2.0,1,2,1,1,18.0,0.0,1.0,9.0,152.2,9.0,1.0,152.2,1.029,0,1.3,1,1,0,0,0,0,0,1,0,0,1,0,0,0,1,0,1
0,5.0,1,19.0,3.0,4,4,2,0,20.0,0.0,2.0,2.0,127.43,2.0,2.0,127.43,1.376,0,2.7,0,0,0,0,0,0,0,0,1,0,0,1,0,0,0,0,0
0,5.0,1,8.0,2.0,3,3,5,1,14.0,1.0,1.0,7.0,149.98,7.0,1.0,149.98,1.025,0,2.1,0,0,0,0,0,0,1,0,0,0,1,0,0,0,0,1,0
0,9.0,1,6.0,3.0,5,5,3,1,21.0,5.0,7.0,7.0,202.52,7.0,7.0,202.52,3.635,0,4.0,0,1,0,0,1,0,0,0,0,0,0,0,0,0,1,0,0
0,6.0,1,15.0,3.0,3,2,1,0,13.0,1.0,4.0,10.0,127.81,10.0,4.0,127.81,2.129,0,2.6,0,0,1,0,0,0,0,0,0,0,0,1,0,0,0,0,1
0,13.0,3,16.0,2.0,4,4,8,0,12.0,1.0,1.0,3.0,168.52,3.0,1.0,168.52,1.124,0,2.4,0,1,0,1,0,0,0,0,0,0,1,0,0,0,1,0,0
0,0.0,3,16.0,2.0,3,2,1,0,14.0,0.0,1.0,1.0,149.5,1.0,1.0,149.5,1.098,1,1.9,0,0,1,0,0,0,1,0,0,0,1,0,0,0,0,1,1
0,3.0,1,6.0,3.0,3,4,1,1,21.0,1.0,5.0,7.0,135.79,7.0,5.0,135.79,2.568,0,2.6,0,0,1,0,0,1,0,0,0,0,0,0,1,0,0,0,1
0,15.0,1,32.0,2.0,3,5,4,1,17.0,0.0,2.0,0.0,231.91000000000003,0.0,2.0,231.91000000000003,1.928,0,1.9,0,0,0,0,0,1,0,0,0,0,0,0,0,0,0,0,0
0,8.0,3,14.0,3.0,4,2,5,1,11.0,2.0,4.0,12.0,203.77,12.0,4.0,203.77,2.43,0,3.1,1,0,0,0,0,0,0,1,0,0,0,0,0,0,0,0,0
0,9.0,1,20.0,2.0,3,5,2,1,14.0,2.0,6.0,8.0,122.35,8.0,6.0,122.35,2.912,0,2.3,0,0,1,0,0,0,1,0,0,0,0,1,0,0,0,0,1
0,27.0,1,6.0,2.0,3,3,8,0,17.0,1.0,1.0,4.0,205.02,4.0,1.0,205.02,1.26,0,2.1,0,0,0,0,0,0,1,0,0,0,0,0,0,0,1,0,0
0,9.0,1,8.0,3.0,1,2,2,0,13.0,6.0,7.0,7.0,120.11000000000001,7.0,7.0,120.11000000000001,3.305,0,3.0,0,1,0,0,0,0,1,0,0,0,0,1,0,0,0,0,0
1,9.0,1,16.0,3.0,4,4,2,1,25.0,1.0,1.0,0.0,118.59,0.0,1.0,118.59,1.074,0,2.9,0,0,0,0,0,0,0,0,0,0,0,0,1,0,0,1,0
0,2.0,1,6.0,3.0,3,2,2,0,15.0,0.0,1.0,2.0,137.6,2.0,1.0,137.6,1.017,1,2.4,0,0,1,0,0,0,1,0,0,0,0,0,1,0,1,0,0
0,27.0,1,9.0,2.0,3,2,4,0,14.0,1.0,1.0,9.0,277.79,9.0,1.0,277.79,1.531,0,2.1,0,1,0,0,0,0,1,0,0,1,0,0,0,0,0,0,1
0,4.0,1,17.0,3.0,3,5,2,1,12.0,0.0,1.0,1.0,168.33,1.0,1.0,168.33,1.173,0,2.4,0,1,0,0,0,1,0,0,0,0,1,0,0,0,0,0,1
0,4.0,1,30.0,3.0,4,5,2,0,19.0,0.0,1.0,8.0,168.12,8.0,1.0,168.12,1.095,0,2.7,0,1,0,0,0,1,0,0,0,0,1,0,0,0,0,1,0
0,30.0,3,9.0,2.0,4,2,6,0,17.0,0.0,1.0,5.0,151.71,5.0,1.0,151.71,1.04,0,2.2,0,1,0,0,0,0,1,0,0,0,1,0,0,0,0,1,0
0,16.0,1,9.0,3.0,5,2,4,0,15.0,1.0,1.0,7.0,297.4,7.0,1.0,297.4,1.615,0,3.2,0,1,0,0,0,0,1,0,0,0,0,0,0,1,0,0,1
0,22.0,1,10.0,2.0,4,3,3,0,13.0,1.0,1.0,0.0,287.11,0.0,1.0,287.11,1.748,0,2.4,0,1,0,0,0,1,0,0,0,0,0,0,0,1,0,0,1
0,9.0,1,9.0,2.0,3,4,2,0,12.0,1.0,1.0,7.0,136.92,7.0,1.0,136.92,0.973,0,2.1,0,0,0,1,0,0,0,0,0,0,0,0,1,0,0,0,1
0,21.0,1,14.0,3.0,1,4,6,0,11.0,0.0,1.0,0.0,125.59,0.0,1.0,125.59,1.102,0,1.8,0,0,1,1,0,0,0,0,0,0,0,1,0,0,0,1,1
0,0.0,1,14.0,3.0,3,3,2,0,11.0,1.0,1.0,3.0,125.16999999999999,3.0,1.0,125.16999999999999,0.951,1,2.6,0,0,1,0,0,0,1,0,0,0,0,1,0,0,1,0,1
0,2.0,1,13.0,2.0,3,2,2,1,11.0,0.0,1.0,0.0,166.23,0.0,1.0,166.23,1.265,1,1.9,1,1,0,0,0,0,1,0,0,0,1,0,0,0,1,0,1
0,21.0,1,6.0,3.0,4,2,7,0,12.0,1.0,1.0,0.0,282.65,0.0,1.0,282.65,1.731,0,2.9,0,1,0,0,0,0,1,0,0,0,0,0,0,1,0,1,1
0,2.0,1,6.0,2.0,4,2,4,0,14.0,1.0,1.0,7.0,261.24,7.0,1.0,261.24,1.47,1,2.4,0,1,0,0,0,0,1,0,0,1,0,0,0,0,1,0,0
0,7.0,1,14.0,2.0,1,3,1,0,17.0,1.0,1.0,0.0,125.85,0.0,1.0,125.85,1.103,0,1.5,0,0,1,1,0,0,0,0,0,0,0,1,0,0,0,0,0
0,17.0,3,11.0,2.0,3,4,8,0,11.0,1.0,3.0,10.0,282.13,10.0,3.0,282.13,2.347,0,2.1,0,1,0,0,0,0,0,1,0,0,0,0,0,1,0,0,1
0,6.0,3,16.0,2.0,1,3,1,1,14.0,1.0,1.0,8.0,183.8,8.0,1.0,183.8,1.157,0,1.5,0,1,0,0,0,0,0,1,0,0,0,0,0,0,1,0,1
0,0.0,1,31.0,3.0,1,2,2,1,12.0,1.0,1.0,1.0,129.94,1.0,1.0,129.94,1.02,1,2.0,1,0,1,0,0,0,1,0,0,0,0,1,0,0,0,1,0
0,9.0,1,6.0,2.0,3,3,2,0,22.0,0.0,1.0,1.0,112.22999999999999,1.0,1.0,112.22999999999999,0.949,0,1.9,0,1,0,0,0,0,1,0,0,0,0,0,1,0,0,0,1
1,0.0,3,30.0,3.0,5,2,2,1,14.0,1.0,1.0,0.0,111.18,0.0,1.0,111.18,1.045,1,3.2,1,0,0,0,0,0,1,0,0,0,0,0,1,0,0,1,1
0,0.0,1,10.0,3.0,3,2,2,1,20.0,0.0,2.0,2.0,128.75,2.0,2.0,128.75,1.382,1,2.4,1,0,1,0,0,0,1,0,0,0,0,1,0,0,0,1,1
1,8.0,3,8.0,3.0,5,4,3,1,16.0,1.0,1.0,11.0,288.24,11.0,1.0,288.24,1.57,0,3.2,0,1,0,0,0,0,0,1,0,0,0,0,0,1,0,1,0
0,28.0,1,14.0,2.0,4,4,2,1,15.0,3.0,2.0,0.0,235.76999999999998,0.0,2.0,235.76999999999998,1.943,0,2.8,0,0,0,0,0,1,0,0,0,1,0,0,0,0,1,0,1
1,0.0,1,14.0,2.0,4,3,2,0,20.0,2.0,2.0,2.0,126.25,2.0,2.0,126.25,1.372,1,2.6,0,0,0,0,0,0,1,0,0,0,0,1,0,0,0,1,0
0,19.0,3,10.0,2.0,4,4,3,0,14.0,1.0,1.0,8.0,287.89,8.0,1.0,287.89,1.574,0,2.4,0,1,0,0,0,0,0,1,0,0,0,0,0,1,0,0,0
0,7.0,3,8.0,2.0,3,5,1,1,12.0,1.0,1.0,2.0,145.38,2.0,1.0,145.38,1.048,0,2.1,0,0,1,0,0,0,0,1,0,0,1,0,0,0,0,1,0
0,24.0,3,15.0,2.0,3,4,5,1,15.0,2.0,11.0,10.0,298.47,10.0,11.0,298.47,5.612,0,2.3,0,0,0,0,0,0,1,0,0,0,0,0,0,1,1,0,1
0,30.0,1,24.0,3.0,3,2,7,0,12.0,1.0,5.0,4.0,205.12,4.0,5.0,205.12,2.86,0,2.6,0,1,0,0,0,1,0,0,0,0,0,0,0,0,0,1,1
0,7.0,1,25.0,2.0,3,4,5,0,13.0,3.0,5.0,10.0,144.44,10.0,5.0,144.44,2.596,0,2.5,0,0,0,0,0,1,0,0,0,0,1,0,0,0,1,0,0
0,9.0,1,6.0,2.0,3,3,1,1,11.0,0.0,1.0,2.0,121.53999999999999,2.0,1.0,121.53999999999999,0.953,0,1.9,0,0,0,0,0,0,0,0,0,0,0,1,0,0,0,1,1
0,17.0,1,10.0,3.0,1,5,2,0,14.0,1.0,14.0,13.0,291.9,13.0,14.0,291.9,6.782,0,2.0,0,1,0,0,0,0,1,0,0,0,0,0,0,1,1,0,1
0,7.0,2,17.0,2.0,4,4,5,0,11.0,0.0,1.0,8.0,144.9,8.0,1.0,144.9,1.002,0,2.2,0,0,0,0,0,0,1,0,0,0,1,0,0,0,0,0,1
0,8.0,1,12.0,3.0,3,3,1,1,14.0,1.0,2.0,2.0,135.06,2.0,2.0,135.06,1.407,0,2.6,0,0,1,0,0,0,1,0,0,0,0,1,0,0,0,0,1
0,15.0,1,14.0,3.0,1,4,7,1,16.0,0.0,1.0,0.0,123.72,0.0,1.0,123.72,1.095,0,1.8,0,0,1,0,0,0,0,0,0,0,1,0,0,0,0,0,0
0,16.0,3,10.0,2.0,4,2,4,0,14.0,10.0,15.0,17.0,202.31,17.0,15.0,202.31,6.82,0,4.2,0,1,0,0,0,0,0,1,0,0,0,0,0,0,0,1,0
0,9.0,1,8.0,2.0,3,4,10,1,11.0,4.0,5.0,12.0,154.1,12.0,5.0,154.1,2.632,0,2.7,0,1,0,0,0,0,1,0,0,0,1,0,0,0,0,1,0
1,7.0,1,21.0,3.0,3,2,2,0,11.0,0.0,1.0,5.0,179.78,5.0,1.0,179.78,1.152,0,2.4,0,1,0,0,0,1,0,0,0,0,0,0,0,0,0,0,0
0,1.0,1,8.0,2.0,4,2,2,1,12.0,2.0,2.0,2.0,138.67,2.0,2.0,138.67,1.421,1,2.6,1,0,0,0,0,0,1,0,0,0,0,0,1,0,0,0,1
0,24.0,1,12.0,3.0,4,3,1,0,14.0,7.0,7.0,7.0,128.38,7.0,7.0,128.38,3.339,0,4.1,0,0,0,0,0,0,0,0,0,0,0,1,0,0,0,1,0
0,3.0,1,15.0,3.0,3,3,8,1,18.0,1.0,1.0,7.0,146.95,7.0,1.0,146.95,1.013,0,2.6,0,0,0,0,0,1,0,0,0,0,1,0,0,0,0,1,0
1,0.0,1,13.0,2.0,3,3,4,1,13.0,1.0,7.0,7.0,133.39,7.0,7.0,133.39,3.359,1,2.1,0,0,1,1,0,0,0,0,0,0,0,1,0,0,1,0,0
0,9.0,1,6.0,2.0,3,5,3,0,11.0,0.0,1.0,2.0,120.80000000000001,2.0,1.0,120.80000000000001,0.95,0,1.9,0,0,1,0,1,0,0,0,0,0,0,1,0,0,0,1,1
0,9.0,1,6.0,2.0,3,4,2,0,18.0,1.0,2.0,1.0,120.96000000000001,1.0,2.0,120.96000000000001,1.384,0,2.1,0,0,1,0,0,0,0,0,0,0,0,1,0,0,0,1,0
0,5.0,3,14.0,2.0,1,2,2,0,15.0,0.0,1.0,8.0,162.09,8.0,1.0,162.09,1.071,0,1.3,0,1,0,0,0,1,0,0,0,0,1,0,0,0,0,0,1
0,18.0,1,31.0,2.0,3,4,4,0,22.0,1.0,1.0,0.0,280.61,0.0,1.0,280.61,1.722,0,2.1,0,0,0,0,0,1,0,0,0,0,0,0,0,1,0,1,0
0,12.0,1,19.0,3.0,4,4,7,1,13.0,1.0,15.0,2.0,271.23,2.0,15.0,271.23,7.152,0,2.9,0,1,0,0,0,1,0,0,0,1,0,0,0,0,1,0,0
0,30.0,1,14.0,2.0,3,3,2,0,12.0,2.0,2.0,2.0,123.72,2.0,2.0,123.72,1.362,0,2.3,0,0,1,0,0,0,1,0,0,0,0,1,0,0,1,0,1
1,0.0,1,13.0,3.0,3,3,2,0,18.0,1.0,1.0,1.0,148.83,1.0,1.0,148.83,1.095,1,2.6,0,0,1,0,0,0,1,0,0,0,1,0,0,0,0,0,1
1,2.0,1,29.0,3.0,3,5,1,0,13.0,0.0,1.0,3.0,139.04,3.0,1.0,139.04,1.006,1,2.4,0,0,1,0,0,1,0,0,0,0,0,0,1,0,0,1,1
0,3.0,1,12.0,2.0,4,2,1,0,12.0,5.0,6.0,7.0,146.27,7.0,6.0,146.27,3.01,0,3.2,0,0,1,1,0,0,0,0,0,0,1,0,0,0,0,0,0
0,9.0,1,16.0,3.0,3,3,4,0,12.0,0.0,1.0,7.0,170.94,7.0,1.0,170.94,1.109,0,2.4,0,1,0,1,0,0,0,0,0,0,0,0,0,0,0,0,0
0,19.0,2,6.0,2.0,3,5,7,0,12.0,3.0,5.0,7.0,134.23,7.0,5.0,134.23,2.562,0,2.5,0,0,1,0,0,0,1,0,0,0,0,1,0,0,0,1,0
0,1.0,1,6.0,2.0,5,2,1,0,11.0,7.0,7.0,5.0,166.74,5.0,7.0,166.74,3.5,1,3.9,0,0,0,0,0,0,1,0,0,0,1,0,0,0,0,0,0
0,23.0,1,34.0,2.0,3,5,5,1,11.0,1.0,1.0,2.0,268.8,2.0,1.0,268.8,1.542,0,2.1,0,1,0,0,0,0,1,0,0,1,0,0,0,0,0,0,0
1,3.0,3,31.0,2.0,4,4,3,1,12.0,0.0,1.0,0.0,190.94,0.0,1.0,190.94,1.364,0,2.2,0,1,0,0,0,0,0,1,0,0,0,0,0,0,0,1,1
1,15.0,3,11.0,3.0,3,4,10,1,19.0,5.0,7.0,7.0,184.46,7.0,7.0,184.46,3.563,0,3.4,0,1,0,0,0,0,1,0,0,0,0,0,0,0,0,1,1
0,3.0,1,23.0,3.0,3,5,2,1,23.0,0.0,1.0,3.0,219.16000000000003,3.0,1.0,219.16000000000003,1.327,0,2.4,0,1,0,0,0,1,0,0,0,0,0,0,0,0,0,0,0
0,12.0,1,24.0,2.0,3,3,1,0,11.0,0.0,1.0,7.0,145.34,7.0,1.0,145.34,1.006,0,1.9,0,0,1,0,0,0,1,0,0,0,1,0,0,0,0,1,1
0,4.0,3,8.0,2.0,3,3,2,1,19.0,3.0,9.0,6.0,198.52,6.0,9.0,198.52,4.423,0,2.5,0,0,0,0,0,0,1,0,0,0,0,0,0,0,1,0,0
0,14.0,3,16.0,2.0,5,4,2,0,13.0,3.0,11.0,9.0,161.51,9.0,11.0,161.51,5.066,0,3.1,0,0,0,0,0,1,0,0,0,0,1,0,0,0,0,1,1
1,9.0,3,6.0,2.0,3,4,2,1,11.0,1.0,2.0,2.0,123.02000000000001,2.0,2.0,123.02000000000001,1.359,0,2.1,0,0,0,0,0,0,1,0,0,0,0,1,0,0,0,1,0
1,7.0,1,14.0,2.0,3,5,5,0,12.0,1.0,1.0,2.0,123.62,2.0,1.0,123.62,0.961,0,2.1,0,0,1,0,0,0,1,0,0,0,0,1,0,0,0,0,1
0,15.0,1,8.0,2.0,3,3,1,1,13.0,1.0,2.0,10.0,278.61,10.0,2.0,278.61,1.933,0,2.1,0,0,0,0,0,0,1,0,0,1,0,0,0,0,0,0,1
0,28.0,1,8.0,2.0,5,3,5,0,14.0,1.0,9.0,11.0,291.87,11.0,9.0,291.87,4.784,0,2.7,0,1,0,0,0,1,0,0,0,0,0,0,0,1,0,0,0
0,29.0,2,14.0,2.0,3,4,7,0,15.0,1.0,7.0,7.0,297.17,7.0,7.0,297.17,4.014,0,2.1,0,1,0,0,0,0,1,0,0,0,0,0,0,1,0,1,1
0,13.0,1,22.0,3.0,3,3,10,0,16.0,1.0,1.0,0.0,135.44,0.0,1.0,135.44,1.142,0,2.6,0,0,0,0,0,0,1,0,0,0,0,1,0,0,1,0,1
0,7.0,1,15.0,2.0,3,2,1,0,11.0,1.0,1.0,6.0,185.0,6.0,1.0,185.0,1.169,0,2.1,0,1,0,0,0,0,1,0,0,0,0,0,0,0,1,0,1
0,13.0,1,8.0,3.0,3,2,2,0,13.0,3.0,8.0,8.0,146.61,8.0,8.0,146.61,3.809,0,3.0,0,0,1,0,0,0,1,0,0,0,1,0,0,0,0,1,1
0,14.0,3,6.0,3.0,3,5,1,0,17.0,0.0,1.0,7.0,141.03,7.0,1.0,141.03,0.989,0,2.4,0,0,0,0,0,0,0,1,0,0,1,0,0,0,1,0,0
0,8.0,1,10.0,2.0,3,3,2,1,11.0,1.0,1.0,1.0,142.49,1.0,1.0,142.49,1.07,0,2.1,0,0,0,0,0,0,1,0,0,0,1,0,0,0,0,1,1
0,24.0,2,11.0,2.0,3,4,2,1,11.0,1.0,2.0,10.0,240.26,10.0,2.0,240.26,1.779,0,2.1,0,1,0,0,0,0,1,0,0,1,0,0,0,0,1,0,1
0,11.0,3,8.0,2.0,3,5,4,0,15.0,0.0,1.0,7.0,168.93,7.0,1.0,168.93,1.101,0,1.9,0,1,0,0,0,0,1,0,0,0,1,0,0,0,1,0,0
0,7.0,3,21.0,3.0,3,5,2,0,12.0,1.0,9.0,6.0,161.25,6.0,9.0,161.25,4.274,0,2.6,0,1,0,0,0,1,0,0,0,0,1,0,0,0,0,1,0
0,0.0,1,25.0,3.0,3,2,4,0,11.0,1.0,1.0,2.0,136.69,2.0,1.0,136.69,1.013,1,2.6,0,0,1,0,0,1,0,0,0,0,0,0,1,0,0,0,1
1,20.0,1,13.0,2.0,4,5,8,1,14.0,4.0,5.0,9.0,200.08,9.0,5.0,200.08,2.82,0,3.0,0,1,0,0,0,1,0,0,0,0,0,0,0,0,0,0,0
0,13.0,1,14.0,2.0,3,4,4,0,22.0,1.0,1.0,3.0,123.87,3.0,1.0,123.87,0.945,0,2.1,0,0,1,0,0,0,1,0,0,0,0,1,0,0,0,0,1
0,9.0,3,13.0,2.0,1,5,3,0,16.0,5.0,6.0,13.0,146.39,13.0,6.0,146.39,3.0,0,2.3,0,0,0,0,0,0,0,1,0,0,1,0,0,0,0,0,0
0,21.0,1,10.0,2.0,3,2,2,0,11.0,1.0,1.0,8.0,178.98,8.0,1.0,178.98,1.138,0,2.1,0,1,0,0,0,0,1,0,0,0,0,0,0,0,0,1,1
0,0.0,3,14.0,3.0,1,2,9,0,14.0,1.0,1.0,0.0,125.34,0.0,1.0,125.34,1.101,1,2.0,0,0,1,0,0,0,0,0,0,0,0,1,0,0,0,0,0
0,24.0,1,17.0,2.0,4,4,4,0,16.0,0.0,1.0,3.0,231.42000000000002,3.0,1.0,231.42000000000002,1.376,0,2.2,0,1,0,0,1,0,0,0,0,1,0,0,0,0,0,1,0
0,9.0,1,6.0,3.0,3,2,2,0,15.0,1.0,1.0,0.0,116.11000000000001,0.0,1.0,116.11000000000001,1.064,0,2.6,0,0,0,0,0,0,1,0,0,0,0,0,1,0,0,1,0
0,8.0,1,6.0,2.0,4,2,1,0,12.0,1.0,1.0,0.0,153.63,0.0,1.0,153.63,1.215,0,2.4,0,1,0,0,0,1,0,0,0,0,1,0,0,0,0,0,0
0,0.0,3,8.0,2.0,5,2,4,0,20.0,1.0,1.0,0.0,150.71,0.0,1.0,150.71,1.203,1,2.7,0,0,0,0,0,0,1,0,0,0,1,0,0,0,0,1,1
1,18.0,3,19.0,2.0,1,3,7,1,17.0,2.0,2.0,8.0,236.95,8.0,2.0,236.95,1.77,0,1.7,0,1,0,0,0,0,0,1,0,1,0,0,0,0,0,1,1
0,29.0,1,29.0,3.0,3,4,5,1,12.0,11.0,2.0,9.0,234.01999999999998,9.0,2.0,234.01999999999998,1.756,0,4.6,0,1,0,0,0,0,1,0,0,1,0,0,0,0,0,0,1
0,9.0,1,32.0,3.0,4,3,2,0,20.0,1.0,1.0,0.0,120.28999999999999,0.0,1.0,120.28999999999999,1.081,0,2.9,0,0,0,0,1,0,0,0,0,0,0,1,0,0,1,0,0
0,13.0,1,8.0,2.0,1,3,6,0,20.0,5.0,11.0,8.0,163.77,8.0,11.0,163.77,5.077,0,2.3,0,1,0,0,0,1,0,0,0,0,1,0,0,0,1,0,0
0,7.0,1,35.0,2.0,3,3,5,0,13.0,0.0,7.0,7.0,154.29,7.0,7.0,154.29,3.442,0,1.9,0,1,0,0,0,1,0,0,0,0,1,0,0,0,0,0,1
1,0.0,3,8.0,3.0,4,2,8,0,14.0,0.0,1.0,0.0,127.85,0.0,1.0,127.85,1.111,1,2.7,0,0,0,0,0,0,1,0,0,0,0,1,0,0,0,1,0
1,0.0,3,24.0,3.0,3,3,1,1,18.0,3.0,3.0,2.0,146.14,2.0,3.0,146.14,1.851,1,3.0,0,0,0,0,0,0,0,1,0,0,1,0,0,0,0,0,0
0,11.0,1,14.0,2.0,1,3,2,0,11.0,0.0,1.0,3.0,126.1,3.0,1.0,126.1,0.954,0,1.3,0,0,0,0,0,0,1,0,0,0,0,1,0,0,1,0,1
0,7.0,1,8.0,3.0,3,2,2,0,11.0,1.0,4.0,11.0,166.87,11.0,4.0,166.87,2.284,0,2.6,0,1,0,1,0,0,0,0,0,0,1,0,0,0,0,1,0
0,1.0,3,32.0,2.0,4,5,2,0,11.0,1.0,1.0,4.0,147.24,4.0,1.0,147.24,1.029,1,2.4,0,0,1,0,0,0,1,0,0,0,1,0,0,0,0,0,1
1,0.0,1,28.0,3.0,3,3,2,1,15.0,3.0,6.0,7.0,161.79,7.0,6.0,161.79,3.072,1,3.0,0,1,0,0,0,1,0,0,0,0,1,0,0,0,0,0,1
0,12.0,3,27.0,2.0,4,2,4,1,12.0,0.0,1.0,4.0,161.2,4.0,1.0,161.2,1.085,0,2.2,1,1,0,0,0,0,1,0,0,0,1,0,0,0,0,0,1
0,24.0,3,8.0,2.0,3,4,3,0,11.0,0.0,3.0,2.0,205.96,2.0,3.0,205.96,2.091,0,1.9,0,0,0,0,0,0,0,1,0,0,0,0,0,0,0,0,1
0,14.0,1,28.0,3.0,3,2,4,1,14.0,0.0,3.0,3.0,154.67,3.0,3.0,154.67,1.869,0,2.4,1,0,0,0,0,0,1,0,0,0,1,0,0,0,1,0,0
0,10.0,1,10.0,3.0,3,3,8,1,15.0,1.0,1.0,3.0,129.96,3.0,1.0,129.96,0.97,0,2.6,0,0,1,0,0,0,1,0,0,0,0,1,0,0,0,0,1
0,6.0,3,11.0,3.0,3,2,7,0,13.0,1.0,1.0,2.0,199.98,2.0,1.0,199.98,1.267,0,2.6,0,0,0,0,0,0,1,0,0,0,1,0,0,0,0,0,1
0,5.0,3,8.0,2.0,3,4,1,1,13.0,0.0,1.0,2.0,140.78,2.0,1.0,140.78,1.03,0,1.9,0,0,1,0,0,0,0,1,0,0,1,0,0,0,0,0,1
0,12.0,1,31.0,3.0,3,3,4,0,21.0,0.0,1.0,5.0,209.2,5.0,1.0,209.2,1.27,0,2.4,0,0,0,0,0,0,1,0,0,0,0,0,0,0,0,0,1
0,0.0,3,24.0,3.0,1,3,3,0,11.0,0.0,1.0,2.0,162.32,2.0,1.0,162.32,1.116,1,1.8,0,1,0,0,0,0,1,0,0,0,1,0,0,0,0,0,1
0,25.0,1,34.0,2.0,1,3,3,1,11.0,0.0,2.0,2.0,232.47000000000003,2.0,2.0,232.47000000000003,1.797,0,1.3,0,0,0,0,0,1,0,0,0,1,0,0,0,0,0,0,0
0,16.0,1,12.0,3.0,4,3,2,1,14.0,1.0,1.0,8.0,140.81,8.0,1.0,140.81,0.985,0,2.9,0,0,1,0,0,1,0,0,0,0,1,0,0,0,0,1,0
0,0.0,3,16.0,3.0,4,2,2,1,11.0,2.0,4.0,4.0,157.69,4.0,4.0,157.69,2.271,1,3.1,1,1,0,0,0,0,0,1,0,0,1,0,0,0,0,0,0
1,0.0,1,14.0,2.0,3,3,2,1,13.0,3.0,7.0,7.0,123.94,7.0,7.0,123.94,3.321,1,2.5,0,0,1,0,0,0,1,0,0,0,0,1,0,0,0,1,0
0,0.0,1,8.0,2.0,4,2,1,0,12.0,0.0,1.0,1.0,139.04,1.0,1.0,139.04,1.056,1,2.2,0,0,1,0,0,1,0,0,0,0,0,0,1,0,0,1,1
0,15.0,2,16.0,2.0,3,5,1,0,14.0,1.0,1.0,9.0,267.99,9.0,1.0,267.99,1.492,0,2.1,0,1,0,0,0,0,0,0,1,1,0,0,0,0,0,0,0
0,25.0,1,14.0,3.0,3,5,10,0,13.0,1.0,1.0,4.0,129.5,4.0,1.0,129.5,0.958,0,2.6,0,0,1,0,0,0,0,0,1,0,0,1,0,0,0,0,0
0,10.0,1,17.0,3.0,3,3,5,0,18.0,0.0,1.0,2.0,136.29,2.0,1.0,136.29,1.012,0,2.4,0,0,1,0,0,1,0,0,0,0,0,0,1,0,0,1,0
0,8.0,1,24.0,2.0,3,2,3,0,11.0,0.0,2.0,2.0,193.62,2.0,2.0,193.62,1.641,0,1.9,0,0,0,0,0,0,1,0,0,0,0,0,0,0,0,1,1
0,0.0,1,6.0,2.0,3,2,5,0,11.0,1.0,1.0,2.0,132.29,2.0,1.0,132.29,0.996,1,2.1,0,0,1,1,0,0,0,0,0,0,0,1,0,0,0,0,1
0,0.0,1,13.0,3.0,1,5,1,0,12.0,1.0,1.0,7.0,135.78,7.0,1.0,135.78,0.968,1,2.0,0,0,1,0,0,0,0,0,1,0,0,0,1,0,0,1,1
0,2.0,2,23.0,2.0,4,5,2,0,13.0,0.0,1.0,9.0,179.88,9.0,1.0,179.88,1.14,1,2.2,0,1,0,0,0,0,0,0,1,0,0,0,0,0,0,1,1
1,0.0,1,34.0,3.0,4,5,4,0,20.0,0.0,1.0,3.0,142.84,3.0,1.0,142.84,1.021,1,2.7,0,0,0,0,0,0,1,0,0,0,1,0,0,0,0,1,1
1,0.0,1,20.0,2.0,3,2,1,1,12.0,2.0,7.0,7.0,175.53,7.0,7.0,175.53,3.527,1,2.3,1,0,0,0,0,0,0,0,1,0,0,0,0,0,0,1,0
0,27.0,1,6.0,2.0,3,2,7,0,19.0,1.0,12.0,7.0,273.28,7.0,12.0,273.28,5.918,0,2.1,0,1,0,0,0,1,0,0,0,1,0,0,0,0,0,1,0
0,30.0,1,6.0,3.0,3,5,4,1,15.0,1.0,1.0,5.0,297.01,5.0,1.0,297.01,1.621,0,2.6,0,1,0,0,0,1,0,0,0,0,0,0,0,1,0,0,0
0,28.0,1,6.0,2.0,1,2,3,0,13.0,1.0,2.0,0.0,247.32,0.0,2.0,247.32,1.989,0,1.5,0,1,0,0,0,1,0,0,0,1,0,0,0,0,1,0,1
0,9.0,3,9.0,2.0,3,4,4,1,16.0,0.0,1.0,1.0,192.78,1.0,1.0,192.78,1.271,0,1.9,0,1,0,0,0,0,0,1,0,0,1,0,0,0,0,1,0
1,9.0,3,6.0,2.0,5,3,2,0,12.0,1.0,1.0,0.0,113.59,0.0,1.0,113.59,1.054,0,2.7,0,0,0,0,0,0,1,0,0,0,0,0,1,0,0,1,0
0,3.0,3,13.0,3.0,3,5,8,0,14.0,1.0,1.0,2.0,147.79,2.0,1.0,147.79,1.058,0,2.6,0,0,1,0,0,0,0,1,0,0,1,0,0,0,1,0,0
0,4.0,1,14.0,3.0,3,4,4,0,11.0,1.0,1.0,0.0,264.22,0.0,1.0,264.22,1.657,0,2.6,0,1,0,0,0,0,1,0,0,1,0,0,0,0,0,1,0
0,7.0,1,6.0,3.0,3,5,6,0,14.0,1.0,1.0,3.0,129.96,3.0,1.0,129.96,0.97,0,2.6,0,0,0,0,0,0,0,0,1,0,0,1,0,0,1,0,1
1,9.0,1,14.0,2.0,4,4,2,0,12.0,0.0,1.0,0.0,112.61000000000001,0.0,1.0,112.61000000000001,1.05,0,2.2,0,1,0,0,0,0,1,0,0,0,0,0,1,0,0,1,0
0,9.0,1,17.0,3.0,3,5,1,0,14.0,1.0,1.0,4.0,120.99000000000001,4.0,1.0,120.99000000000001,0.924,0,2.6,0,0,1,0,0,0,1,0,0,0,0,1,0,0,0,0,1
0,9.0,1,10.0,2.0,4,2,2,0,16.0,1.0,1.0,8.0,158.1,8.0,1.0,158.1,1.055,0,2.4,0,1,0,0,0,0,1,0,0,0,1,0,0,0,0,1,1
0,9.0,3,22.0,3.0,4,5,5,0,13.0,1.0,1.0,2.0,156.47,2.0,1.0,156.47,1.093,0,2.9,0,1,0,0,0,0,0,1,0,0,1,0,0,0,0,0,0
0,20.0,1,6.0,3.0,3,2,8,0,12.0,1.0,1.0,2.0,134.2,2.0,1.0,134.2,1.003,0,2.6,0,0,1,1,0,0,0,0,0,0,0,1,0,0,0,0,1
1,0.0,3,15.0,3.0,4,5,4,0,12.0,1.0,2.0,2.0,144.0,2.0,2.0,144.0,1.443,1,2.9,0,0,1,0,0,0,1,0,0,0,0,0,1,0,0,0,1
0,10.0,1,11.0,2.0,1,3,1,0,14.0,1.0,1.0,3.0,135.0,3.0,1.0,135.0,0.99,0,1.5,0,0,0,1,0,0,0,0,0,0,0,1,0,0,0,1,1
0,9.0,1,6.0,2.0,3,5,3,0,22.0,1.0,1.0,0.0,120.66,0.0,1.0,120.66,1.083,0,2.1,0,0,1,0,0,0,1,0,0,0,0,1,0,0,0,0,0
0,20.0,1,8.0,2.0,3,3,4,0,19.0,1.0,5.0,6.0,271.69,6.0,5.0,271.69,3.115,0,2.1,0,1,0,0,0,1,0,0,0,1,0,0,0,0,0,0,0
0,0.0,3,10.0,2.0,3,3,2,1,12.0,1.0,1.0,3.0,141.62,3.0,1.0,141.62,1.016,1,2.1,0,0,1,0,0,1,0,0,0,0,1,0,0,0,0,0,0
0,5.0,3,13.0,3.0,3,2,5,0,12.0,1.0,1.0,3.0,192.04,3.0,1.0,192.04,1.218,0,2.6,0,1,0,0,0,0,0,1,0,0,1,0,0,0,0,0,1
0,7.0,1,6.0,2.0,4,4,6,0,17.0,1.0,1.0,2.0,132.94,2.0,1.0,132.94,0.998,0,2.4,0,0,1,0,0,0,1,0,0,0,0,1,0,0,0,0,0
0,9.0,1,11.0,2.0,1,3,3,1,12.0,1.0,1.0,3.0,121.27000000000001,3.0,1.0,121.27000000000001,0.935,0,1.5,0,0,1,0,0,0,0,0,0,0,0,1,0,0,0,0,1
0,13.0,1,15.0,2.0,3,3,4,0,11.0,1.0,1.0,7.0,139.75,7.0,1.0,139.75,0.984,0,2.1,0,0,0,0,0,0,0,0,1,0,1,0,0,0,1,0,1
0,4.0,3,14.0,2.0,3,2,2,0,18.0,2.0,9.0,9.0,207.93,9.0,9.0,207.93,4.452,0,2.3,0,1,0,0,0,0,1,0,0,0,0,0,0,0,1,0,1
1,9.0,3,15.0,2.0,3,1,5,0,11.0,0.0,4.0,3.0,200.96,3.0,4.0,200.96,2.454,0,1.9,0,1,0,0,0,0,0,1,0,0,0,0,0,0,1,0,1
1,2.0,1,8.0,2.0,4,5,3,1,23.0,0.0,1.0,0.0,136.46,0.0,1.0,136.46,1.146,1,2.2,0,0,0,0,0,0,1,0,0,0,0,0,1,0,0,1,0
1,0.0,1,6.0,3.0,1,4,2,0,11.0,3.0,4.0,7.0,174.46,7.0,4.0,174.46,2.323,1,2.4,0,0,0,0,0,0,1,0,0,0,0,0,0,0,0,1,0
0,18.0,1,26.0,3.0,5,5,3,1,18.0,0.0,1.0,7.0,208.51,7.0,1.0,208.51,1.259,0,3.0,0,1,0,0,0,1,0,0,0,0,0,0,0,0,1,0,1
0,9.0,2,14.0,3.0,1,4,10,0,18.0,0.0,1.0,2.0,121.09,2.0,1.0,121.09,0.951,0,1.8,0,0,1,0,0,0,0,0,0,0,0,1,0,0,0,1,0
1,0.0,1,8.0,3.0,3,1,7,1,13.0,2.0,2.0,2.0,137.22,2.0,2.0,137.22,1.416,1,2.8,1,0,0,0,0,0,1,0,0,0,0,0,1,0,0,0,1
0,18.0,1,35.0,2.0,3,1,5,1,18.0,1.0,1.0,2.0,193.8,2.0,1.0,193.8,1.242,0,2.1,1,1,0,0,1,0,0,0,0,0,0,0,0,0,0,0,1
0,21.0,3,13.0,3.0,3,5,5,0,11.0,1.0,2.0,2.0,154.86,2.0,2.0,154.86,1.486,0,2.6,0,1,0,0,0,0,0,1,0,0,1,0,0,0,1,0,1
1,0.0,2,15.0,3.0,3,3,2,0,15.0,1.0,2.0,2.0,127.41999999999999,2.0,2.0,127.41999999999999,1.376,1,2.6,0,0,1,1,0,0,0,0,0,0,0,1,0,0,0,0,0
0,13.0,1,14.0,2.0,4,4,3,0,11.0,1.0,2.0,8.0,237.57,8.0,2.0,237.57,1.773,0,2.4,0,0,0,0,0,1,0,0,0,0,0,0,0,0,1,0,1
0,1.0,3,11.0,2.0,3,5,1,0,18.0,1.0,1.0,3.0,184.63,3.0,1.0,184.63,1.189,1,2.1,0,1,0,0,0,1,0,0,0,0,1,0,0,0,0,1,1
0,17.0,1,11.0,3.0,4,3,4,0,14.0,0.0,1.0,3.0,131.62,3.0,1.0,131.62,0.976,0,2.7,0,0,0,0,0,0,1,0,0,0,0,1,0,0,0,1,1
0,26.0,1,8.0,2.0,1,4,5,0,12.0,1.0,8.0,8.0,265.98,8.0,8.0,265.98,4.286,0,1.5,0,1,0,0,0,1,0,0,0,1,0,0,0,0,0,1,1
0,22.0,1,11.0,3.0,3,3,3,0,14.0,0.0,1.0,2.0,166.51,2.0,1.0,166.51,1.133,0,2.4,0,1,0,1,0,0,0,0,0,0,1,0,0,0,0,0,1
0,13.0,1,14.0,3.0,3,3,3,0,14.0,0.0,1.0,2.0,123.44999999999999,2.0,1.0,123.44999999999999,0.96,0,2.4,0,0,1,0,0,0,0,0,0,0,0,1,0,0,1,0,1
0,17.0,1,26.0,2.0,3,4,2,0,13.0,1.0,1.0,3.0,134.2,3.0,1.0,134.2,0.987,0,2.1,0,0,1,0,0,0,1,0,0,0,0,1,0,0,0,1,1
0,6.0,3,13.0,2.0,3,5,1,0,14.0,0.0,1.0,3.0,143.73,3.0,1.0,143.73,1.025,0,1.9,0,0,0,0,0,1,0,0,0,0,1,0,0,0,0,0,1
0,7.0,3,9.0,2.0,5,5,4,0,18.0,2.0,3.0,12.0,147.59,12.0,3.0,147.59,1.806,0,2.9,0,0,1,0,0,0,0,0,1,0,1,0,0,0,0,1,1
0,3.0,3,22.0,3.0,3,3,9,0,15.0,0.0,2.0,2.0,153.01,2.0,2.0,153.01,1.479,0,2.4,0,1,0,0,0,0,1,0,0,0,1,0,0,0,0,0,1
0,15.0,1,15.0,3.0,3,1,2,0,13.0,4.0,5.0,8.0,136.73,8.0,5.0,136.73,2.569,0,3.2,0,0,0,0,0,1,0,0,0,0,0,0,1,0,0,1,0
0,17.0,3,6.0,3.0,3,3,8,0,12.0,1.0,1.0,0.0,147.68,0.0,1.0,147.68,1.191,0,2.6,0,0,0,0,0,0,0,1,0,0,1,0,0,0,0,0,0
0,9.0,1,13.0,3.0,3,3,2,0,13.0,0.0,1.0,0.0,112.74000000000001,0.0,1.0,112.74000000000001,1.051,0,2.4,0,0,0,0,1,0,0,0,0,0,0,0,1,0,1,0,1
0,50.0,1,6.0,3.0,1,3,1,0,24.0,1.0,2.0,8.0,149.0,8.0,2.0,149.0,1.418,0,2.0,0,0,1,0,0,0,1,0,0,0,1,0,0,0,0,0,1
0,22.0,1,13.0,2.0,3,4,4,0,14.0,0.0,1.0,7.0,204.66,7.0,1.0,204.66,1.244,0,1.9,0,1,0,0,0,0,1,0,0,0,0,0,0,0,1,0,1
0,7.0,1,21.0,3.0,3,5,8,0,14.0,1.0,6.0,9.0,270.07,9.0,6.0,270.07,3.5,0,2.6,0,0,0,0,0,1,0,0,0,1,0,0,0,0,1,0,1
1,0.0,3,6.0,3.0,3,3,4,0,15.0,1.0,1.0,2.0,129.09,2.0,1.0,129.09,0.983,1,2.6,0,0,0,1,0,0,0,0,0,0,0,1,0,0,0,0,1
1,0.0,3,19.0,2.0,3,4,6,0,11.0,0.0,1.0,0.0,157.65,0.0,1.0,157.65,1.231,1,1.9,0,0,0,1,0,0,0,0,0,0,1,0,0,0,0,1,0
1,0.0,3,30.0,2.0,4,4,1,1,23.0,2.0,10.0,10.0,145.99,10.0,10.0,145.99,4.602,1,2.6,0,0,1,0,0,1,0,0,0,0,1,0,0,0,0,1,0
0,8.0,3,14.0,3.0,3,3,2,0,13.0,1.0,1.0,0.0,124.03999999999999,0.0,1.0,124.03999999999999,1.096,0,2.6,0,0,1,0,0,0,1,0,0,0,0,1,0,0,0,0,1
1,0.0,1,15.0,2.0,3,5,3,1,11.0,0.0,1.0,0.0,131.72,0.0,1.0,131.72,1.127,1,1.9,0,0,0,0,0,0,0,0,0,0,0,1,0,0,0,1,1
0,9.0,3,19.0,3.0,3,4,2,0,13.0,0.0,1.0,0.0,120.33000000000001,0.0,1.0,120.33000000000001,1.081,0,2.4,0,0,0,0,0,0,1,0,0,0,0,1,0,0,0,0,0
0,17.0,1,8.0,2.0,3,3,6,1,18.0,0.0,2.0,2.0,202.09,2.0,2.0,202.09,1.675,0,1.9,0,0,0,0,0,1,0,0,0,0,0,0,0,0,0,1,1
0,2.0,3,25.0,3.0,4,3,2,0,14.0,1.0,1.0,4.0,186.2,4.0,1.0,186.2,1.185,1,2.9,0,1,0,0,0,0,1,0,0,0,1,0,0,0,1,0,1
0,9.0,2,6.0,2.0,3,3,1,0,21.0,0.0,1.0,3.0,120.63999999999999,3.0,1.0,120.63999999999999,0.933,0,1.9,0,0,1,0,0,0,1,0,0,0,0,1,0,0,1,0,1
0,28.0,1,10.0,1.0,3,3,1,1,16.0,0.0,1.0,2.0,140.35,2.0,1.0,140.35,1.028,0,1.4,0,0,1,0,0,0,1,0,0,0,1,0,0,0,0,0,1
0,6.0,1,10.0,2.0,4,4,9,0,11.0,0.0,1.0,2.0,138.38,2.0,1.0,138.38,1.02,0,2.2,0,0,1,0,0,1,0,0,0,0,0,0,1,0,0,0,0
0,20.0,3,20.0,3.0,3,3,4,1,17.0,1.0,1.0,2.0,145.91,2.0,1.0,145.91,1.05,0,2.6,0,0,1,0,0,1,0,0,0,0,1,0,0,0,0,0,0
1,0.0,1,14.0,2.0,4,5,8,0,11.0,0.0,1.0,0.0,125.61000000000001,0.0,1.0,125.61000000000001,1.102,1,2.2,0,0,0,0,0,0,0,0,0,0,0,1,0,0,0,1,1
0,9.0,1,6.0,3.0,4,3,2,0,14.0,0.0,1.0,0.0,115.63,0.0,1.0,115.63,1.063,0,2.7,0,1,0,0,0,0,1,0,0,0,0,0,1,0,1,0,1
0,1.0,3,13.0,2.0,3,5,1,0,14.0,1.0,1.0,3.0,148.98,3.0,1.0,148.98,1.046,1,2.1,0,0,0,0,0,0,1,0,0,0,1,0,0,0,0,1,1
0,22.0,1,9.0,2.0,4,5,5,0,25.0,1.0,1.0,2.0,147.89,2.0,1.0,147.89,1.058,0,2.4,0,0,1,0,0,1,0,0,0,0,1,0,0,0,0,0,0
0,2.0,1,8.0,3.0,3,4,1,0,13.0,0.0,1.0,2.0,131.8,2.0,1.0,131.8,0.994,1,2.4,0,0,0,0,0,0,1,0,0,0,0,1,0,0,0,0,0
0,1.0,1,35.0,3.0,5,4,2,0,14.0,1.0,1.0,7.0,165.49,7.0,1.0,165.49,1.087,1,3.2,0,1,0,0,0,0,1,0,0,0,1,0,0,0,0,0,1
0,6.0,1,14.0,3.0,3,3,3,1,17.0,0.0,1.0,0.0,163.88,0.0,1.0,163.88,1.256,0,2.4,0,1,0,0,0,0,1,0,0,0,1,0,0,0,0,1,1
0,5.0,1,16.0,0.0,3,1,3,0,25.0,0.0,1.0,3.0,212.44,3.0,1.0,212.44,1.3,0,0.9,0,1,0,0,0,1,0,0,0,0,0,0,0,0,0,1,1
0,27.0,1,17.0,2.0,3,1,4,0,20.0,1.0,2.0,12.0,260.32,12.0,2.0,260.32,1.857,0,2.1,0,0,0,0,0,1,0,0,0,1,0,0,0,0,1,0,0
1,0.0,1,14.0,3.0,4,5,7,0,13.0,0.0,1.0,7.0,123.62,7.0,1.0,123.62,0.919,1,2.7,0,0,1,1,0,0,0,0,0,0,0,1,0,0,0,1,1
0,17.0,1,34.0,2.0,3,5,4,0,13.0,1.0,14.0,17.0,263.28,17.0,14.0,263.28,6.664,0,2.1,0,1,0,0,0,0,1,0,0,1,0,0,0,0,0,0,1
0,12.0,1,12.0,2.0,3,4,5,0,18.0,0.0,2.0,2.0,183.76,2.0,2.0,183.76,1.602,0,1.9,0,1,0,0,0,0,1,0,0,0,0,0,0,0,0,1,0
0,19.0,3,9.0,2.0,3,4,9,0,12.0,1.0,5.0,1.0,266.06,1.0,5.0,266.06,3.164,0,2.1,0,1,0,0,0,0,1,0,0,1,0,0,0,0,0,0,0
0,8.0,1,22.0,3.0,4,4,2,0,19.0,1.0,3.0,3.0,186.06,3.0,3.0,186.06,1.994,0,2.9,0,1,0,0,0,0,1,0,0,0,0,0,0,0,0,1,0
0,9.0,1,26.0,3.0,3,3,1,0,14.0,1.0,1.0,2.0,122.72,2.0,1.0,122.72,0.958,0,2.6,0,0,1,0,0,0,1,0,0,0,1,0,0,0,0,1,1
1,9.0,1,15.0,2.0,3,5,4,0,14.0,1.0,1.0,0.0,120.18,0.0,1.0,120.18,1.081,0,2.1,0,1,0,0,0,0,1,0,0,0,0,1,0,0,0,1,1
0,7.0,3,6.0,3.0,4,3,2,1,14.0,7.0,8.0,6.0,170.83,6.0,8.0,170.83,3.912,0,4.1,0,1,0,1,0,0,0,0,0,0,0,0,0,0,0,0,1
1,0.0,1,9.0,2.0,3,3,2,0,12.0,6.0,7.0,7.0,140.84,7.0,7.0,140.84,3.388,1,3.1,0,0,0,0,0,0,1,0,0,0,0,0,1,0,0,1,0
0,23.0,1,28.0,2.0,5,1,2,1,13.0,13.0,2.0,9.0,244.11,9.0,2.0,244.11,1.796,0,5.1,1,0,0,0,0,1,0,0,0,1,0,0,0,0,0,1,1
0,9.0,3,13.0,2.0,3,3,1,1,25.0,0.0,5.0,7.0,123.08000000000001,7.0,5.0,123.08000000000001,2.517,0,1.9,0,0,1,1,0,0,0,0,0,0,0,1,0,0,1,0,1
0,15.0,1,8.0,3.0,4,4,5,0,14.0,1.0,1.0,0.0,148.41,0.0,1.0,148.41,1.194,0,2.9,0,0,1,0,0,1,0,0,0,0,0,0,1,0,1,0,1
0,10.0,1,19.0,2.0,3,1,2,0,17.0,0.0,3.0,7.0,142.85,7.0,3.0,142.85,1.796,0,1.9,0,0,1,0,0,1,0,0,0,0,1,0,0,0,1,0,1
0,2.0,1,14.0,2.0,5,5,4,0,13.0,0.0,1.0,7.0,197.15,7.0,1.0,197.15,1.214,1,2.5,0,1,0,0,0,0,0,0,1,0,1,0,0,0,1,0,0
0,6.0,1,31.0,2.0,4,4,2,0,13.0,0.0,1.0,2.0,143.2,2.0,1.0,143.2,1.039,0,2.2,0,0,1,0,0,0,1,0,0,0,1,0,0,0,0,1,1
0,9.0,1,34.0,3.0,3,1,5,0,20.0,1.0,1.0,3.0,121.32,3.0,1.0,121.32,0.935,0,2.6,0,0,1,0,1,0,0,0,0,0,0,1,0,0,1,0,1
0,15.0,1,8.0,2.0,3,1,3,1,14.0,12.0,13.0,9.0,201.24,9.0,13.0,201.24,6.025,0,4.3,1,0,0,0,0,0,1,0,0,0,0,0,0,0,1,0,1
0,13.0,3,15.0,2.0,3,5,1,0,12.0,2.0,7.0,1.0,154.73,1.0,7.0,154.73,3.519,0,2.3,0,1,0,0,0,1,0,0,0,0,1,0,0,0,1,0,1
0,6.0,1,34.0,3.0,3,3,2,1,12.0,1.0,5.0,7.0,152.07,7.0,5.0,152.07,2.633,0,2.6,0,1,0,0,0,0,1,0,0,0,1,0,0,0,1,0,1
0,13.0,2,12.0,2.0,3,1,2,1,21.0,1.0,7.0,7.0,264.37,7.0,7.0,264.37,3.882,0,2.1,1,1,0,0,0,1,0,0,0,1,0,0,0,0,0,1,1
0,9.0,1,27.0,2.0,4,5,1,0,14.0,0.0,1.0,0.0,122.96000000000001,0.0,1.0,122.96000000000001,1.092,0,2.2,0,0,1,1,0,0,0,0,0,0,0,1,0,0,1,0,1
0,13.0,1,14.0,3.0,3,1,4,1,18.0,2.0,2.0,2.0,140.69,2.0,2.0,140.69,1.429,0,2.8,1,0,0,0,0,0,1,0,0,0,1,0,0,0,1,0,1
0,18.0,1,6.0,3.0,3,4,2,0,12.0,6.0,7.0,7.0,174.41,7.0,7.0,174.41,3.523,0,3.6,0,1,0,1,0,0,0,0,0,0,0,0,0,0,1,0,1
0,8.0,3,14.0,3.0,4,3,1,0,23.0,2.0,4.0,2.0,124.30000000000001,2.0,4.0,124.30000000000001,2.164,0,3.1,0,0,1,0,0,0,1,0,0,0,0,1,0,0,1,0,0
0,5.0,1,11.0,3.0,4,4,4,0,12.0,1.0,2.0,5.0,158.78,5.0,2.0,158.78,1.468,0,2.9,0,1,0,0,0,0,1,0,0,0,1,0,0,0,1,0,0
0,9.0,3,14.0,3.0,3,1,4,1,21.0,0.0,1.0,2.0,126.44,2.0,1.0,126.44,0.972,0,2.4,1,0,1,0,0,0,1,0,0,0,0,1,0,0,0,1,1
0,21.0,3,22.0,3.0,3,3,9,0,14.0,1.0,7.0,7.0,164.39,7.0,7.0,164.39,3.483,0,2.6,0,1,0,0,0,0,1,0,0,0,1,0,0,0,1,0,0
0,2.0,1,14.0,3.0,1,3,7,0,18.0,1.0,1.0,0.0,124.50999999999999,0.0,1.0,124.50999999999999,1.098,1,2.0,0,0,1,0,0,0,1,0,0,0,0,1,0,0,1,0,1
0,6.0,3,14.0,2.0,3,5,3,0,13.0,2.0,2.0,2.0,163.92,2.0,2.0,163.92,1.522,0,2.3,0,1,0,0,0,0,1,0,0,0,1,0,0,0,1,0,1
1,0.0,3,6.0,3.0,4,5,2,0,11.0,3.0,6.0,7.0,197.14,7.0,6.0,197.14,3.214,1,3.3,0,1,0,0,0,0,1,0,0,0,1,0,0,0,1,0,1
0,11.0,2,16.0,3.0,3,3,4,0,11.0,0.0,1.0,2.0,160.77,2.0,1.0,160.77,1.11,0,2.4,0,0,0,0,0,0,0,0,1,0,1,0,0,0,1,0,1
0,8.0,1,14.0,3.0,4,5,2,0,19.0,0.0,1.0,2.0,124.5,2.0,1.0,124.5,0.965,0,2.7,0,0,1,0,0,0,0,0,0,0,0,1,0,0,0,1,1
0,3.0,3,35.0,2.0,3,4,4,0,12.0,0.0,1.0,3.0,192.5,3.0,1.0,192.5,1.22,0,1.9,0,1,0,1,0,0,0,0,0,0,0,0,0,0,1,0,1
1,9.0,1,8.0,3.0,3,5,2,1,12.0,1.0,1.0,0.0,120.74000000000001,0.0,1.0,120.74000000000001,1.083,0,2.6,0,0,1,0,0,0,1,0,0,0,0,1,0,0,1,0,0
1,16.0,1,8.0,3.0,4,1,1,0,16.0,1.0,1.0,9.0,201.69,9.0,1.0,201.69,1.227,0,2.9,0,1,0,0,1,0,0,0,0,0,0,0,0,0,1,0,0
1,1.0,1,8.0,2.0,3,4,5,0,11.0,0.0,1.0,4.0,148.55,4.0,1.0,148.55,1.034,1,1.9,0,0,1,0,0,1,0,0,0,0,1,0,0,0,1,0,1
0,5.0,1,6.0,3.0,3,5,5,0,14.0,1.0,1.0,2.0,140.87,2.0,1.0,140.87,1.03,0,2.6,0,0,0,1,0,0,0,0,0,0,1,0,0,0,1,0,1
0,21.0,1,14.0,3.0,3,5,9,0,12.0,7.0,7.0,6.0,123.66999999999999,6.0,7.0,123.66999999999999,3.323,0,3.8,0,0,1,0,0,0,0,0,1,0,0,1,0,0,1,0,0
0,7.0,1,13.0,3.0,3,1,2,0,13.0,0.0,1.0,0.0,129.72,0.0,1.0,129.72,1.119,0,2.4,0,0,1,0,0,0,0,0,0,0,0,1,0,0,0,1,1
0,28.0,3,32.0,2.0,4,1,2,0,15.0,2.0,2.0,13.0,295.86,13.0,2.0,295.86,1.998,0,2.6,0,1,0,0,0,0,0,1,0,0,0,0,0,1,1,0,1
0,7.0,1,6.0,2.0,3,1,10,0,17.0,1.0,2.0,1.0,154.84,1.0,2.0,154.84,1.519,0,2.1,0,1,0,0,0,0,1,0,0,0,1,0,0,0,1,0,1
0,9.0,1,9.0,2.0,3,1,2,0,21.0,1.0,1.0,0.0,120.61000000000001,0.0,1.0,120.61000000000001,1.082,0,2.1,0,0,1,0,0,0,1,0,0,0,0,1,0,0,1,0,0
0,11.0,3,20.0,3.0,3,4,1,0,11.0,5.0,7.0,7.0,199.24,7.0,7.0,199.24,3.622,0,3.4,0,1,0,0,0,0,1,0,0,0,1,0,0,0,1,0,1
0,11.0,3,22.0,2.0,3,4,3,0,12.0,0.0,1.0,2.0,141.98,2.0,1.0,141.98,1.035,0,1.9,0,0,1,0,0,0,1,0,0,0,1,0,0,0,0,1,0
0,9.0,3,6.0,3.0,3,3,7,0,13.0,1.0,1.0,0.0,168.15,0.0,1.0,168.15,1.273,0,2.6,0,1,0,0,0,0,1,0,0,0,1,0,0,0,0,1,0
0,2.0,1,9.0,2.0,3,5,2,1,18.0,0.0,1.0,5.0,147.23,5.0,1.0,147.23,1.022,1,1.9,0,0,1,0,0,1,0,0,0,0,0,0,1,0,0,1,1
0,8.0,1,16.0,2.0,3,3,4,1,16.0,1.0,1.0,4.0,161.42,4.0,1.0,161.42,1.086,0,2.1,0,1,0,0,0,1,0,0,0,0,1,0,0,0,0,1,0
0,12.0,3,12.0,2.0,1,3,3,0,11.0,4.0,7.0,6.0,182.37,6.0,7.0,182.37,3.558,0,2.1,0,1,0,0,0,1,0,0,0,0,0,0,0,0,1,0,1
0,2.0,1,8.0,2.0,3,1,2,0,19.0,0.0,1.0,3.0,188.53,3.0,1.0,188.53,1.204,1,1.9,0,0,0,0,0,0,1,0,0,0,1,0,0,0,1,0,1
0,23.0,3,5.0,2.0,3,3,5,1,15.0,0.0,1.0,0.0,293.31,0.0,1.0,293.31,1.773,0,1.9,0,1,0,0,0,0,0,1,0,0,0,0,0,1,1,0,1
0,9.0,1,16.0,2.0,1,3,3,0,16.0,2.0,2.0,2.0,120.72999999999999,2.0,2.0,120.72999999999999,1.35,0,1.7,0,0,1,0,1,0,0,0,0,0,0,1,0,0,1,0,1
0,9.0,1,12.0,3.0,1,5,4,1,13.0,1.0,1.0,2.0,155.62,2.0,1.0,155.62,1.089,0,2.0,0,0,0,0,0,0,1,0,0,0,1,0,0,0,1,0,1
0,15.0,1,15.0,3.0,4,1,9,0,15.0,1.0,1.0,1.0,296.13,1.0,1.0,296.13,1.685,0,2.9,0,1,0,0,0,0,0,0,1,0,0,0,0,1,0,1,1
0,8.0,1,34.0,2.0,1,3,2,0,17.0,5.0,6.0,8.0,134.07,8.0,6.0,134.07,2.959,0,2.3,0,0,1,0,0,0,1,0,0,0,1,0,0,0,1,0,1
0,7.0,1,16.0,3.0,4,3,2,0,14.0,2.0,7.0,7.0,150.63,7.0,7.0,150.63,3.428,0,3.1,0,0,0,1,0,0,0,0,0,0,1,0,0,0,1,0,1
0,13.0,3,20.0,2.0,3,5,2,0,15.0,0.0,1.0,2.0,146.39,2.0,1.0,146.39,1.052,0,1.9,0,0,1,0,0,0,1,0,0,0,1,0,0,0,1,0,0
0,16.0,1,33.0,2.0,1,4,6,0,12.0,1.0,1.0,2.0,148.76,2.0,1.0,148.76,1.062,0,1.5,0,0,1,1,0,0,0,0,0,0,0,0,1,0,1,0,1
0,8.0,1,13.0,3.0,4,1,2,0,18.0,1.0,1.0,1.0,126.9,1.0,1.0,126.9,1.008,0,2.9,0,0,1,0,0,0,1,0,0,0,0,1,0,0,1,0,1
0,19.0,3,6.0,2.0,1,5,2,0,15.0,1.0,1.0,12.0,275.67,12.0,1.0,275.67,1.518,0,1.5,0,1,0,0,0,0,1,0,0,1,0,0,0,0,0,1,1
1,0.0,1,14.0,2.0,3,4,2,1,17.0,0.0,1.0,0.0,124.08000000000001,0.0,1.0,124.08000000000001,1.096,1,1.9,0,0,1,0,0,0,0,0,0,0,0,1,0,0,1,0,1
0,0.0,1,32.0,3.0,4,3,2,1,14.0,0.0,1.0,3.0,128.14,3.0,1.0,128.14,0.963,1,2.7,0,0,0,0,0,0,0,0,1,0,0,1,0,0,1,0,0
0,23.0,1,26.0,2.0,3,3,3,1,15.0,3.0,12.0,3.0,212.45,3.0,12.0,212.45,5.7,0,2.5,0,0,0,0,0,1,0,0,0,1,0,0,0,0,1,0,1
0,5.0,1,11.0,2.0,1,1,4,0,17.0,1.0,1.0,2.0,133.12,2.0,1.0,133.12,0.999,0,1.5,0,0,1,0,0,0,0,0,1,0,0,1,0,0,1,0,0
0,17.0,1,13.0,2.0,3,1,1,1,14.0,1.0,1.0,10.0,290.49,10.0,1.0,290.49,1.58,0,2.1,1,1,0,0,0,1,0,0,0,0,0,0,0,1,1,0,0
0,9.0,1,13.0,2.0,4,4,2,0,12.0,0.0,1.0,1.0,121.41,1.0,1.0,121.41,0.986,0,2.2,0,0,1,0,0,0,0,0,0,0,0,1,0,0,1,0,1
0,18.0,1,11.0,2.0,5,5,2,1,14.0,1.0,1.0,4.0,157.69,4.0,1.0,157.69,1.071,0,2.7,0,1,0,0,0,1,0,0,0,0,1,0,0,0,0,1,0
0,18.0,3,32.0,2.0,4,5,2,0,15.0,0.0,4.0,5.0,143.85,5.0,4.0,143.85,2.209,0,2.2,0,0,0,0,0,0,0,1,0,0,1,0,0,0,1,0,1
0,4.0,3,8.0,2.0,3,5,8,0,13.0,0.0,1.0,3.0,153.32,3.0,1.0,153.32,1.063,0,1.9,0,0,0,0,0,0,0,0,1,0,1,0,0,0,0,1,1
0,9.0,1,18.0,3.0,3,3,10,1,12.0,0.0,1.0,1.0,146.63,1.0,1.0,146.63,1.087,0,2.4,0,0,1,0,0,0,1,0,0,0,1,0,0,0,1,0,0
0,7.0,1,16.0,2.0,1,1,2,0,13.0,5.0,7.0,2.0,147.24,2.0,7.0,147.24,3.456,0,2.3,0,0,0,0,0,0,1,0,0,0,1,0,0,0,1,0,1
0,22.0,1,31.0,2.0,3,5,2,0,14.0,0.0,1.0,4.0,132.11,4.0,1.0,132.11,0.968,0,1.9,0,0,1,0,0,0,1,0,0,0,0,1,0,0,1,0,0
0,12.0,1,16.0,3.0,3,5,3,0,13.0,4.0,7.0,7.0,153.77,7.0,7.0,153.77,3.44,0,3.2,0,1,0,0,0,1,0,0,0,0,1,0,0,0,1,0,1
0,0.0,1,25.0,3.0,4,5,2,0,11.0,0.0,1.0,7.0,140.66,7.0,1.0,140.66,0.988,1,2.7,0,0,1,0,0,0,0,0,1,0,0,0,1,0,1,0,1
0,8.0,1,24.0,2.0,1,5,2,0,11.0,0.0,1.0,10.0,152.08,10.0,1.0,152.08,1.027,0,1.3,0,1,0,0,0,0,1,0,0,0,1,0,0,0,1,0,1
0,1.0,1,33.0,2.0,5,5,1,0,21.0,1.0,1.0,0.0,0.0,0.0,1.0,0.0,0.6,1,2.7,0,1,0,0,0,1,0,0,0,0,1,0,0,0,1,0,0
0,0.0,1,11.0,3.0,3,1,2,0,18.0,1.0,2.0,2.0,131.17,2.0,2.0,131.17,1.391,1,2.6,0,0,1,0,0,0,0,0,0,0,0,1,0,0,0,1,1
1,9.0,3,9.0,3.0,3,1,2,1,12.0,0.0,1.0,0.0,115.69,0.0,1.0,115.69,1.063,0,2.4,1,0,0,0,0,1,0,0,0,0,0,0,1,0,0,1,0
0,20.0,2,32.0,3.0,3,3,4,0,15.0,1.0,1.0,0.0,296.58,0.0,1.0,296.58,1.786,0,2.6,0,1,0,0,0,0,1,0,0,0,0,0,0,1,1,0,0
0,12.0,1,9.0,3.0,4,3,1,0,15.0,0.0,1.0,7.0,130.69,7.0,1.0,130.69,0.948,0,2.7,0,0,1,0,0,0,0,0,0,0,1,0,0,0,1,0,1
0,13.0,1,21.0,3.0,4,3,2,0,13.0,1.0,14.0,12.0,204.35,12.0,14.0,204.35,6.433,0,2.9,0,1,0,0,0,0,1,0,0,0,0,0,0,0,1,0,0
0,8.0,1,14.0,2.0,3,3,2,0,12.0,2.0,2.0,9.0,141.48,9.0,2.0,141.48,1.386,0,2.3,0,0,0,0,0,0,1,0,0,0,1,0,0,0,1,0,0
0,10.0,1,25.0,2.0,3,3,4,0,17.0,0.0,1.0,2.0,157.68,2.0,1.0,157.68,1.097,0,1.9,0,1,0,0,0,0,1,0,0,0,1,0,0,0,1,0,1
0,12.0,1,10.0,2.0,3,3,1,0,13.0,3.0,3.0,8.0,150.42,8.0,3.0,150.42,1.824,0,2.5,0,0,0,0,0,1,0,0,0,0,1,0,0,0,0,1,0
0,18.0,1,8.0,2.0,4,1,2,0,19.0,2.0,3.0,9.0,157.7,9.0,3.0,157.7,1.851,0,2.6,0,1,0,0,0,0,0,0,1,0,1,0,0,0,1,0,0
0,11.0,1,8.0,2.0,4,3,4,1,19.0,1.0,1.0,2.0,177.56,2.0,1.0,177.56,1.177,0,2.4,0,1,0,0,0,1,0,0,0,0,0,0,0,0,1,0,0
1,0.0,3,16.0,2.0,4,5,10,0,17.0,4.0,6.0,0.0,203.06,0.0,6.0,203.06,3.412,1,3.0,0,1,0,0,0,1,0,0,0,0,0,0,0,0,1,0,1
0,10.0,1,16.0,3.0,3,4,2,0,11.0,1.0,7.0,7.0,139.36,7.0,7.0,139.36,3.382,0,2.6,0,0,1,0,0,1,0,0,0,0,0,0,1,0,1,0,0
0,13.0,1,22.0,2.0,3,1,7,1,15.0,1.0,3.0,3.0,179.45,3.0,3.0,179.45,1.968,0,2.1,1,1,0,0,0,0,1,0,0,0,0,0,0,0,0,1,0
0,17.0,2,6.0,2.0,3,1,5,1,11.0,1.0,1.0,2.0,157.43,2.0,1.0,157.43,1.096,0,2.1,1,0,0,0,0,0,0,0,1,0,1,0,0,0,1,0,1
0,21.0,1,10.0,2.0,4,1,3,0,25.0,2.0,2.0,2.0,252.01999999999998,2.0,2.0,252.01999999999998,1.875,0,2.6,0,0,0,0,0,1,0,0,0,1,0,0,0,0,1,0,1
1,0.0,3,21.0,2.0,5,1,7,1,14.0,1.0,2.0,2.0,154.4,2.0,2.0,154.4,1.484,1,2.7,1,1,0,0,0,1,0,0,0,0,1,0,0,0,1,0,1
0,0.0,1,8.0,2.0,3,1,2,1,13.0,1.0,1.0,3.0,137.6,3.0,1.0,137.6,1.0,1,2.1,1,0,0,1,0,0,0,0,0,0,0,0,1,0,0,1,0
0,0.0,1,14.0,2.0,1,3,8,0,17.0,0.0,1.0,2.0,135.17,2.0,1.0,135.17,1.007,1,1.3,0,0,1,0,0,1,0,0,0,0,0,1,0,0,1,0,0
0,0.0,1,14.0,2.0,3,1,3,0,13.0,0.0,1.0,2.0,125.80000000000001,2.0,1.0,125.80000000000001,0.97,1,1.9,0,0,0,0,0,0,0,0,0,0,0,1,0,0,0,1,1
1,9.0,1,13.0,3.0,3,5,4,1,14.0,0.0,1.0,3.0,121.66,3.0,1.0,121.66,0.937,0,2.4,0,0,1,0,0,0,1,0,0,0,0,1,0,0,0,1,1
0,2.0,3,16.0,2.0,4,3,10,0,11.0,1.0,1.0,4.0,158.69,4.0,1.0,158.69,1.075,1,2.4,0,1,0,0,0,1,0,0,0,0,1,0,0,0,0,1,1
0,9.0,1,11.0,2.0,3,5,5,0,12.0,1.0,1.0,2.0,180.08,2.0,1.0,180.08,1.187,0,2.1,0,1,0,0,0,0,1,0,0,0,0,0,0,0,1,0,0
0,0.0,1,8.0,3.0,1,3,2,0,17.0,0.0,1.0,7.0,152.06,7.0,1.0,152.06,1.033,1,1.8,0,0,0,0,0,0,1,0,0,0,1,0,0,0,1,0,1
0,12.0,1,18.0,3.0,3,4,5,0,21.0,1.0,1.0,0.0,152.95,0.0,1.0,152.95,1.212,0,2.6,0,1,0,0,0,1,0,0,0,0,1,0,0,0,1,0,1
0,22.0,1,28.0,3.0,3,4,4,0,16.0,1.0,1.0,2.0,264.13,2.0,1.0,264.13,1.523,0,2.6,0,1,0,0,0,0,0,0,1,1,0,0,0,0,1,0,0
0,23.0,1,23.0,2.0,4,5,6,0,15.0,1.0,2.0,11.0,232.69,11.0,2.0,232.69,1.747,0,2.4,0,1,0,0,0,0,1,0,0,0,0,0,0,0,1,0,0
0,0.0,3,8.0,3.0,3,3,2,0,19.0,0.0,2.0,2.0,127.83000000000001,2.0,2.0,127.83000000000001,1.378,1,2.4,0,0,1,0,0,0,0,0,0,0,0,1,0,0,0,1,0
0,7.0,1,9.0,3.0,3,4,2,0,12.0,7.0,7.0,9.0,154.33,9.0,7.0,154.33,3.437,0,3.8,0,1,0,0,0,0,1,0,0,0,1,0,0,0,1,0,0
0,9.0,1,13.0,3.0,3,4,3,0,11.0,0.0,1.0,3.0,120.13,3.0,1.0,120.13,0.931,0,2.4,0,1,0,0,0,0,1,0,0,0,0,1,0,0,0,1,1
0,22.0,1,12.0,2.0,4,3,3,1,19.0,1.0,2.0,12.0,239.66000000000003,12.0,2.0,239.66000000000003,1.774,0,2.4,0,1,0,0,0,0,1,0,0,1,0,0,0,0,1,0,0
0,9.0,1,6.0,2.0,4,3,1,0,15.0,1.0,1.0,2.0,143.74,2.0,1.0,143.74,1.042,0,2.4,0,0,0,0,0,1,0,0,0,0,1,0,0,0,1,0,0
0,9.0,1,9.0,3.0,1,5,7,0,20.0,1.0,1.0,4.0,168.42,4.0,1.0,168.42,1.114,0,2.0,0,1,0,0,0,0,1,0,0,0,1,0,0,0,1,0,1
0,27.0,1,28.0,3.0,3,3,4,0,25.0,1.0,4.0,7.0,274.26,7.0,4.0,274.26,2.722,0,2.6,0,1,0,0,0,1,0,0,0,1,0,0,0,0,1,0,0
0,16.0,1,21.0,3.0,4,3,2,0,24.0,1.0,6.0,11.0,276.03,11.0,6.0,276.03,3.521,0,2.9,0,1,0,0,0,0,1,0,0,1,0,0,0,0,1,0,1
1,0.0,3,18.0,2.0,3,1,4,1,24.0,3.0,6.0,7.0,145.81,7.0,6.0,145.81,3.008,1,2.5,1,0,0,0,0,0,0,0,1,0,1,0,0,0,0,1,1
0,11.0,1,6.0,2.0,3,1,8,0,15.0,2.0,2.0,9.0,147.35,9.0,2.0,147.35,1.409,0,2.3,0,0,0,0,0,0,1,0,0,0,1,0,0,0,1,0,1
0,2.0,3,11.0,2.0,4,4,2,1,13.0,0.0,1.0,9.0,141.87,9.0,1.0,141.87,0.987,1,2.2,0,0,1,0,0,1,0,0,0,0,1,0,0,0,1,0,1
0,6.0,3,8.0,3.0,3,1,2,0,14.0,1.0,1.0,4.0,155.05,4.0,1.0,155.05,1.06,0,2.6,0,1,0,0,0,1,0,0,0,0,1,0,0,0,1,0,1
0,5.0,1,8.0,2.0,3,4,1,0,13.0,0.0,1.0,6.0,154.7,6.0,1.0,154.7,1.047,0,1.9,0,1,0,0,0,1,0,0,0,0,1,0,0,0,1,0,1
0,4.0,3,11.0,3.0,3,1,2,0,11.0,0.0,1.0,2.0,154.76,2.0,1.0,154.76,1.086,0,2.4,0,1,0,0,0,0,1,0,0,0,1,0,0,0,1,0,0
0,22.0,1,14.0,3.0,3,5,5,1,16.0,1.0,2.0,2.0,125.87,2.0,2.0,125.87,1.37,0,2.6,0,0,1,0,0,0,0,0,0,0,0,1,0,0,1,0,0
0,11.0,1,14.0,2.0,4,4,2,0,22.0,1.0,3.0,3.0,124.4,3.0,3.0,124.4,1.748,0,2.4,0,0,0,0,0,0,0,0,0,0,0,1,0,0,0,1,0
0,20.0,3,8.0,2.0,1,4,7,0,14.0,0.0,2.0,2.0,259.72,2.0,2.0,259.72,1.906,0,1.3,0,1,0,0,0,0,1,0,0,1,0,0,0,0,1,0,0
0,22.0,1,6.0,2.0,3,3,5,0,14.0,1.0,2.0,0.0,253.79000000000002,0.0,2.0,253.79000000000002,2.015,0,2.1,0,1,0,0,0,0,1,0,0,1,0,0,0,0,0,1,1
0,14.0,3,29.0,3.0,3,3,4,1,16.0,0.0,1.0,2.0,170.82,2.0,1.0,170.82,1.15,0,2.4,0,1,0,0,0,0,1,0,0,0,0,0,0,0,0,1,1
0,0.0,3,15.0,3.0,3,5,2,0,11.0,0.0,1.0,2.0,127.28,2.0,1.0,127.28,0.976,1,2.4,0,0,1,0,0,0,1,0,0,0,0,1,0,0,0,1,1
0,6.0,3,22.0,2.0,3,1,2,1,25.0,0.0,1.0,2.0,153.68,2.0,1.0,153.68,1.081,0,1.9,1,0,0,0,0,0,1,0,0,0,1,0,0,0,1,0,0
0,9.0,1,32.0,3.0,3,3,7,0,14.0,1.0,1.0,2.0,153.47,2.0,1.0,153.47,1.081,0,2.6,0,1,0,0,0,0,1,0,0,0,1,0,0,0,1,0,1
0,17.0,2,6.0,2.0,3,1,5,1,18.0,2.0,2.0,2.0,131.95,2.0,2.0,131.95,1.394,0,2.3,1,0,1,0,0,0,1,0,0,0,0,1,0,0,1,0,0
1,0.0,1,14.0,3.0,4,3,2,1,11.0,1.0,1.0,2.0,139.89,2.0,1.0,139.89,1.026,1,2.9,0,0,1,0,0,1,0,0,0,0,0,0,1,0,0,1,1
0,11.0,1,10.0,2.0,3,3,8,0,19.0,0.0,1.0,0.0,133.06,0.0,1.0,133.06,1.132,0,1.9,0,0,1,0,0,0,0,0,0,0,0,1,0,0,1,0,0
0,26.0,1,30.0,2.0,1,1,4,0,15.0,0.0,1.0,2.0,170.05,2.0,1.0,170.05,1.147,0,1.3,0,1,0,0,0,1,0,0,0,0,0,0,0,0,1,0,1
1,11.0,3,14.0,3.0,3,3,3,1,11.0,4.0,7.0,7.0,126.55000000000001,7.0,7.0,126.55000000000001,3.331,0,3.2,0,0,0,0,0,0,0,0,0,0,0,1,0,0,1,0,0
1,9.0,1,8.0,3.0,3,4,2,0,12.0,1.0,1.0,0.0,113.93,0.0,1.0,113.93,1.056,0,2.6,0,1,0,0,0,0,1,0,0,0,0,0,1,0,0,1,1
0,0.0,1,14.0,3.0,3,1,2,0,20.0,5.0,5.0,7.0,125.69999999999999,7.0,5.0,125.69999999999999,2.528,1,3.4,0,0,0,0,0,0,0,0,0,0,0,1,0,0,0,1,1
0,28.0,1,28.0,3.0,4,4,6,0,12.0,1.0,1.0,2.0,135.37,2.0,1.0,135.37,1.008,0,2.9,0,0,1,1,0,0,0,0,0,0,0,1,0,0,1,0,1
0,7.0,1,11.0,2.0,4,1,2,0,14.0,4.0,4.0,13.0,139.86,13.0,4.0,139.86,2.174,0,3.0,0,0,1,0,0,1,0,0,0,0,1,0,0,0,1,0,1
0,30.0,1,6.0,3.0,5,1,4,0,20.0,0.0,1.0,0.0,208.82999999999998,0.0,1.0,208.82999999999998,1.435,0,3.0,0,1,0,0,0,1,0,0,0,0,0,0,0,0,1,0,1
0,9.0,1,27.0,3.0,1,4,2,0,18.0,2.0,2.0,13.0,120.28,13.0,2.0,120.28,1.295,0,2.2,0,0,1,0,0,0,0,0,0,0,0,1,0,0,1,0,1
0,10.0,3,6.0,2.0,5,1,2,0,14.0,0.0,1.0,3.0,195.25,3.0,1.0,195.25,1.231,0,2.5,0,0,0,0,0,1,0,0,0,0,1,0,0,0,1,0,1
0,7.0,1,25.0,3.0,4,1,2,0,12.0,3.0,8.0,7.0,129.29,7.0,8.0,129.29,3.742,0,3.3,0,0,1,0,0,0,1,0,0,0,0,1,0,0,1,0,0
1,9.0,3,13.0,2.0,3,1,2,1,21.0,1.0,1.0,2.0,122.75,2.0,1.0,122.75,0.958,0,2.1,1,0,1,0,0,0,1,0,0,0,0,1,0,0,1,0,1
0,17.0,1,8.0,3.0,1,1,2,1,19.0,6.0,6.0,7.0,178.79,7.0,6.0,178.79,3.14,0,3.0,1,1,0,0,0,0,1,0,0,0,0,0,0,0,1,0,0
0,8.0,1,8.0,3.0,4,1,1,1,14.0,1.0,1.0,4.0,149.3,4.0,1.0,149.3,1.037,0,2.9,1,0,0,0,0,1,0,0,0,0,0,0,1,0,0,1,1
0,16.0,3,8.0,3.0,3,1,2,1,17.0,0.0,8.0,8.0,178.47,8.0,8.0,178.47,3.936,0,2.4,1,1,0,0,0,1,0,0,0,0,1,0,0,0,1,0,1
0,0.0,1,15.0,3.0,1,3,2,0,16.0,0.0,1.0,4.0,144.01,4.0,1.0,144.01,1.016,1,1.8,0,0,1,0,0,1,0,0,0,0,0,0,1,0,1,0,1
0,14.0,3,12.0,2.0,3,3,2,0,12.0,6.0,8.0,7.0,192.41,7.0,8.0,192.41,3.995,0,3.1,0,1,0,0,0,0,0,1,0,0,0,0,0,0,0,1,1
0,2.0,1,15.0,3.0,3,3,10,0,17.0,1.0,1.0,2.0,129.74,2.0,1.0,129.74,0.986,1,2.6,0,0,1,0,0,0,0,0,0,0,0,1,0,0,1,0,0
0,9.0,3,8.0,2.0,3,1,4,0,15.0,3.0,6.0,7.0,145.02,7.0,6.0,145.02,3.005,0,2.5,0,0,1,0,0,0,1,0,0,0,1,0,0,0,0,1,0
0,18.0,1,6.0,3.0,4,3,4,0,23.0,3.0,14.0,4.0,207.48000000000002,4.0,14.0,207.48000000000002,6.47,0,3.3,0,0,0,0,0,0,1,0,0,0,0,0,0,0,1,0,1
1,9.0,2,28.0,2.0,5,3,2,0,11.0,0.0,1.0,0.0,115.55000000000001,0.0,1.0,115.55000000000001,1.062,0,2.5,0,1,0,0,0,0,0,0,1,0,0,0,1,0,1,0,1
1,10.0,3,15.0,2.0,5,3,8,0,11.0,1.0,14.0,3.0,229.36,3.0,14.0,229.36,6.567,0,2.7,0,0,0,0,0,0,1,0,0,1,0,0,0,0,1,0,1
0,9.0,1,23.0,3.0,5,3,2,0,15.0,0.0,1.0,2.0,123.05000000000001,2.0,1.0,123.05000000000001,0.959,0,3.0,0,0,1,0,0,0,0,0,0,0,0,1,0,0,1,0,1
0,18.0,1,34.0,2.0,4,4,2,0,11.0,1.0,8.0,6.0,267.04,6.0,8.0,267.04,4.297,0,2.4,0,1,0,0,1,0,0,0,0,1,0,0,0,0,0,1,0
0,5.0,1,16.0,2.0,3,3,7,0,13.0,0.0,1.0,3.0,134.33,3.0,1.0,134.33,0.987,0,1.9,0,0,0,0,0,0,1,0,0,0,0,1,0,0,1,0,1
0,4.0,1,8.0,3.0,3,3,2,0,14.0,0.0,1.0,3.0,134.77,3.0,1.0,134.77,0.989,0,2.4,0,0,1,0,0,0,1,0,0,0,0,1,0,0,1,0,1
0,14.0,2,10.0,2.0,5,4,7,0,19.0,0.0,1.0,2.0,164.3,2.0,1.0,164.3,1.124,0,2.5,0,0,0,0,0,0,0,0,1,0,1,0,0,0,1,0,1
0,13.0,1,14.0,3.0,3,5,3,1,16.0,0.0,1.0,0.0,165.16,0.0,1.0,165.16,1.261,0,2.4,0,1,0,0,0,0,1,0,0,0,1,0,0,0,1,0,0
0,0.0,1,35.0,3.0,3,5,2,0,13.0,1.0,1.0,2.0,139.07,2.0,1.0,139.07,1.023,1,2.6,0,0,1,0,0,1,0,0,0,0,0,0,1,0,1,0,1
0,19.0,1,19.0,2.0,3,4,7,0,14.0,1.0,1.0,9.0,155.62,9.0,1.0,155.62,1.042,0,2.1,0,1,0,0,0,0,1,0,0,0,1,0,0,0,0,1,1
0,8.0,1,33.0,2.0,3,3,3,0,16.0,0.0,1.0,7.0,168.83,7.0,1.0,168.83,1.1,0,1.9,0,1,0,0,0,0,1,0,0,0,1,0,0,0,1,0,1
0,3.0,1,22.0,3.0,3,1,2,0,12.0,0.0,1.0,8.0,128.62,8.0,1.0,128.62,0.937,0,2.4,0,0,1,0,0,0,1,0,0,0,0,1,0,0,1,0,1
0,20.0,3,8.0,2.0,3,4,8,0,11.0,0.0,1.0,0.0,149.78,0.0,1.0,149.78,1.199,0,1.9,0,0,0,0,0,0,0,1,0,0,1,0,0,0,1,0,1
0,19.0,3,8.0,3.0,3,1,5,1,12.0,0.0,1.0,3.0,203.68,3.0,1.0,203.68,1.265,0,2.4,1,1,0,0,0,0,1,0,0,0,0,0,0,0,1,0,1
1,0.0,3,19.0,3.0,4,5,6,1,13.0,2.0,2.0,2.0,161.34,2.0,2.0,161.34,1.512,1,3.1,0,1,0,0,0,0,0,1,0,0,1,0,0,0,1,0,1
1,0.0,3,6.0,2.0,5,4,7,0,15.0,0.0,1.0,0.0,167.35,0.0,1.0,167.35,1.269,1,2.5,0,1,0,0,0,0,1,0,0,0,1,0,0,0,0,1,1
0,0.0,1,10.0,2.0,3,4,2,0,13.0,1.0,1.0,2.0,132.95,2.0,1.0,132.95,0.998,1,2.1,0,0,1,0,0,0,0,0,0,0,0,1,0,0,0,1,0
0,4.0,1,30.0,1.0,3,1,3,0,20.0,1.0,1.0,4.0,152.38,4.0,1.0,152.38,1.05,0,1.6,0,0,0,1,0,0,0,0,0,0,1,0,0,0,0,1,0
0,12.0,1,6.0,3.0,3,1,2,1,15.0,3.0,5.0,8.0,164.72,8.0,5.0,164.72,2.681,0,3.0,1,0,0,0,0,0,1,0,0,0,1,0,0,0,1,0,1
0,5.0,3,25.0,3.0,5,3,4,0,13.0,1.0,1.0,2.0,196.1,2.0,1.0,196.1,1.251,0,3.2,0,1,0,0,0,0,1,0,0,0,0,0,0,0,1,0,1
0,13.0,3,13.0,2.0,3,4,2,0,15.0,1.0,12.0,8.0,298.33,8.0,12.0,298.33,6.016,0,2.1,0,1,0,0,0,1,0,0,0,0,0,0,0,1,0,1,1
0,18.0,2,10.0,2.0,5,3,5,0,21.0,1.0,1.0,3.0,197.56,3.0,1.0,197.56,1.24,0,2.7,0,1,0,0,0,0,1,0,0,0,0,0,0,0,1,0,0
0,3.0,1,8.0,3.0,4,5,1,0,16.0,0.0,1.0,7.0,149.68,7.0,1.0,149.68,1.024,0,2.7,0,0,0,1,0,0,0,0,0,0,0,0,1,0,0,1,0
0,9.0,2,16.0,2.0,3,1,1,0,14.0,1.0,2.0,1.0,121.44999999999999,1.0,2.0,121.44999999999999,1.386,0,2.1,0,0,0,0,0,0,0,0,0,0,0,1,0,0,1,0,1
1,9.0,2,14.0,3.0,4,1,7,0,11.0,1.0,1.0,2.0,121.80000000000001,2.0,1.0,121.80000000000001,0.954,0,2.9,0,0,0,0,0,0,0,0,1,0,0,1,0,0,1,0,0
0,4.0,3,11.0,2.0,3,3,2,0,19.0,0.0,1.0,2.0,183.46,2.0,1.0,183.46,1.201,0,1.9,0,1,0,1,0,0,0,0,0,0,1,0,0,0,1,0,1
0,0.0,1,14.0,3.0,3,1,2,0,11.0,1.0,1.0,4.0,134.45,4.0,1.0,134.45,0.978,1,2.6,0,0,1,0,0,0,0,0,0,0,0,1,0,0,0,1,0
1,0.0,3,15.0,3.0,5,4,2,0,13.0,1.0,2.0,2.0,127.6,2.0,2.0,127.6,1.377,1,3.2,0,0,1,0,0,0,0,1,0,0,0,1,0,0,0,1,0
0,2.0,1,6.0,3.0,1,3,9,1,12.0,0.0,1.0,2.0,162.94,2.0,1.0,162.94,1.118,1,1.8,0,0,0,0,0,0,1,0,0,0,1,0,0,0,0,1,1
0,3.0,3,21.0,3.0,4,5,3,0,11.0,0.0,1.0,7.0,171.4,7.0,1.0,171.4,1.111,0,2.7,0,1,0,0,0,0,0,1,0,0,0,0,0,0,1,0,1
0,7.0,1,8.0,3.0,1,1,1,1,14.0,0.0,1.0,2.0,129.32,2.0,1.0,129.32,0.984,0,1.8,1,0,1,0,0,0,0,0,0,0,0,1,0,0,1,0,1
0,6.0,3,8.0,3.0,3,4,9,0,15.0,0.0,1.0,7.0,151.47,7.0,1.0,151.47,1.031,0,2.4,0,0,0,0,0,0,0,1,0,0,1,0,0,0,0,1,0
0,22.0,3,17.0,3.0,3,1,4,0,12.0,0.0,1.0,4.0,145.07,4.0,1.0,145.07,1.02,0,2.4,0,0,1,0,0,0,0,1,0,0,1,0,0,0,0,1,0
1,0.0,3,22.0,3.0,3,5,3,1,20.0,0.0,1.0,0.0,185.64,0.0,1.0,185.64,1.343,1,2.4,0,1,0,0,0,0,1,0,0,0,0,0,0,0,0,1,0
0,11.0,1,14.0,3.0,4,4,5,0,14.0,0.0,1.0,5.0,124.68,5.0,1.0,124.68,0.932,0,2.7,0,0,0,0,0,0,0,0,0,0,0,1,0,0,1,0,0
1,0.0,3,22.0,3.0,3,3,3,0,13.0,1.0,1.0,0.0,181.61,0.0,1.0,181.61,1.326,1,2.6,0,1,0,0,0,0,0,1,0,0,0,0,0,0,1,0,1
0,9.0,1,10.0,3.0,4,5,2,0,13.0,0.0,1.0,0.0,121.09,0.0,1.0,121.09,1.084,0,2.7,0,0,1,0,1,0,0,0,0,0,0,1,0,0,1,0,0
0,0.0,1,22.0,2.0,1,3,4,0,16.0,1.0,1.0,7.0,152.94,7.0,1.0,152.94,1.037,1,1.5,0,1,0,0,0,0,1,0,0,0,1,0,0,0,1,0,1
0,5.0,1,11.0,3.0,3,4,3,0,14.0,1.0,1.0,7.0,127.18,7.0,1.0,127.18,0.934,0,2.6,0,0,0,1,0,0,0,0,0,0,0,1,0,0,0,1,1
0,11.0,1,24.0,2.0,5,1,4,1,16.0,0.0,1.0,0.0,158.11,0.0,1.0,158.11,1.232,0,2.5,1,1,0,0,0,1,0,0,0,0,1,0,0,0,1,0,1
1,6.0,1,14.0,2.0,4,3,10,1,16.0,1.0,1.0,0.0,124.37,0.0,1.0,124.37,1.097,0,2.4,0,0,0,1,0,0,0,0,0,0,0,1,0,0,1,0,1
0,15.0,1,18.0,3.0,3,4,9,0,22.0,1.0,1.0,4.0,127.66,4.0,1.0,127.66,0.951,0,2.6,0,0,1,0,0,0,0,0,0,0,0,1,0,0,1,0,1
0,28.0,1,8.0,2.0,4,5,9,0,12.0,1.0,1.0,0.0,290.38,0.0,1.0,290.38,1.762,0,2.4,0,1,0,0,0,1,0,0,0,0,0,0,0,1,1,0,1
0,6.0,1,10.0,3.0,3,4,6,0,15.0,0.0,1.0,7.0,130.55,7.0,1.0,130.55,0.947,0,2.4,0,0,0,1,0,0,0,0,0,0,1,0,0,0,1,0,1
0,9.0,1,15.0,3.0,3,5,2,0,20.0,1.0,1.0,4.0,122.88999999999999,4.0,1.0,122.88999999999999,0.932,0,2.6,0,0,1,0,0,0,1,0,0,0,0,1,0,0,1,0,1
0,7.0,3,16.0,2.0,3,3,2,1,14.0,1.0,1.0,7.0,140.01,7.0,1.0,140.01,0.985,0,2.1,0,0,0,0,0,0,1,0,0,0,1,0,0,0,1,0,1
0,26.0,1,6.0,2.0,4,3,5,1,20.0,0.0,1.0,3.0,229.64999999999998,3.0,1.0,229.64999999999998,1.369,0,2.2,0,0,0,0,0,1,0,0,0,1,0,0,0,0,1,0,0
0,16.0,2,8.0,3.0,3,1,1,0,13.0,0.0,1.0,8.0,135.39,8.0,1.0,135.39,0.964,0,2.4,0,0,1,0,0,0,1,0,0,0,0,1,0,0,0,1,1
0,7.0,3,9.0,2.0,5,1,6,0,12.0,1.0,2.0,2.0,160.29,2.0,2.0,160.29,1.508,0,2.7,0,1,0,0,0,0,1,0,0,0,1,0,0,0,0,1,0
1,0.0,3,13.0,3.0,3,4,2,0,13.0,1.0,1.0,0.0,126.78999999999999,0.0,1.0,126.78999999999999,1.107,1,2.6,0,0,1,0,0,0,0,1,0,0,0,1,0,0,0,1,1
0,11.0,1,12.0,2.0,4,3,2,0,11.0,0.0,1.0,4.0,137.02,4.0,1.0,137.02,0.988,0,2.2,0,0,1,0,0,0,0,0,1,0,0,0,1,0,1,0,0
1,0.0,1,14.0,3.0,3,5,2,1,17.0,0.0,1.0,0.0,123.97999999999999,0.0,1.0,123.97999999999999,1.096,1,2.4,0,0,1,0,0,0,0,0,0,0,0,1,0,0,1,0,0
0,4.0,3,35.0,3.0,4,1,2,0,14.0,2.0,5.0,7.0,154.68,7.0,5.0,154.68,2.644,0,3.1,0,1,0,0,0,0,0,1,0,0,1,0,0,0,1,0,0
0,24.0,1,9.0,2.0,3,3,3,0,11.0,2.0,2.0,3.0,231.16000000000003,3.0,2.0,231.16000000000003,1.775,0,2.3,0,1,0,0,1,0,0,0,0,0,0,0,0,0,1,0,0
0,10.0,3,15.0,2.0,4,4,2,0,14.0,0.0,1.0,3.0,141.89,3.0,1.0,141.89,1.018,0,2.2,0,0,1,0,0,0,0,1,0,0,1,0,0,0,1,0,1
0,19.0,1,8.0,2.0,3,1,8,1,15.0,1.0,2.0,2.0,293.28,2.0,2.0,293.28,2.04,0,2.1,1,1,0,0,0,1,0,0,0,0,0,0,0,1,1,0,1
0,9.0,1,16.0,2.0,3,5,8,1,13.0,1.0,5.0,7.0,183.21,7.0,5.0,183.21,2.758,0,2.1,0,1,0,0,0,0,1,0,0,0,0,0,0,0,1,0,1
1,7.0,1,14.0,2.0,3,4,2,1,12.0,1.0,2.0,3.0,123.41999999999999,3.0,2.0,123.41999999999999,1.344,0,2.1,0,0,0,0,0,0,0,0,0,0,0,1,0,0,1,0,1
0,10.0,2,14.0,2.0,3,4,3,0,13.0,4.0,4.0,7.0,140.71,7.0,4.0,140.71,2.188,0,2.7,0,0,1,0,0,0,0,0,1,0,1,0,0,0,1,0,1
1,0.0,3,33.0,2.0,3,1,2,1,18.0,0.0,7.0,7.0,158.13,7.0,7.0,158.13,3.458,1,1.9,1,1,0,0,0,0,1,0,0,0,1,0,0,0,0,1,1
0,6.0,1,14.0,3.0,1,5,7,0,19.0,6.0,7.0,6.0,131.43,6.0,7.0,131.43,3.354,0,3.0,0,0,1,0,0,0,1,0,0,0,0,1,0,0,1,0,1
0,9.0,1,6.0,2.0,3,1,2,0,11.0,0.0,1.0,3.0,120.44,3.0,1.0,120.44,0.932,0,1.9,0,0,1,0,0,0,1,0,0,0,0,1,0,0,1,0,1
0,12.0,1,16.0,3.0,3,3,8,0,21.0,2.0,2.0,2.0,234.64,2.0,2.0,234.64,1.805,0,2.8,0,1,0,0,0,1,0,0,0,0,0,0,0,0,0,1,1
0,19.0,3,32.0,3.0,4,4,9,0,15.0,2.0,2.0,2.0,179.91,2.0,2.0,179.91,1.586,0,3.1,0,0,0,0,0,0,1,0,0,0,1,0,0,0,0,1,1
0,13.0,1,8.0,2.0,3,5,5,0,17.0,1.0,1.0,2.0,133.77,2.0,1.0,133.77,1.002,0,2.1,0,0,1,0,0,0,1,0,0,0,0,1,0,0,1,0,0
0,15.0,1,19.0,3.0,1,5,6,0,18.0,1.0,1.0,0.0,155.38,0.0,1.0,155.38,1.222,0,2.0,0,1,0,0,0,1,0,0,0,0,1,0,0,0,1,0,1
0,8.0,1,8.0,2.0,3,1,3,0,14.0,0.0,1.0,7.0,157.62,7.0,1.0,157.62,1.055,0,1.9,0,0,0,0,0,1,0,0,0,0,1,0,0,0,1,0,1
0,11.0,2,14.0,3.0,3,4,6,0,13.0,3.0,3.0,8.0,125.91999999999999,8.0,3.0,125.91999999999999,1.726,0,3.0,0,0,0,0,0,0,0,0,1,0,0,1,0,0,1,0,1
1,0.0,1,15.0,3.0,3,5,5,0,17.0,0.0,1.0,7.0,153.46,7.0,1.0,153.46,1.039,1,2.4,0,0,0,0,0,0,1,0,0,0,1,0,0,0,1,0,1
1,0.0,1,16.0,2.0,3,5,2,0,15.0,0.0,1.0,8.0,142.13,8.0,1.0,142.13,0.991,1,1.9,0,0,1,0,0,1,0,0,0,0,1,0,0,0,0,1,1
0,12.0,3,26.0,2.0,3,1,3,0,18.0,1.0,2.0,2.0,141.27,2.0,2.0,141.27,1.432,0,2.1,0,0,0,0,0,0,1,0,0,0,1,0,0,0,1,0,1
0,16.0,1,14.0,2.0,3,3,5,0,13.0,0.0,1.0,2.0,124.38,2.0,1.0,124.38,0.964,0,1.9,0,0,0,0,0,0,1,0,0,0,0,1,0,0,0,1,1
0,14.0,1,11.0,2.0,1,4,4,0,12.0,1.0,1.0,2.0,168.7,2.0,1.0,168.7,1.141,0,1.5,0,1,0,0,0,0,1,0,0,0,1,0,0,0,0,1,1
0,14.0,3,10.0,2.0,3,3,1,1,13.0,0.0,13.0,5.0,204.47,5.0,13.0,204.47,6.051,0,1.9,0,1,0,0,0,0,0,1,0,0,0,0,0,0,1,0,0
0,3.0,1,16.0,3.0,3,3,10,0,14.0,0.0,1.0,2.0,196.67,2.0,1.0,196.67,1.253,0,2.4,0,1,0,0,0,1,0,0,0,0,0,0,0,0,0,1,0
1,9.0,2,26.0,3.0,3,4,1,1,11.0,0.0,1.0,4.0,121.47999999999999,4.0,1.0,121.47999999999999,0.926,0,2.4,0,0,1,0,0,0,0,0,0,0,0,1,0,0,1,0,0
1,9.0,1,27.0,3.0,3,4,5,0,22.0,1.0,3.0,7.0,189.26,7.0,3.0,189.26,1.982,0,2.6,0,1,0,0,0,1,0,0,0,0,1,0,0,0,1,0,0
0,13.0,1,6.0,2.0,3,1,5,0,17.0,0.0,1.0,3.0,165.13,3.0,1.0,165.13,1.111,0,1.9,0,1,0,0,0,0,1,0,0,0,1,0,0,0,1,0,0
0,7.0,3,14.0,3.0,1,3,2,0,21.0,0.0,4.0,8.0,167.99,8.0,4.0,167.99,2.294,0,1.8,0,1,0,1,0,0,0,0,0,0,1,0,0,0,1,0,1
0,30.0,3,8.0,2.0,3,4,5,0,22.0,10.0,14.0,14.0,0.0,14.0,14.0,0.0,5.613,0,3.9,0,0,0,0,0,1,0,0,0,1,0,0,0,0,1,0,1
0,8.0,1,29.0,3.0,5,3,1,0,16.0,1.0,1.0,3.0,127.05000000000001,3.0,1.0,127.05000000000001,0.958,0,3.2,0,0,1,0,0,0,0,0,0,0,0,1,0,0,1,0,1
0,20.0,1,10.0,3.0,4,4,9,1,12.0,2.0,14.0,10.0,203.33,10.0,14.0,203.33,6.432,0,3.1,0,1,0,0,0,0,1,0,0,0,0,0,0,0,1,0,0
0,13.0,1,18.0,2.0,3,5,3,0,12.0,7.0,7.0,7.0,144.48,7.0,7.0,144.48,3.403,0,3.3,0,0,1,0,0,0,1,0,0,0,1,0,0,0,1,0,0
0,27.0,1,13.0,3.0,3,1,5,0,15.0,1.0,1.0,7.0,168.54,7.0,1.0,168.54,1.099,0,2.6,0,1,0,0,0,1,0,0,0,0,1,0,0,0,1,0,0
0,4.0,3,13.0,3.0,3,5,3,0,14.0,2.0,2.0,2.0,196.37,2.0,2.0,196.37,1.652,0,2.8,0,0,0,0,0,0,0,1,0,0,0,0,0,0,1,0,0
0,1.0,1,6.0,3.0,3,5,2,0,25.0,1.0,1.0,2.0,135.91,2.0,1.0,135.91,1.01,1,2.6,0,0,1,0,0,1,0,0,0,0,0,0,1,0,1,0,0
0,11.0,3,8.0,3.0,5,1,3,1,20.0,0.0,1.0,3.0,154.05,3.0,1.0,154.05,1.066,0,3.0,1,1,0,0,0,0,0,1,0,0,1,0,0,0,1,0,0
0,0.0,3,16.0,2.0,3,1,2,0,13.0,0.0,1.0,2.0,146.84,2.0,1.0,146.84,1.054,1,1.9,0,0,1,0,0,1,0,0,0,0,1,0,0,0,0,1,1
0,30.0,1,21.0,2.0,3,3,3,1,14.0,1.0,2.0,2.0,257.87,2.0,2.0,257.87,1.898,0,2.1,0,0,0,0,0,0,1,0,0,1,0,0,0,0,1,0,1
0,9.0,1,20.0,2.0,3,3,2,0,16.0,1.0,1.0,0.0,115.13999999999999,0.0,1.0,115.13999999999999,1.061,0,2.1,0,0,0,0,0,1,0,0,0,0,0,0,1,0,0,1,0
1,0.0,2,24.0,3.0,1,5,1,0,17.0,1.0,1.0,0.0,129.56,0.0,1.0,129.56,1.118,1,2.0,0,0,1,0,0,0,0,0,1,0,0,1,0,0,1,0,1
1,0.0,2,14.0,2.0,4,5,5,1,15.0,1.0,2.0,0.0,123.35,0.0,2.0,123.35,1.493,1,2.4,0,0,1,0,0,0,0,0,1,0,0,1,0,0,1,0,1
0,18.0,3,8.0,3.0,3,3,5,0,22.0,3.0,5.0,7.0,151.54,7.0,5.0,151.54,2.631,0,3.0,0,0,0,0,0,0,1,0,0,0,1,0,0,0,1,0,0
0,9.0,1,8.0,3.0,3,4,5,1,22.0,0.0,1.0,0.0,169.62,0.0,1.0,169.62,1.278,0,2.4,0,1,0,0,0,0,0,0,1,0,1,0,0,0,1,0,0
0,16.0,3,8.0,3.0,3,1,2,0,20.0,5.0,7.0,7.0,156.75,7.0,7.0,156.75,3.452,0,3.4,0,0,0,0,0,0,1,0,0,0,1,0,0,0,1,0,1
0,0.0,1,14.0,2.0,3,1,1,1,14.0,1.0,1.0,2.0,123.78999999999999,2.0,1.0,123.78999999999999,0.962,1,2.1,1,0,0,0,0,0,1,0,0,0,0,1,0,0,0,1,0
0,2.0,1,26.0,2.0,3,1,2,0,13.0,1.0,3.0,10.0,138.12,10.0,3.0,138.12,1.771,1,2.1,0,0,0,0,0,1,0,0,0,0,0,0,1,0,1,0,1
0,5.0,3,16.0,3.0,3,1,9,0,13.0,1.0,1.0,0.0,146.48,0.0,1.0,146.48,1.186,0,2.6,0,0,0,0,0,0,0,1,0,0,1,0,0,0,0,1,1
0,15.0,1,16.0,3.0,3,3,4,0,22.0,1.0,3.0,3.0,129.36,3.0,3.0,129.36,1.767,0,2.6,0,0,0,1,0,0,0,0,0,0,0,1,0,0,1,0,1
0,9.0,1,15.0,3.0,3,3,5,0,12.0,1.0,2.0,0.0,121.05000000000001,0.0,2.0,121.05000000000001,1.484,0,2.6,0,0,1,0,0,0,1,0,0,0,0,1,0,0,0,1,0
0,19.0,1,8.0,2.0,3,1,4,0,14.0,1.0,4.0,7.0,185.78,7.0,4.0,185.78,2.368,0,2.1,0,1,0,0,0,0,1,0,0,0,0,0,0,0,1,0,1
0,1.0,2,6.0,3.0,3,1,2,0,15.0,0.0,2.0,2.0,127.06,2.0,2.0,127.06,1.375,1,2.4,0,0,0,0,0,0,1,0,0,0,0,1,0,0,1,0,1
0,2.0,1,35.0,3.0,5,3,9,0,17.0,1.0,1.0,6.0,163.84,6.0,1.0,163.84,1.084,1,3.2,0,1,0,0,0,0,1,0,0,0,1,0,0,0,1,0,1
0,15.0,1,14.0,2.0,3,3,5,0,13.0,1.0,1.0,0.0,139.68,0.0,1.0,139.68,1.159,0,2.1,0,0,1,0,0,0,1,0,0,0,0,0,1,0,0,1,1
1,0.0,3,8.0,2.0,4,4,8,1,12.0,2.0,2.0,2.0,199.07,2.0,2.0,199.07,1.663,1,2.6,0,1,0,0,0,0,0,1,0,0,1,0,0,0,0,1,1
0,19.0,3,9.0,2.0,1,5,3,0,12.0,1.0,2.0,8.0,232.25,8.0,2.0,232.25,1.751,0,1.5,0,1,0,0,1,0,0,0,0,1,0,0,0,0,1,0,0
0,0.0,3,29.0,2.0,4,3,2,0,21.0,4.0,5.0,8.0,135.4,8.0,5.0,135.4,2.564,1,3.0,0,0,1,0,0,1,0,0,0,0,1,0,0,0,1,0,0
0,2.0,2,12.0,3.0,4,4,2,0,11.0,1.0,1.0,0.0,128.04,0.0,1.0,128.04,1.112,1,2.9,0,0,1,0,0,0,0,0,0,0,0,1,0,0,1,0,1
0,16.0,1,12.0,2.0,4,3,8,0,15.0,3.0,6.0,14.0,293.92,14.0,6.0,293.92,3.589,0,2.8,0,1,0,0,0,1,0,0,0,0,0,0,0,1,1,0,0
0,21.0,1,16.0,3.0,4,4,5,0,15.0,3.0,12.0,9.0,296.65,9.0,12.0,296.65,6.007,0,3.3,0,1,0,0,0,0,1,0,0,0,0,0,0,1,1,0,1
1,0.0,1,14.0,3.0,4,1,2,1,24.0,1.0,1.0,0.0,124.38999999999999,0.0,1.0,124.38999999999999,1.098,1,2.9,1,0,0,0,0,0,1,0,0,0,0,1,0,0,0,1,1
1,9.0,3,16.0,3.0,3,4,6,0,21.0,0.0,1.0,7.0,173.14,7.0,1.0,173.14,1.118,0,2.4,0,1,0,0,0,0,1,0,0,0,0,0,0,0,1,0,0
0,0.0,1,21.0,3.0,4,5,1,0,19.0,7.0,7.0,3.0,147.74,3.0,7.0,147.74,3.441,1,4.1,0,0,0,0,0,0,1,0,0,0,0,0,1,0,1,0,0
0,12.0,1,25.0,2.0,3,1,9,0,14.0,1.0,2.0,2.0,139.02,2.0,2.0,139.02,1.423,0,2.1,0,0,1,0,0,0,0,0,1,0,1,0,0,0,1,0,1
0,28.0,1,8.0,3.0,4,1,9,0,20.0,0.0,1.0,4.0,126.62,4.0,1.0,126.62,0.946,0,2.7,0,0,1,1,0,0,0,0,0,0,0,1,0,0,1,0,1
0,1.0,3,9.0,3.0,3,4,2,0,19.0,1.0,1.0,0.0,128.56,0.0,1.0,128.56,1.114,1,2.6,0,0,1,0,0,0,0,0,0,0,0,1,0,0,1,0,0
1,0.0,3,15.0,2.0,3,1,2,0,13.0,0.0,1.0,0.0,110.81,0.0,1.0,110.81,1.043,1,1.9,0,1,0,0,0,1,0,0,0,0,0,0,1,0,0,1,1
1,0.0,1,14.0,3.0,3,4,2,1,23.0,1.0,1.0,0.0,124.72,0.0,1.0,124.72,1.099,1,2.6,0,0,1,0,0,0,1,0,0,0,0,1,0,0,0,1,1
0,9.0,3,16.0,3.0,4,3,2,1,13.0,1.0,1.0,7.0,156.73,7.0,1.0,156.73,1.052,0,2.9,0,1,0,1,0,0,0,0,0,0,1,0,0,0,1,0,0
0,4.0,1,26.0,2.0,3,3,2,0,11.0,0.0,1.0,2.0,141.97,2.0,1.0,141.97,1.035,0,1.9,0,0,1,0,0,0,1,0,0,0,1,0,0,0,1,0,1
0,7.0,3,10.0,3.0,3,1,3,1,13.0,0.0,1.0,0.0,197.13,0.0,1.0,197.13,1.389,0,2.4,1,1,0,0,0,0,1,0,0,0,0,0,0,0,1,0,1
0,9.0,1,13.0,2.0,3,5,4,0,14.0,0.0,1.0,2.0,120.62,2.0,1.0,120.62,0.949,0,1.9,0,0,1,0,0,0,1,0,0,0,0,1,0,0,0,1,1
0,10.0,1,13.0,3.0,3,5,6,1,22.0,0.0,1.0,4.0,142.84,4.0,1.0,142.84,1.011,0,2.4,0,0,1,0,0,1,0,0,0,0,1,0,0,0,1,0,1
0,8.0,1,22.0,2.0,4,4,1,1,11.0,1.0,1.0,2.0,147.88,2.0,1.0,147.88,1.058,0,2.4,0,0,1,0,0,0,0,0,1,0,1,0,0,0,1,0,0
0,18.0,1,31.0,3.0,4,1,1,0,13.0,0.0,3.0,8.0,159.06,8.0,3.0,159.06,1.858,0,2.7,0,1,0,0,0,0,1,0,0,0,1,0,0,0,1,0,0
0,9.0,2,8.0,3.0,4,1,2,0,21.0,1.0,1.0,8.0,138.86,8.0,1.0,138.86,0.978,0,2.9,0,0,0,0,0,0,0,0,1,0,1,0,0,0,0,1,1
0,13.0,1,6.0,3.0,3,5,3,0,11.0,1.0,11.0,16.0,268.23,16.0,11.0,268.23,5.485,0,2.6,0,1,0,0,0,0,1,0,0,1,0,0,0,0,1,0,1
0,0.0,1,6.0,3.0,4,3,2,1,13.0,0.0,1.0,0.0,129.33,0.0,1.0,129.33,1.117,1,2.7,0,0,1,0,0,0,1,0,0,0,0,1,0,0,1,0,0
0,0.0,3,8.0,2.0,1,3,1,0,14.0,0.0,1.0,7.0,165.0,7.0,1.0,165.0,1.085,1,1.3,0,1,0,0,0,1,0,0,0,0,1,0,0,0,0,1,0
0,21.0,1,28.0,2.0,3,1,4,0,11.0,1.0,4.0,7.0,271.74,7.0,4.0,271.74,2.712,0,2.1,0,0,0,0,0,1,0,0,0,1,0,0,0,0,1,0,0
0,17.0,1,6.0,3.0,1,5,3,0,15.0,2.0,2.0,2.0,150.33,2.0,2.0,150.33,1.468,0,2.2,0,1,0,0,0,0,1,0,0,0,1,0,0,0,1,0,1
1,9.0,1,22.0,2.0,5,5,2,1,23.0,3.0,3.0,0.0,123.07,0.0,3.0,123.07,1.892,0,3.1,0,0,0,1,0,0,0,0,0,0,0,1,0,0,1,0,1
1,19.0,1,14.0,3.0,3,1,2,0,16.0,0.0,1.0,0.0,125.87,0.0,1.0,125.87,1.103,0,2.4,0,0,1,0,0,0,1,0,0,0,0,1,0,0,0,1,1
0,9.0,3,23.0,2.0,4,4,3,0,16.0,1.0,1.0,3.0,155.07,3.0,1.0,155.07,1.07,0,2.4,0,1,0,0,0,0,0,1,0,0,1,0,0,0,1,0,1
0,14.0,3,14.0,2.0,3,4,6,0,21.0,1.0,1.0,4.0,143.93,4.0,1.0,143.93,1.016,0,2.1,0,0,1,0,0,0,0,1,0,0,1,0,0,0,1,0,0
0,15.0,1,12.0,2.0,3,5,10,0,13.0,3.0,2.0,7.0,233.48000000000002,7.0,2.0,233.48000000000002,1.759,0,2.5,0,1,0,0,0,1,0,0,0,0,0,0,0,0,1,0,1
0,4.0,3,16.0,2.0,3,1,3,1,11.0,0.0,1.0,4.0,165.83,4.0,1.0,165.83,1.103,0,1.9,1,1,0,0,0,1,0,0,0,0,1,0,0,0,1,0,0
0,7.0,3,9.0,3.0,4,1,4,1,12.0,0.0,1.0,1.0,181.03,1.0,1.0,181.03,1.224,0,2.7,1,1,0,0,0,1,0,0,0,0,1,0,0,0,1,0,0
0,4.0,1,10.0,3.0,1,3,9,0,12.0,2.0,2.0,2.0,139.78,2.0,2.0,139.78,1.426,0,2.2,0,0,1,0,0,1,0,0,0,0,0,0,1,0,1,0,0
0,0.0,1,14.0,3.0,1,1,1,0,18.0,2.0,7.0,7.0,125.44,7.0,7.0,125.44,3.327,1,2.2,0,0,0,0,0,0,0,0,1,0,0,1,0,0,1,0,1
0,18.0,1,6.0,2.0,3,3,5,0,12.0,1.0,1.0,3.0,153.99,3.0,1.0,153.99,1.066,0,2.1,0,0,0,0,0,1,0,0,0,0,1,0,0,0,0,1,1
0,6.0,3,16.0,2.0,3,3,2,0,14.0,0.0,1.0,9.0,154.87,9.0,1.0,154.87,1.039,0,1.9,0,1,0,0,0,0,0,1,0,0,1,0,0,0,0,1,1
0,1.0,3,6.0,2.0,4,1,2,1,12.0,0.0,1.0,7.0,168.34,7.0,1.0,168.34,1.098,1,2.2,1,0,0,0,0,0,1,0,0,0,1,0,0,0,1,0,1
1,0.0,3,30.0,2.0,1,5,2,0,17.0,1.0,1.0,0.0,110.91,0.0,1.0,110.91,1.044,1,1.5,0,0,0,0,1,0,0,0,0,0,0,0,1,0,0,1,1
0,12.0,3,27.0,2.0,5,3,7,0,19.0,0.0,1.0,2.0,157.36,2.0,1.0,157.36,1.096,0,2.5,0,0,0,0,0,0,1,0,0,0,1,0,0,0,1,0,0
0,9.0,1,8.0,2.0,3,4,2,0,11.0,1.0,1.0,2.0,122.25999999999999,2.0,1.0,122.25999999999999,0.956,0,2.1,0,0,1,1,0,0,0,0,0,0,0,1,0,0,1,0,1
0,7.0,1,28.0,2.0,4,1,2,1,15.0,3.0,6.0,11.0,157.47,11.0,6.0,157.47,3.047,0,2.8,1,0,0,0,0,0,0,0,1,0,1,0,0,0,1,0,1
1,0.0,3,19.0,2.0,3,3,4,1,11.0,2.0,2.0,2.0,198.54,2.0,2.0,198.54,1.661,1,2.3,0,1,0,0,0,0,0,1,0,0,1,0,0,0,0,1,0
0,20.0,1,20.0,3.0,3,4,9,0,18.0,0.0,1.0,7.0,154.67,7.0,1.0,154.67,1.044,0,2.4,0,0,0,1,0,0,0,0,0,0,1,0,0,0,1,0,1
0,29.0,3,17.0,2.0,4,5,5,0,16.0,0.0,1.0,0.0,153.8,0.0,1.0,153.8,1.215,0,2.2,0,1,0,0,0,0,0,1,0,0,1,0,0,0,1,0,0
0,12.0,1,15.0,2.0,3,5,2,0,25.0,4.0,7.0,9.0,151.51,9.0,7.0,151.51,3.426,0,2.7,0,1,0,0,0,1,0,0,0,0,1,0,0,0,1,0,1
0,9.0,1,14.0,2.0,4,4,2,1,16.0,1.0,1.0,7.0,121.33000000000001,7.0,1.0,121.33000000000001,0.91,0,2.4,0,0,0,0,0,0,0,0,0,0,1,0,0,0,1,0,0
0,30.0,3,27.0,3.0,3,1,5,1,13.0,1.0,1.0,0.0,278.75,0.0,1.0,278.75,1.715,0,2.6,1,1,0,0,0,0,1,0,0,1,0,0,0,0,1,0,0
1,0.0,1,14.0,2.0,1,3,4,1,14.0,0.0,1.0,3.0,124.32,3.0,1.0,124.32,0.947,1,1.3,0,0,0,0,0,0,1,0,0,0,0,1,0,0,0,1,0
0,11.0,1,15.0,3.0,3,1,3,0,19.0,1.0,1.0,3.0,147.71,3.0,1.0,147.71,1.041,0,2.6,0,0,1,0,0,0,1,0,0,0,0,0,1,0,1,0,1
0,22.0,1,8.0,2.0,3,1,4,0,15.0,1.0,4.0,3.0,291.61,3.0,4.0,291.61,2.816,0,2.1,0,0,0,0,0,0,1,0,0,0,0,0,0,1,1,0,1
0,15.0,3,18.0,3.0,3,1,4,1,12.0,0.0,1.0,0.0,150.87,0.0,1.0,150.87,1.203,0,2.4,1,1,0,0,0,0,0,1,0,0,1,0,0,0,1,0,1
1,0.0,2,28.0,3.0,4,4,2,0,12.0,1.0,1.0,0.0,128.63,0.0,1.0,128.63,1.115,1,2.9,0,0,0,0,0,0,0,0,1,0,0,1,0,0,1,0,0
0,8.0,3,24.0,3.0,3,5,1,0,16.0,0.0,1.0,4.0,0.0,4.0,1.0,0.0,0.44,0,2.4,0,1,0,0,0,1,0,0,0,0,1,0,0,0,1,0,1
0,9.0,1,22.0,2.0,3,3,2,0,14.0,0.0,1.0,4.0,121.44,4.0,1.0,121.44,0.926,0,1.9,0,0,0,0,0,0,0,0,0,0,0,1,0,0,0,1,1
0,4.0,1,9.0,3.0,3,5,2,1,13.0,0.0,2.0,3.0,130.65,3.0,2.0,130.65,1.373,0,2.4,0,0,0,0,0,0,0,0,0,0,0,1,0,0,1,0,1
0,9.0,1,15.0,3.0,1,4,2,0,22.0,1.0,1.0,2.0,128.1,2.0,1.0,128.1,0.979,0,2.0,0,0,0,0,0,0,1,0,0,0,0,1,0,0,1,0,1
0,7.0,3,6.0,2.0,3,1,2,0,21.0,1.0,2.0,1.0,198.88,1.0,2.0,198.88,1.696,0,2.1,0,1,0,0,0,0,0,1,0,0,0,0,0,0,0,1,1
0,7.0,3,19.0,2.0,3,3,2,0,18.0,1.0,1.0,1.0,186.28,1.0,1.0,186.28,1.245,0,2.1,0,1,0,0,0,1,0,0,0,0,0,0,0,0,1,0,1
0,0.0,1,6.0,3.0,3,5,1,0,13.0,3.0,7.0,6.0,128.67,6.0,7.0,128.67,3.343,1,3.0,0,0,1,0,0,0,0,0,0,0,0,1,0,0,0,1,1
0,2.0,1,6.0,2.0,3,5,1,0,12.0,1.0,1.0,2.0,153.73,2.0,1.0,153.73,1.082,1,2.1,0,1,0,0,0,0,1,0,0,0,1,0,0,0,1,0,1
0,5.0,1,21.0,2.0,3,1,6,0,18.0,0.0,1.0,2.0,166.67,2.0,1.0,166.67,1.133,0,1.9,0,0,0,0,0,1,0,0,0,0,1,0,0,0,1,0,0
0,4.0,1,6.0,2.0,5,5,2,0,21.0,1.0,8.0,7.0,150.03,7.0,8.0,150.03,3.825,0,2.7,0,0,0,0,0,0,1,0,0,0,1,0,0,0,1,0,1
1,0.0,1,14.0,2.0,4,1,6,0,12.0,0.0,1.0,3.0,123.66999999999999,3.0,1.0,123.66999999999999,0.945,1,2.2,0,0,1,1,0,0,0,0,0,0,0,1,0,0,1,0,1
0,11.0,3,6.0,3.0,4,5,5,0,14.0,0.0,1.0,0.0,128.58,0.0,1.0,128.58,1.114,0,2.7,0,0,1,0,0,0,1,0,0,0,0,1,0,0,0,1,1
0,8.0,3,13.0,2.0,3,1,2,1,11.0,1.0,1.0,9.0,152.04,9.0,1.0,152.04,1.028,0,2.1,1,1,0,0,0,0,1,0,0,0,1,0,0,0,1,0,0
0,0.0,3,15.0,2.0,3,1,2,0,14.0,0.0,1.0,7.0,141.05,7.0,1.0,141.05,0.989,1,1.9,0,0,1,0,0,0,0,1,0,0,1,0,0,0,0,1,1
0,5.0,1,11.0,2.0,4,1,9,0,24.0,0.0,1.0,0.0,196.79,0.0,1.0,196.79,1.387,0,2.2,0,1,0,0,0,0,1,0,0,0,1,0,0,0,0,1,1
1,0.0,3,32.0,3.0,3,1,2,1,11.0,0.0,1.0,8.0,156.17,8.0,1.0,156.17,1.047,1,2.4,1,0,0,0,0,0,0,1,0,0,1,0,0,0,1,0,1
1,16.0,3,30.0,3.0,3,5,7,1,13.0,2.0,2.0,2.0,204.48,2.0,2.0,204.48,1.685,0,2.8,0,1,0,0,0,0,1,0,0,0,0,0,0,0,0,1,1
0,27.0,1,15.0,3.0,3,3,4,0,11.0,0.0,2.0,3.0,128.97,3.0,2.0,128.97,1.366,0,2.4,0,0,1,0,0,0,1,0,0,0,1,0,0,0,1,0,0
0,6.0,1,13.0,2.0,3,3,2,0,20.0,2.0,2.0,8.0,159.68,8.0,2.0,159.68,1.461,0,2.3,0,0,0,0,0,0,1,0,0,0,1,0,0,0,1,0,1
0,16.0,1,17.0,1.0,3,3,2,0,17.0,1.0,1.0,9.0,175.1,9.0,1.0,175.1,1.12,0,1.6,0,1,0,0,0,0,1,0,0,0,0,0,0,0,1,0,1
0,11.0,2,6.0,3.0,3,4,1,1,11.0,1.0,1.0,2.0,129.91,2.0,1.0,129.91,0.986,0,2.6,0,0,0,0,0,0,0,0,1,0,0,1,0,0,1,0,1
0,28.0,2,32.0,3.0,1,4,5,1,15.0,1.0,1.0,4.0,296.36,4.0,1.0,296.36,1.625,0,2.0,0,1,0,0,0,0,0,0,1,0,0,0,0,1,1,0,1
0,4.0,1,8.0,2.0,5,1,2,1,11.0,1.0,1.0,0.0,111.28999999999999,0.0,1.0,111.28999999999999,1.045,0,2.7,1,1,0,0,0,1,0,0,0,0,0,0,1,0,1,0,0
0,12.0,3,21.0,3.0,3,5,1,0,12.0,4.0,2.0,10.0,233.41000000000003,10.0,2.0,233.41000000000003,1.752,0,3.2,0,1,0,0,0,0,0,1,0,1,0,0,0,0,0,1,1
0,15.0,1,29.0,2.0,4,3,2,0,12.0,2.0,3.0,7.0,143.32,7.0,3.0,143.32,1.798,0,2.6,0,0,0,0,0,0,1,0,0,0,1,0,0,0,0,1,1
0,4.0,1,16.0,2.0,3,3,5,0,20.0,3.0,4.0,3.0,210.31,3.0,4.0,210.31,2.491,0,2.5,0,0,0,0,0,1,0,0,0,0,0,0,0,0,1,0,0
0,27.0,1,16.0,3.0,3,5,7,1,19.0,0.0,1.0,4.0,144.4,4.0,1.0,144.4,1.018,0,2.4,0,0,1,0,0,1,0,0,0,0,1,0,0,0,0,1,0
0,0.0,1,6.0,2.0,4,3,2,0,12.0,1.0,1.0,2.0,146.17,2.0,1.0,146.17,1.051,1,2.4,0,0,1,0,0,0,1,0,0,0,1,0,0,0,0,1,1
0,0.0,1,14.0,3.0,3,1,2,0,13.0,1.0,1.0,4.0,126.47,4.0,1.0,126.47,0.946,1,2.6,0,0,1,0,0,0,0,0,1,0,0,1,0,0,0,1,1
0,13.0,1,17.0,3.0,3,3,2,0,11.0,2.0,9.0,4.0,163.23,4.0,9.0,163.23,4.293,0,2.8,0,0,0,1,0,0,0,0,0,0,1,0,0,0,1,0,0
0,13.0,3,8.0,3.0,3,4,4,0,14.0,1.0,5.0,10.0,156.77,10.0,5.0,156.77,2.645,0,2.6,0,1,0,0,0,0,0,1,0,0,1,0,0,0,1,0,0
0,9.0,2,8.0,2.0,3,4,5,0,14.0,0.0,1.0,2.0,121.87,2.0,1.0,121.87,0.954,0,1.9,0,0,1,0,0,0,0,0,1,0,0,1,0,0,1,0,0
0,3.0,1,6.0,3.0,3,4,2,0,13.0,0.0,1.0,7.0,137.48,7.0,1.0,137.48,0.975,0,2.4,0,0,1,0,0,1,0,0,0,0,0,0,1,0,1,0,1
0,0.0,1,8.0,2.0,3,3,7,1,19.0,0.0,1.0,2.0,139.77,2.0,1.0,139.77,1.026,1,1.9,0,0,1,0,0,0,0,0,1,0,0,0,1,0,1,0,1
0,20.0,1,31.0,2.0,3,3,3,0,23.0,1.0,12.0,11.0,186.33,11.0,12.0,186.33,5.562,0,2.1,0,1,0,0,0,1,0,0,0,0,0,0,0,0,0,1,1
0,9.0,1,6.0,2.0,4,3,2,0,12.0,0.0,1.0,0.0,120.08000000000001,0.0,1.0,120.08000000000001,1.08,0,2.2,0,0,0,0,0,0,0,0,0,0,0,1,0,0,1,0,1
0,11.0,3,6.0,2.0,3,4,1,0,15.0,4.0,5.0,8.0,144.4,8.0,5.0,144.4,2.6,0,2.7,0,0,1,0,0,0,1,0,0,0,1,0,0,0,1,0,1
0,4.0,3,8.0,3.0,3,3,1,0,19.0,1.0,1.0,2.0,130.67,2.0,1.0,130.67,0.989,0,2.6,0,0,1,0,0,0,1,0,0,0,0,1,0,0,1,0,1
0,11.0,1,12.0,3.0,4,3,3,0,11.0,2.0,7.0,7.0,153.21,7.0,7.0,153.21,3.438,0,3.1,0,0,0,0,0,0,1,0,0,0,1,0,0,0,1,0,1
0,15.0,1,24.0,2.0,3,5,7,1,17.0,0.0,1.0,2.0,154.1,2.0,1.0,154.1,1.083,0,1.9,0,1,0,0,0,0,1,0,0,0,1,0,0,0,1,0,1
0,14.0,1,6.0,3.0,3,1,4,0,22.0,0.0,1.0,0.0,127.82,0.0,1.0,127.82,1.111,0,2.4,0,0,1,0,0,0,1,0,0,0,0,1,0,0,1,0,1
0,20.0,1,6.0,3.0,3,4,1,0,18.0,0.0,5.0,3.0,219.57,3.0,5.0,219.57,2.928,0,2.4,0,0,0,0,0,1,0,0,0,0,0,0,0,0,1,0,0
0,8.0,1,17.0,2.0,3,3,8,1,11.0,0.0,2.0,2.0,126.6,2.0,2.0,126.6,1.373,0,1.9,0,0,1,0,0,0,0,0,0,0,0,1,0,0,1,0,1
0,0.0,1,6.0,3.0,3,3,1,0,12.0,0.0,1.0,2.0,133.75,2.0,1.0,133.75,1.002,1,2.4,0,0,1,0,0,0,1,0,0,0,0,1,0,0,0,1,1
0,8.0,1,15.0,2.0,3,3,2,0,19.0,0.0,1.0,8.0,150.98,8.0,1.0,150.98,1.026,0,1.9,0,1,0,0,0,1,0,0,0,0,1,0,0,0,0,1,1
0,6.0,1,21.0,3.0,3,1,1,1,13.0,5.0,8.0,1.0,12.0,1.0,8.0,12.0,3.348,0,3.4,1,1,0,0,0,1,0,0,0,0,1,0,0,0,1,0,0
0,5.0,1,35.0,3.0,4,4,2,0,13.0,3.0,4.0,1.0,128.37,1.0,4.0,128.37,2.213,0,3.3,0,0,1,0,0,0,1,0,0,0,0,1,0,0,0,1,0
0,13.0,1,14.0,2.0,3,1,9,0,19.0,0.0,1.0,0.0,124.06,0.0,1.0,124.06,1.096,0,1.9,0,0,1,0,0,0,1,0,0,0,0,1,0,0,1,0,1
0,9.0,3,6.0,3.0,4,4,1,0,14.0,0.0,2.0,2.0,122.69,2.0,2.0,122.69,1.357,0,2.7,0,0,1,0,0,0,0,0,0,0,0,1,0,0,1,0,1
0,12.0,1,30.0,2.0,3,1,8,0,13.0,1.0,1.0,7.0,141.08,7.0,1.0,141.08,0.989,0,2.1,0,0,1,0,0,0,1,0,0,0,1,0,0,0,0,1,1
0,11.0,1,16.0,2.0,5,3,4,0,12.0,1.0,2.0,11.0,232.06,11.0,2.0,232.06,1.745,0,2.7,0,1,0,0,0,1,0,0,0,0,0,0,0,0,1,0,0
0,5.0,3,6.0,2.0,3,1,2,0,19.0,3.0,5.0,7.0,204.22,7.0,5.0,204.22,2.842,0,2.5,0,1,0,0,0,0,0,1,0,0,0,0,0,0,1,0,0
0,10.0,1,16.0,2.0,1,1,2,1,25.0,0.0,2.0,8.0,237.44,8.0,2.0,237.44,1.772,0,1.3,1,1,0,0,0,0,1,0,0,0,0,0,0,0,1,0,0
0,0.0,3,14.0,2.0,3,3,1,1,22.0,1.0,1.0,4.0,149.07,4.0,1.0,149.07,1.036,1,2.1,0,0,1,0,0,0,0,0,1,0,1,0,0,0,1,0,0
0,25.0,3,126.0,2.0,3,1,3,0,15.0,1.0,1.0,0.0,134.82,0.0,1.0,134.82,1.139,0,2.1,0,0,0,0,0,0,1,0,0,0,0,1,0,0,1,0,1
0,17.0,1,14.0,2.0,3,1,7,1,12.0,0.0,1.0,2.0,124.36000000000001,2.0,1.0,124.36000000000001,0.964,0,1.9,1,0,1,0,0,0,0,0,0,0,0,1,0,0,0,1,1
0,0.0,3,14.0,2.0,3,5,2,1,11.0,1.0,1.0,2.0,123.80000000000001,2.0,1.0,123.80000000000001,0.962,1,2.1,0,0,1,0,0,0,0,0,0,0,0,1,0,0,0,1,1
0,12.0,1,15.0,2.0,3,1,3,0,15.0,0.0,1.0,3.0,294.31,3.0,1.0,294.31,1.627,0,1.9,0,0,0,0,0,0,1,0,0,0,0,0,0,1,0,1,1
1,9.0,3,15.0,2.0,3,5,2,0,19.0,1.0,1.0,0.0,117.9,0.0,1.0,117.9,1.072,0,2.1,0,0,0,0,0,0,0,1,0,0,0,0,1,0,1,0,1
0,9.0,3,9.0,3.0,4,1,1,0,19.0,3.0,3.0,4.0,176.44,4.0,3.0,176.44,1.946,0,3.3,0,1,0,0,0,1,0,0,0,0,0,0,0,0,1,0,0
0,9.0,1,10.0,3.0,3,4,8,0,13.0,1.0,1.0,2.0,151.31,2.0,1.0,151.31,1.072,0,2.6,0,0,0,0,0,0,1,0,0,0,1,0,0,0,1,0,0
0,29.0,1,6.0,2.0,3,3,2,0,21.0,0.0,1.0,9.0,163.06,9.0,1.0,163.06,1.072,0,1.9,0,0,0,0,0,0,1,0,0,0,1,0,0,0,1,0,1
1,0.0,1,6.0,2.0,3,1,10,1,14.0,2.0,2.0,2.0,147.87,2.0,2.0,147.87,1.458,1,2.3,1,0,1,0,0,1,0,0,0,0,0,0,1,0,1,0,1
0,15.0,1,8.0,2.0,3,3,6,0,11.0,1.0,4.0,14.0,288.8,14.0,4.0,288.8,2.769,0,2.1,0,1,0,0,0,0,1,0,0,0,0,0,0,1,1,0,1
1,19.0,1,14.0,3.0,3,3,9,0,11.0,6.0,9.0,8.0,123.38999999999999,8.0,9.0,123.38999999999999,4.116,0,3.6,0,0,1,1,0,0,0,0,0,0,0,1,0,0,1,0,1
0,14.0,1,34.0,2.0,4,4,1,0,23.0,1.0,2.0,10.0,235.7,10.0,2.0,235.7,1.761,0,2.4,0,1,0,0,0,0,1,0,0,1,0,0,0,0,1,0,0
0,7.0,3,34.0,3.0,4,3,2,0,21.0,1.0,1.0,7.0,167.12,7.0,1.0,167.12,1.093,0,2.9,0,1,0,0,0,0,0,1,0,0,1,0,0,0,1,0,0
0,9.0,3,21.0,2.0,5,1,2,0,24.0,4.0,11.0,11.0,154.06,11.0,11.0,154.06,5.033,0,3.3,0,0,0,0,0,0,0,1,0,0,1,0,0,0,1,0,1
0,14.0,3,9.0,2.0,4,4,3,0,11.0,0.0,1.0,4.0,189.38,4.0,1.0,189.38,1.198,0,2.2,0,1,0,0,0,0,1,0,0,0,1,0,0,0,1,0,1
0,5.0,1,14.0,3.0,3,5,2,0,14.0,1.0,1.0,2.0,124.38999999999999,2.0,1.0,124.38999999999999,0.964,0,2.6,0,0,1,1,0,0,0,0,0,0,0,1,0,0,0,1,1
0,8.0,2,32.0,2.0,3,1,2,1,16.0,1.0,1.0,7.0,188.37,7.0,1.0,188.37,1.178,0,2.1,1,1,0,0,0,0,1,0,0,0,0,0,0,0,0,1,0
0,11.0,3,16.0,3.0,3,1,2,0,11.0,0.0,1.0,9.0,153.43,9.0,1.0,153.43,1.034,0,2.4,0,1,0,0,0,0,1,0,0,0,1,0,0,0,1,0,0
1,13.0,3,6.0,3.0,3,3,8,0,12.0,1.0,1.0,1.0,167.28,1.0,1.0,167.28,1.169,0,2.6,0,0,0,0,0,0,1,0,0,0,1,0,0,0,1,0,1
0,9.0,3,17.0,3.0,4,1,5,0,13.0,1.0,1.0,0.0,166.52,0.0,1.0,166.52,1.266,0,2.9,0,1,0,0,0,0,0,1,0,0,1,0,0,0,1,0,0
0,18.0,3,26.0,2.0,3,3,9,0,15.0,1.0,1.0,1.0,148.5,1.0,1.0,148.5,1.094,0,2.1,0,0,1,0,0,0,1,0,0,0,1,0,0,0,0,1,0
0,13.0,1,8.0,3.0,4,3,3,0,14.0,0.0,2.0,2.0,128.09,2.0,2.0,128.09,1.379,0,2.7,0,0,1,0,0,0,1,0,0,0,0,1,0,0,0,1,1
0,8.0,1,24.0,3.0,3,3,2,1,14.0,1.0,1.0,2.0,156.89,2.0,1.0,156.89,1.094,0,2.6,0,0,0,0,0,0,1,0,0,0,1,0,0,0,1,0,1
0,9.0,1,8.0,3.0,3,3,3,0,14.0,1.0,1.0,2.0,120.00999999999999,2.0,1.0,120.00999999999999,0.947,0,2.6,0,1,0,0,0,0,0,0,0,0,0,1,0,0,1,0,0
0,8.0,1,6.0,3.0,5,1,2,0,12.0,0.0,1.0,1.0,129.77,1.0,1.0,129.77,1.019,0,3.0,0,0,1,0,0,0,1,0,0,0,0,1,0,0,1,0,0
0,2.0,1,19.0,2.0,4,4,5,1,13.0,1.0,1.0,3.0,140.25,3.0,1.0,140.25,1.011,1,2.4,0,0,1,0,0,0,0,0,1,0,1,0,0,0,1,0,1
0,2.0,1,34.0,3.0,4,5,2,0,14.0,0.0,1.0,4.0,137.85,4.0,1.0,137.85,0.991,1,2.7,0,0,1,0,0,1,0,0,0,0,0,0,1,0,0,1,0
1,13.0,3,34.0,2.0,4,5,5,1,13.0,0.0,2.0,0.0,208.54000000000002,0.0,2.0,208.54000000000002,1.834,0,2.2,0,1,0,0,0,0,0,1,0,0,0,0,0,0,1,0,1
0,12.0,3,30.0,2.0,4,1,1,0,11.0,1.0,9.0,3.0,220.31,3.0,9.0,220.31,4.531,0,2.4,0,1,0,0,0,0,0,1,0,1,0,0,0,0,1,0,0
0,4.0,1,11.0,3.0,3,5,1,0,19.0,0.0,1.0,7.0,199.36,7.0,1.0,199.36,1.222,0,2.4,0,0,0,0,0,1,0,0,0,0,1,0,0,0,0,1,1
0,0.0,3,11.0,3.0,4,3,1,0,18.0,0.0,1.0,0.0,129.66,0.0,1.0,129.66,1.119,1,2.7,0,0,1,0,0,0,0,0,1,0,0,1,0,0,0,1,0
0,9.0,1,14.0,2.0,1,1,5,0,17.0,0.0,1.0,3.0,125.71000000000001,3.0,1.0,125.71000000000001,0.953,0,1.3,0,0,0,0,0,0,0,0,0,0,1,0,0,0,1,0,1
0,12.0,1,12.0,2.0,4,5,5,0,15.0,1.0,1.0,7.0,199.91,7.0,1.0,199.91,1.225,0,2.4,0,1,0,0,0,1,0,0,0,0,0,0,0,0,1,0,1
0,0.0,1,10.0,2.0,1,4,2,1,20.0,1.0,1.0,3.0,161.42,3.0,1.0,161.42,1.096,1,1.5,0,1,0,0,0,0,1,0,0,0,1,0,0,0,1,0,1
0,22.0,3,8.0,3.0,4,4,3,0,14.0,1.0,1.0,8.0,153.9,8.0,1.0,153.9,1.038,0,2.9,0,0,0,0,0,1,0,0,0,0,1,0,0,0,1,0,1
0,7.0,1,14.0,2.0,1,3,3,0,12.0,0.0,1.0,2.0,144.04,2.0,1.0,144.04,1.043,0,1.3,0,0,1,0,0,1,0,0,0,0,1,0,0,0,1,0,1
1,4.0,3,6.0,3.0,3,1,9,1,11.0,0.0,1.0,5.0,159.93,5.0,1.0,159.93,1.073,0,2.4,1,1,0,0,0,0,1,0,0,0,1,0,0,0,0,1,0
0,22.0,1,14.0,3.0,4,4,2,0,23.0,0.0,1.0,7.0,151.3,7.0,1.0,151.3,1.03,0,2.7,0,0,0,0,0,0,1,0,0,0,1,0,0,0,1,0,1
1,9.0,1,8.0,3.0,4,3,7,1,15.0,0.0,1.0,0.0,120.9,0.0,1.0,120.9,1.084,0,2.7,0,0,1,0,0,0,0,0,1,0,0,1,0,0,0,1,1
0,6.0,1,9.0,3.0,3,3,2,1,11.0,2.0,3.0,0.0,129.09,0.0,3.0,129.09,1.916,0,2.8,0,0,0,0,0,0,1,0,0,0,0,1,0,0,1,0,0
0,0.0,1,8.0,2.0,3,4,10,0,12.0,1.0,2.0,2.0,134.68,2.0,2.0,134.68,1.405,1,2.1,0,0,1,0,0,0,0,0,0,0,0,1,0,0,1,0,1
0,5.0,1,8.0,3.0,3,1,1,0,13.0,1.0,3.0,6.0,130.68,6.0,3.0,130.68,1.751,0,2.6,0,0,0,0,0,0,1,0,0,0,0,1,0,0,0,1,1
0,30.0,1,9.0,3.0,1,5,5,1,20.0,0.0,1.0,0.0,126.69999999999999,0.0,1.0,126.69999999999999,1.107,0,1.8,0,0,1,0,0,0,0,0,0,0,0,1,0,0,1,0,0
0,3.0,1,30.0,3.0,3,3,2,0,22.0,1.0,1.0,0.0,126.93,0.0,1.0,126.93,1.108,0,2.6,0,0,1,0,0,0,1,0,0,0,0,1,0,0,1,0,1
0,11.0,1,29.0,2.0,4,3,1,0,21.0,1.0,1.0,8.0,195.26,8.0,1.0,195.26,1.203,0,2.4,0,0,0,0,0,0,1,0,0,0,0,0,0,0,0,1,1
0,9.0,1,33.0,3.0,3,3,7,0,13.0,0.0,7.0,7.0,152.37,7.0,7.0,152.37,3.434,0,2.4,0,1,0,0,0,1,0,0,0,0,1,0,0,0,1,0,1
0,8.0,1,14.0,2.0,1,4,1,0,13.0,1.0,1.0,3.0,124.25999999999999,3.0,1.0,124.25999999999999,0.947,0,1.5,0,0,1,0,0,0,0,0,0,0,0,1,0,0,1,0,1
0,2.0,1,21.0,2.0,4,3,1,1,12.0,1.0,1.0,8.0,141.93,8.0,1.0,141.93,0.99,1,2.4,0,0,1,0,0,0,1,0,0,0,1,0,0,0,0,1,0
0,4.0,1,32.0,3.0,3,3,2,0,17.0,3.0,4.0,3.0,129.11,3.0,4.0,129.11,2.166,0,3.0,0,0,1,0,0,0,1,0,0,0,0,1,0,0,1,0,1
0,7.0,1,25.0,3.0,3,1,1,0,11.0,0.0,1.0,2.0,126.61000000000001,2.0,1.0,126.61000000000001,0.973,0,2.4,0,0,1,0,0,0,0,0,0,0,0,1,0,0,1,0,1
1,9.0,1,30.0,2.0,4,3,6,1,14.0,0.0,1.0,3.0,120.28,3.0,1.0,120.28,0.931,0,2.2,0,0,1,0,0,0,1,0,0,0,0,1,0,0,0,1,1
0,2.0,1,27.0,2.0,1,5,2,0,11.0,6.0,8.0,8.0,199.8,8.0,8.0,199.8,4.021,1,2.5,0,1,0,0,0,0,1,0,0,0,0,0,0,0,1,0,0
0,5.0,1,11.0,3.0,1,4,1,1,12.0,1.0,1.0,5.0,132.98,5.0,1.0,132.98,0.965,0,2.0,0,0,1,0,0,0,1,0,0,0,0,1,0,0,1,0,1
0,0.0,1,22.0,3.0,1,1,2,1,13.0,0.0,1.0,0.0,129.35,0.0,1.0,129.35,1.117,1,1.8,1,0,0,0,0,0,0,0,0,0,0,1,0,0,1,0,1
0,26.0,3,8.0,3.0,4,1,3,0,16.0,0.0,2.0,7.0,254.26999999999998,7.0,2.0,254.26999999999998,1.842,0,2.7,0,1,0,0,0,0,1,0,0,1,0,0,0,0,1,0,0
0,11.0,1,8.0,2.0,3,1,6,1,11.0,0.0,1.0,2.0,139.44,2.0,1.0,139.44,1.024,0,1.9,1,0,1,0,0,0,1,0,0,0,0,0,1,0,0,1,1
0,0.0,1,17.0,3.0,1,3,1,0,18.0,0.0,1.0,3.0,140.11,3.0,1.0,140.11,1.01,1,1.8,0,0,0,0,0,0,0,0,1,0,1,0,0,0,1,0,0
1,0.0,3,15.0,2.0,4,5,8,0,23.0,0.0,1.0,3.0,134.07,3.0,1.0,134.07,0.986,1,2.2,0,0,1,0,0,0,1,0,0,0,0,1,0,0,0,1,1
0,7.0,1,13.0,2.0,3,4,1,0,11.0,0.0,2.0,3.0,219.94,3.0,2.0,219.94,1.73,0,1.9,0,1,0,0,0,0,1,0,0,0,0,0,0,0,0,1,0
0,9.0,1,21.0,3.0,3,1,2,0,14.0,1.0,1.0,0.0,112.32,0.0,1.0,112.32,1.049,0,2.6,0,1,0,0,0,0,1,0,0,0,0,0,1,0,0,1,1
1,0.0,1,12.0,3.0,3,5,3,0,11.0,0.0,1.0,3.0,129.6,3.0,1.0,129.6,0.968,1,2.4,0,0,1,0,0,0,0,0,0,0,0,1,0,0,0,1,1
0,26.0,1,11.0,2.0,3,3,5,0,11.0,1.0,4.0,8.0,290.94,8.0,4.0,290.94,2.786,0,2.1,0,1,0,0,0,0,0,0,1,0,0,0,0,1,1,0,0
1,0.0,1,22.0,3.0,5,5,2,1,22.0,0.0,6.0,7.0,139.19,7.0,6.0,139.19,2.982,1,3.0,0,0,0,0,0,0,1,0,0,0,0,0,1,0,0,1,0
0,15.0,3,14.0,2.0,3,4,1,0,11.0,2.0,4.0,2.0,168.25,2.0,4.0,168.25,2.34,0,2.3,0,1,0,0,0,0,0,1,0,0,1,0,0,0,1,0,1
0,17.0,1,13.0,2.0,4,1,4,0,14.0,0.0,5.0,17.0,202.48,17.0,5.0,202.48,2.821,0,2.2,0,1,0,0,0,1,0,0,0,0,0,0,0,0,1,0,0
0,19.0,3,8.0,2.0,3,5,4,0,12.0,1.0,2.0,1.0,289.47,1.0,2.0,289.47,2.058,0,2.1,0,1,0,0,0,0,0,1,0,0,0,0,0,1,0,1,0
0,6.0,1,14.0,3.0,3,1,5,0,11.0,0.0,1.0,0.0,124.96000000000001,0.0,1.0,124.96000000000001,1.1,0,2.4,0,0,1,0,0,0,0,0,0,0,0,1,0,0,0,1,1
0,17.0,1,16.0,2.0,3,1,3,1,13.0,0.0,1.0,3.0,164.65,3.0,1.0,164.65,1.109,0,1.9,1,1,0,0,0,0,0,0,1,0,1,0,0,0,1,0,1
0,9.0,1,15.0,2.0,4,3,2,0,13.0,0.0,1.0,8.0,122.06,8.0,1.0,122.06,0.91,0,2.2,0,0,1,0,0,0,0,0,0,0,0,1,0,0,0,1,1
1,9.0,3,11.0,2.0,3,1,4,0,14.0,0.0,1.0,0.0,120.86000000000001,0.0,1.0,120.86000000000001,1.083,0,1.9,0,0,1,0,1,0,0,0,0,0,1,0,0,0,1,0,1
1,9.0,1,6.0,3.0,3,1,3,1,16.0,0.0,2.0,0.0,122.93,0.0,2.0,122.93,1.492,0,2.4,1,0,1,0,0,0,0,0,0,0,0,1,0,0,1,0,1
0,16.0,1,14.0,3.0,1,3,2,0,12.0,1.0,1.0,4.0,126.44999999999999,4.0,1.0,126.44999999999999,0.946,0,2.0,0,0,1,0,0,0,0,0,0,0,0,1,0,0,1,0,0
1,13.0,3,9.0,3.0,4,3,2,1,14.0,1.0,1.0,2.0,126.83000000000001,2.0,1.0,126.83000000000001,0.974,0,2.9,0,0,1,0,0,0,0,1,0,0,0,1,0,0,1,0,1
0,9.0,3,8.0,3.0,3,1,2,0,13.0,2.0,2.0,2.0,120.13999999999999,2.0,2.0,120.13999999999999,1.347,0,2.8,0,1,0,0,0,0,0,1,0,0,0,1,0,0,1,0,0
0,9.0,1,11.0,2.0,4,5,10,1,14.0,1.0,1.0,0.0,134.19,0.0,1.0,134.19,1.137,0,2.4,0,0,1,0,0,0,1,0,0,0,0,1,0,0,1,0,0
0,6.0,3,6.0,2.0,1,5,3,0,19.0,0.0,1.0,3.0,153.76,3.0,1.0,153.76,1.065,0,1.3,0,0,0,0,0,0,1,0,0,0,1,0,0,0,1,0,0
0,9.0,1,10.0,3.0,3,1,2,0,12.0,1.0,1.0,0.0,119.50999999999999,0.0,1.0,119.50999999999999,1.078,0,2.6,0,1,0,0,0,0,0,0,1,0,0,1,0,0,1,0,1
0,0.0,1,14.0,2.0,3,5,2,0,13.0,1.0,1.0,0.0,123.41,0.0,1.0,123.41,1.094,1,2.1,0,0,1,0,0,0,1,0,0,0,0,1,0,0,1,0,0
1,9.0,1,31.0,2.0,5,3,2,0,12.0,0.0,1.0,1.0,122.93,1.0,1.0,122.93,0.992,0,2.5,0,0,1,0,0,0,1,0,0,0,0,1,0,0,0,1,1
0,0.0,3,14.0,2.0,3,3,2,0,15.0,1.0,1.0,7.0,187.26,7.0,1.0,187.26,1.174,1,2.1,0,0,0,0,0,0,1,0,0,0,0,0,0,0,0,1,1
0,3.0,1,6.0,2.0,3,1,2,0,23.0,1.0,3.0,7.0,140.11,7.0,3.0,140.11,1.785,0,2.1,0,0,0,0,0,1,0,0,0,0,1,0,0,0,0,1,0
1,4.0,1,18.0,2.0,3,3,2,0,15.0,1.0,15.0,8.0,295.45,8.0,15.0,295.45,7.204,0,2.1,0,1,0,0,1,0,0,0,0,0,0,0,0,1,1,0,0
0,7.0,3,29.0,3.0,3,3,1,0,20.0,0.0,8.0,7.0,145.68,7.0,8.0,145.68,3.808,0,2.4,0,0,0,0,0,0,0,1,0,0,1,0,0,0,0,1,1
0,10.0,1,25.0,3.0,3,4,5,0,21.0,0.0,1.0,0.0,130.22,0.0,1.0,130.22,1.121,0,2.4,0,0,1,0,0,0,1,0,0,0,0,1,0,0,1,0,1
0,19.0,3,11.0,3.0,3,1,5,1,21.0,1.0,1.0,8.0,157.72,8.0,1.0,157.72,1.053,0,2.6,1,0,0,0,0,0,0,1,0,0,1,0,0,0,0,1,1
0,9.0,1,14.0,2.0,1,1,2,0,19.0,1.0,1.0,1.0,122.69,1.0,1.0,122.69,0.991,0,1.5,0,0,1,0,0,0,1,0,0,0,0,1,0,0,1,0,1
1,11.0,1,6.0,3.0,4,3,10,1,13.0,0.0,1.0,0.0,153.81,0.0,1.0,153.81,1.215,0,2.7,0,1,0,0,0,0,1,0,0,0,0,0,0,0,0,1,1
1,0.0,1,11.0,2.0,3,3,2,1,13.0,0.0,2.0,2.0,134.41,2.0,2.0,134.41,1.404,1,1.9,0,0,1,1,0,0,0,0,0,0,0,1,0,0,0,1,1
0,17.0,3,6.0,3.0,3,5,6,1,21.0,1.0,1.0,3.0,154.54,3.0,1.0,154.54,1.068,0,2.6,0,1,0,0,0,0,0,1,0,0,1,0,0,0,1,0,0
0,8.0,1,17.0,3.0,4,5,3,1,13.0,1.0,2.0,3.0,198.84,3.0,2.0,198.84,1.645,0,2.9,0,0,0,0,0,1,0,0,0,0,0,0,0,0,1,0,1
0,0.0,3,29.0,2.0,4,1,8,1,19.0,0.0,1.0,0.0,141.57,0.0,1.0,141.57,1.166,1,2.2,1,0,1,0,0,0,0,1,0,0,1,0,0,0,1,0,0
0,6.0,1,29.0,3.0,3,1,2,1,12.0,3.0,2.0,12.0,234.57999999999998,12.0,2.0,234.57999999999998,1.754,0,3.0,1,0,0,0,0,0,1,0,0,0,0,0,0,0,0,1,0
0,8.0,3,5.0,3.0,3,5,2,0,22.0,0.0,1.0,8.0,190.69,8.0,1.0,190.69,1.185,0,2.4,0,0,0,0,0,0,1,0,0,0,0,0,0,0,1,0,1
0,8.0,1,29.0,1.0,3,5,4,1,15.0,0.0,2.0,2.0,140.14,2.0,2.0,140.14,1.427,0,1.4,0,0,1,0,0,1,0,0,0,0,0,0,1,0,1,0,0
0,4.0,1,13.0,2.0,3,1,4,0,22.0,0.0,1.0,7.0,159.15,7.0,1.0,159.15,1.062,0,1.9,0,1,0,0,0,0,1,0,0,0,1,0,0,0,1,0,1
0,10.0,1,6.0,2.0,4,3,2,0,18.0,0.0,1.0,7.0,159.93,7.0,1.0,159.93,1.065,0,2.2,0,1,0,0,0,0,1,0,0,0,1,0,0,0,1,0,1
0,5.0,1,6.0,2.0,3,1,2,1,22.0,5.0,7.0,8.0,161.62,8.0,7.0,161.62,3.469,0,2.9,1,1,0,0,0,1,0,0,0,0,1,0,0,0,1,0,1
0,11.0,1,14.0,2.0,3,1,2,0,11.0,6.0,9.0,9.0,124.06,9.0,9.0,124.06,4.116,0,3.1,0,0,0,0,0,0,1,0,0,0,1,0,0,0,0,1,0
0,23.0,1,13.0,2.0,4,3,6,1,12.0,1.0,13.0,8.0,287.4,8.0,13.0,287.4,6.372,0,2.4,0,1,0,0,0,1,0,0,0,0,0,0,0,1,1,0,0
0,30.0,3,31.0,4.0,3,5,8,0,11.0,6.0,7.0,9.0,176.37,9.0,7.0,176.37,3.525,0,4.1,0,1,0,0,0,0,1,0,0,0,0,0,0,0,0,1,0
0,9.0,1,14.0,2.0,3,3,2,0,13.0,7.0,12.0,8.0,200.96,8.0,12.0,200.96,5.626,0,3.3,0,1,0,0,1,0,0,0,0,0,0,0,0,0,1,0,0
0,28.0,1,14.0,2.0,3,3,3,1,14.0,1.0,2.0,2.0,247.56,2.0,2.0,247.56,1.857,0,2.1,0,1,0,0,0,1,0,0,0,1,0,0,0,0,1,0,0
0,9.0,1,17.0,3.0,4,4,2,0,13.0,1.0,1.0,3.0,164.99,3.0,1.0,164.99,1.11,0,2.9,0,0,0,0,0,0,1,0,0,0,1,0,0,0,0,1,1
0,18.0,1,13.0,2.0,3,5,3,0,17.0,0.0,1.0,0.0,197.24,0.0,1.0,197.24,1.389,0,1.9,0,1,0,0,0,0,1,0,0,0,0,0,0,0,1,0,1
0,9.0,1,6.0,3.0,3,5,5,0,13.0,0.0,1.0,2.0,121.94,2.0,1.0,121.94,0.954,0,2.4,0,0,0,0,0,0,0,0,0,0,0,1,0,0,1,0,1
1,0.0,1,15.0,3.0,4,3,1,1,17.0,1.0,1.0,0.0,133.88,0.0,1.0,133.88,1.136,1,2.9,0,0,1,0,0,0,0,0,0,0,0,1,0,0,1,0,1
0,30.0,3,6.0,2.0,4,3,8,0,11.0,1.0,1.0,3.0,154.73,3.0,1.0,154.73,1.069,0,2.4,0,0,0,0,0,0,1,0,0,0,1,0,0,0,0,1,0
0,2.0,1,8.0,3.0,3,4,1,0,23.0,1.0,1.0,4.0,127.03,4.0,1.0,127.03,0.948,1,2.6,0,0,1,0,0,0,1,0,0,0,0,1,0,0,1,0,1
0,4.0,1,14.0,2.0,3,4,2,0,17.0,1.0,1.0,0.0,125.00999999999999,0.0,1.0,125.00999999999999,1.1,0,2.1,0,0,1,0,0,0,0,0,0,0,0,1,0,0,0,1,1
0,5.0,1,6.0,3.0,3,4,2,0,17.0,1.0,1.0,9.0,162.2,9.0,1.0,162.2,1.069,0,2.6,0,1,0,0,0,0,1,0,0,0,1,0,0,0,1,0,1
0,9.0,1,12.0,3.0,1,1,4,0,12.0,0.0,1.0,0.0,130.38,0.0,1.0,130.38,1.122,0,1.8,0,0,1,0,0,0,1,0,0,0,0,1,0,0,1,0,0
0,4.0,1,14.0,3.0,3,1,2,0,23.0,1.0,1.0,8.0,144.24,8.0,1.0,144.24,0.999,0,2.6,0,0,1,0,0,0,1,0,0,0,1,0,0,0,0,1,0
0,8.0,3,6.0,2.0,4,5,1,0,14.0,1.0,2.0,8.0,143.12,8.0,2.0,143.12,1.395,0,2.4,0,0,1,0,0,0,0,1,0,0,1,0,0,0,0,1,1
0,18.0,1,12.0,2.0,3,5,5,1,14.0,1.0,2.0,0.0,232.45,0.0,2.0,232.45,1.93,0,2.1,0,1,0,0,0,0,0,0,1,0,0,0,0,0,1,0,1
0,10.0,1,13.0,1.0,3,3,5,0,13.0,0.0,2.0,2.0,236.64,2.0,2.0,236.64,1.813,0,1.4,0,1,0,0,0,1,0,0,0,0,0,0,0,0,0,1,1
0,19.0,2,11.0,3.0,3,4,2,1,22.0,1.0,1.0,2.0,150.21,2.0,1.0,150.21,1.068,0,2.6,0,1,0,0,0,1,0,0,0,0,1,0,0,0,1,0,1
0,3.0,1,6.0,2.0,4,1,2,1,12.0,1.0,3.0,0.0,151.26,0.0,3.0,151.26,2.005,0,2.4,1,1,0,0,0,0,1,0,0,0,1,0,0,0,1,0,1
0,8.0,1,6.0,3.0,4,3,2,0,18.0,1.0,1.0,4.0,128.59,4.0,1.0,128.59,0.954,0,2.9,0,0,1,0,0,0,0,0,0,0,0,1,0,0,0,1,1
0,28.0,3,6.0,3.0,3,1,4,0,14.0,0.0,1.0,0.0,202.39,0.0,1.0,202.39,1.41,0,2.4,0,1,0,0,0,0,1,0,0,0,0,0,0,0,1,0,1
0,11.0,1,12.0,3.0,5,1,8,1,12.0,0.0,1.0,9.0,153.29,9.0,1.0,153.29,1.033,0,3.0,1,0,0,0,0,1,0,0,0,0,1,0,0,0,1,0,0
0,7.0,1,6.0,3.0,3,4,2,0,15.0,1.0,1.0,3.0,143.25,3.0,1.0,143.25,1.023,0,2.6,0,0,1,0,0,1,0,0,0,0,1,0,0,0,1,0,1
0,29.0,1,13.0,2.0,5,1,5,0,11.0,0.0,1.0,2.0,172.6,2.0,1.0,172.6,1.157,0,2.5,0,1,0,0,0,0,1,0,0,0,0,0,0,0,0,1,1
0,0.0,3,14.0,3.0,3,5,4,0,13.0,1.0,1.0,0.0,123.22,0.0,1.0,123.22,1.093,1,2.6,0,0,1,1,0,0,0,0,0,0,0,1,0,0,1,0,1
0,9.0,1,15.0,3.0,3,1,4,0,23.0,1.0,1.0,3.0,120.75,3.0,1.0,120.75,0.933,0,2.6,0,0,1,0,0,0,1,0,0,0,0,1,0,0,1,0,1
0,3.0,1,8.0,4.0,4,1,2,0,19.0,3.0,10.0,8.0,141.52,8.0,10.0,141.52,4.588,0,3.8,0,0,1,0,0,0,1,0,0,0,1,0,0,0,1,0,1
1,9.0,3,15.0,3.0,4,1,2,0,16.0,3.0,4.0,7.0,196.19,7.0,4.0,196.19,2.41,0,3.3,0,1,0,0,0,1,0,0,0,0,0,0,0,0,0,1,1
0,13.0,1,6.0,3.0,4,4,2,0,22.0,5.0,2.0,11.0,235.02999999999997,11.0,2.0,235.02999999999997,1.757,0,3.7,0,0,0,0,0,0,1,0,0,1,0,0,0,0,1,0,1
0,24.0,3,27.0,3.0,3,1,1,1,22.0,0.0,1.0,0.0,154.41,0.0,1.0,154.41,1.218,0,2.4,1,1,0,0,0,0,0,1,0,0,1,0,0,0,0,1,1
0,3.0,3,10.0,3.0,4,4,2,1,12.0,2.0,2.0,7.0,152.09,7.0,2.0,152.09,1.433,0,3.1,0,1,0,0,0,1,0,0,0,0,1,0,0,0,1,0,0
0,19.0,1,6.0,2.0,4,5,3,1,13.0,4.0,9.0,5.0,206.73000000000002,5.0,9.0,206.73000000000002,4.46,0,3.0,0,0,0,0,0,1,0,0,0,0,0,0,0,0,1,0,1
0,5.0,3,12.0,2.0,3,3,2,0,16.0,5.0,5.0,7.0,150.1,7.0,5.0,150.1,2.625,0,2.9,0,1,0,0,0,1,0,0,0,0,1,0,0,0,0,1,1
0,27.0,1,8.0,2.0,3,3,10,0,12.0,0.0,2.0,3.0,235.49,3.0,2.0,235.49,1.792,0,1.9,0,1,0,0,1,0,0,0,0,0,0,0,0,0,1,0,0
0,0.0,3,9.0,2.0,3,3,1,0,21.0,0.0,1.0,2.0,149.99,2.0,1.0,149.99,1.067,1,1.9,0,1,0,0,0,0,0,0,1,0,1,0,0,0,1,0,0
0,1.0,3,10.0,2.0,3,3,2,0,15.0,0.0,1.0,4.0,142.21,4.0,1.0,142.21,1.009,1,1.9,0,0,0,0,0,1,0,0,0,0,1,0,0,0,1,0,1
0,30.0,3,16.0,2.0,3,3,1,0,13.0,0.0,2.0,8.0,238.72000000000003,8.0,2.0,238.72000000000003,1.777,0,1.9,0,1,0,0,0,1,0,0,0,1,0,0,0,0,0,1,1
0,9.0,1,29.0,3.0,3,4,5,0,12.0,0.0,1.0,2.0,120.41999999999999,2.0,1.0,120.41999999999999,0.948,0,2.4,0,0,0,0,0,0,0,0,0,0,1,0,0,0,1,0,1
1,9.0,2,12.0,3.0,3,5,5,1,22.0,0.0,1.0,2.0,120.72999999999999,2.0,1.0,120.72999999999999,0.95,0,2.4,0,0,1,0,0,0,0,0,1,0,0,1,0,0,1,0,1
0,5.0,1,6.0,3.0,3,5,2,0,13.0,0.0,1.0,0.0,129.56,0.0,1.0,129.56,1.118,0,2.4,0,0,1,0,0,0,1,0,0,0,0,1,0,0,0,1,1
1,0.0,1,12.0,3.0,4,1,2,1,18.0,0.0,1.0,0.0,129.26,0.0,1.0,129.26,1.117,1,2.7,1,0,0,0,0,0,1,0,0,0,0,1,0,0,0,1,0
0,7.0,1,12.0,2.0,3,3,2,0,14.0,0.0,2.0,10.0,148.09,10.0,2.0,148.09,1.411,0,1.9,0,0,1,0,0,0,0,0,1,0,1,0,0,0,0,1,0
0,10.0,1,8.0,3.0,4,1,6,0,14.0,1.0,1.0,0.0,151.63,0.0,1.0,151.63,1.207,0,2.9,0,0,0,0,0,0,1,0,0,0,1,0,0,0,1,0,1
0,30.0,2,8.0,2.0,4,1,10,0,21.0,1.0,2.0,2.0,288.44,2.0,2.0,288.44,2.02,0,2.4,0,0,0,0,0,0,0,0,1,0,0,0,0,1,1,0,0
0,23.0,1,6.0,3.0,3,4,4,1,19.0,1.0,1.0,7.0,281.72,7.0,1.0,281.72,1.552,0,2.6,0,0,0,0,0,0,1,0,0,0,0,0,0,1,1,0,0
1,0.0,3,11.0,2.0,4,3,2,1,11.0,0.0,1.0,3.0,157.44,3.0,1.0,157.44,1.08,1,2.2,0,1,0,0,0,0,0,1,0,0,1,0,0,0,0,1,1
0,0.0,1,13.0,3.0,4,1,2,0,11.0,0.0,2.0,1.0,128.89,1.0,2.0,128.89,1.416,1,2.7,0,0,1,0,0,0,0,0,0,0,0,1,0,0,1,0,1
0,0.0,1,21.0,3.0,3,1,2,0,15.0,1.0,1.0,0.0,128.71,0.0,1.0,128.71,1.115,1,2.6,0,0,1,0,0,0,0,0,0,0,0,1,0,0,0,1,0
0,24.0,1,6.0,1.0,4,5,4,0,20.0,4.0,12.0,8.0,174.84,8.0,12.0,174.84,5.522,0,2.5,0,0,0,0,0,1,0,0,0,0,0,0,0,0,0,1,0
1,0.0,1,13.0,3.0,5,3,2,1,24.0,1.0,1.0,6.0,160.74,6.0,1.0,160.74,1.072,1,3.2,0,0,0,0,0,0,1,0,0,0,1,0,0,0,0,1,1
0,27.0,2,32.0,1.0,1,1,3,1,12.0,1.0,4.0,4.0,273.28,4.0,4.0,273.28,2.733,0,1.0,1,0,0,0,0,0,0,0,1,1,0,0,0,0,0,1,0
0,0.0,1,24.0,3.0,3,3,1,0,12.0,0.0,1.0,2.0,127.74000000000001,2.0,1.0,127.74000000000001,0.978,1,2.4,0,0,1,0,0,0,1,0,0,0,0,1,0,0,1,0,1
0,7.0,1,12.0,2.0,4,4,7,0,15.0,1.0,1.0,0.0,145.05,0.0,1.0,145.05,1.18,0,2.4,0,0,1,0,0,0,1,0,0,0,1,0,0,0,1,0,0
0,10.0,3,9.0,2.0,3,1,3,0,12.0,0.0,1.0,3.0,174.28,3.0,1.0,174.28,1.147,0,1.9,0,1,0,0,0,0,1,0,0,0,0,0,0,0,0,1,1
0,7.0,1,11.0,2.0,4,5,3,0,12.0,2.0,5.0,3.0,216.31,3.0,5.0,216.31,2.915,0,2.6,0,1,0,0,0,1,0,0,0,0,0,0,0,0,0,1,0
0,9.0,3,17.0,3.0,3,1,1,0,14.0,0.0,2.0,8.0,197.38,8.0,2.0,197.38,1.612,0,2.4,0,0,0,0,1,0,0,0,0,0,0,0,0,0,1,0,0
0,9.0,1,9.0,3.0,3,1,6,0,22.0,0.0,1.0,0.0,128.35,0.0,1.0,128.35,1.113,0,2.4,0,0,1,0,0,0,1,0,0,0,0,1,0,0,1,0,0
0,16.0,3,32.0,3.0,3,1,2,1,12.0,1.0,4.0,12.0,269.59,12.0,4.0,269.59,2.694,0,2.6,1,0,0,0,0,0,1,0,0,1,0,0,0,0,1,0,1
0,3.0,1,14.0,3.0,5,3,2,0,25.0,0.0,1.0,9.0,126.13,9.0,1.0,126.13,0.925,0,3.0,0,0,0,0,0,0,1,0,0,0,0,1,0,0,1,0,1
0,6.0,3,28.0,3.0,3,4,1,0,13.0,0.0,1.0,7.0,161.46,7.0,1.0,161.46,1.071,0,2.4,0,0,0,0,0,0,0,1,0,0,1,0,0,0,1,0,1
1,19.0,1,20.0,3.0,3,4,10,1,18.0,3.0,4.0,3.0,149.63,3.0,4.0,149.63,2.249,0,3.0,0,1,0,0,0,0,1,0,0,0,0,0,1,0,1,0,0
0,24.0,1,12.0,2.0,3,3,8,0,15.0,8.0,15.0,15.0,295.37,15.0,15.0,295.37,7.194,0,3.5,0,1,0,0,0,0,1,0,0,0,0,0,0,1,0,1,1
1,0.0,3,12.0,3.0,5,3,5,1,18.0,0.0,7.0,7.0,161.72,7.0,7.0,161.72,3.472,1,3.0,0,1,0,0,0,0,1,0,0,0,1,0,0,0,1,0,1
0,0.0,1,14.0,2.0,4,4,2,0,19.0,2.0,4.0,3.0,123.68,3.0,4.0,123.68,2.145,1,2.6,0,0,1,0,0,0,0,0,1,0,0,1,0,0,1,0,0
1,20.0,1,29.0,3.0,3,1,2,0,12.0,7.0,15.0,6.0,203.12,6.0,15.0,203.12,6.841,0,3.8,0,1,0,0,0,1,0,0,0,0,0,0,0,0,1,0,0
1,9.0,3,28.0,2.0,3,3,2,1,19.0,1.0,1.0,0.0,116.75,0.0,1.0,116.75,1.067,0,2.1,0,1,0,0,0,0,0,1,0,0,0,0,1,0,0,1,1
0,0.0,1,14.0,3.0,3,1,1,0,14.0,2.0,2.0,1.0,125.22999999999999,1.0,2.0,125.22999999999999,1.401,1,2.8,0,0,1,1,0,0,0,0,0,0,0,1,0,0,1,0,1
0,22.0,1,26.0,3.0,3,5,2,0,14.0,5.0,5.0,11.0,165.67,11.0,5.0,165.67,2.679,0,3.4,0,1,0,0,0,1,0,0,0,0,1,0,0,0,1,0,0
0,16.0,1,34.0,3.0,1,3,5,0,12.0,0.0,1.0,2.0,147.39,2.0,1.0,147.39,1.056,0,1.8,0,0,0,0,0,1,0,0,0,0,0,0,1,0,0,1,0
0,23.0,3,18.0,3.0,3,1,5,0,11.0,1.0,2.0,1.0,192.08,1.0,2.0,192.08,1.668,0,2.6,0,0,0,0,0,0,0,1,0,0,0,0,0,0,0,1,0
1,0.0,3,26.0,3.0,5,3,4,1,11.0,0.0,2.0,2.0,145.59,2.0,2.0,145.59,1.449,1,3.0,0,0,1,0,0,0,1,0,0,0,1,0,0,0,1,0,0
0,14.0,3,15.0,3.0,3,3,4,1,13.0,0.0,1.0,7.0,181.89,7.0,1.0,181.89,1.153,0,2.4,0,1,0,0,0,0,1,0,0,0,0,0,0,0,1,0,1
0,0.0,2,31.0,3.0,3,3,2,0,23.0,2.0,5.0,7.0,129.42,7.0,5.0,129.42,2.543,1,2.8,0,0,1,0,0,0,1,0,0,0,0,1,0,0,1,0,0
0,9.0,1,12.0,2.0,3,4,7,0,20.0,0.0,1.0,1.0,149.41,1.0,1.0,149.41,1.098,0,1.9,0,0,1,0,0,1,0,0,0,0,1,0,0,0,1,0,1
1,14.0,1,14.0,2.0,5,1,3,0,15.0,1.0,1.0,3.0,206.5,3.0,1.0,206.5,1.276,0,2.7,0,0,0,0,0,0,1,0,0,0,0,0,0,0,0,1,1
0,12.0,3,10.0,2.0,4,3,5,0,14.0,5.0,5.0,9.0,159.02,9.0,5.0,159.02,2.656,0,3.2,0,1,0,0,0,0,1,0,0,0,1,0,0,0,1,0,0
0,0.0,3,34.0,2.0,4,3,3,0,18.0,1.0,2.0,2.0,186.39,2.0,2.0,186.39,1.612,1,2.4,0,1,0,0,0,0,1,0,0,0,1,0,0,0,1,0,1
0,3.0,2,15.0,2.0,3,1,1,1,19.0,4.0,4.0,7.0,163.47,7.0,4.0,163.47,2.279,0,2.7,1,1,0,0,0,0,0,0,1,0,1,0,0,0,1,0,1
1,0.0,1,15.0,2.0,3,5,8,0,22.0,1.0,1.0,4.0,142.0,4.0,1.0,142.0,1.008,1,2.1,0,0,1,0,0,1,0,0,0,0,0,0,1,0,0,1,0
0,18.0,1,35.0,2.0,3,1,6,0,13.0,1.0,1.0,3.0,134.52,3.0,1.0,134.52,0.988,0,2.1,0,0,1,0,0,0,0,0,0,0,0,1,0,0,0,1,1
0,11.0,1,9.0,2.0,3,3,4,1,20.0,2.0,2.0,2.0,143.17,2.0,2.0,143.17,1.439,0,2.3,0,0,1,1,0,0,0,0,0,0,1,0,0,0,0,1,0
0,3.0,1,14.0,3.0,3,3,2,0,14.0,1.0,1.0,4.0,126.32,4.0,1.0,126.32,0.945,0,2.6,0,0,1,0,0,0,1,0,0,0,0,1,0,0,0,1,0
0,5.0,3,15.0,2.0,5,1,1,0,17.0,0.0,1.0,7.0,146.68,7.0,1.0,146.68,1.012,0,2.5,0,0,0,0,0,1,0,0,0,0,1,0,0,0,1,0,1
0,3.0,1,11.0,2.0,3,5,6,0,14.0,0.0,2.0,30.0,132.04,30.0,2.0,132.04,1.335,0,1.9,0,0,1,1,0,0,0,0,0,0,0,1,0,0,1,0,0
0,3.0,1,8.0,3.0,4,1,1,0,13.0,0.0,1.0,2.0,127.19999999999999,2.0,1.0,127.19999999999999,0.975,0,2.7,0,0,1,0,0,0,0,0,0,0,0,1,0,0,0,1,1
0,14.0,1,16.0,3.0,4,5,5,0,13.0,1.0,7.0,7.0,271.81,7.0,7.0,271.81,3.912,0,2.9,0,0,0,0,0,0,1,0,0,1,0,0,0,0,1,0,1
0,9.0,1,15.0,3.0,3,5,3,0,21.0,0.0,1.0,4.0,122.38,4.0,1.0,122.38,0.93,0,2.4,0,0,1,0,0,0,1,0,0,0,0,1,0,0,1,0,1
0,9.0,1,9.0,3.0,3,4,2,0,14.0,1.0,1.0,0.0,114.83000000000001,0.0,1.0,114.83000000000001,1.059,0,2.6,0,1,0,0,0,1,0,0,0,0,0,0,1,0,0,1,0
0,13.0,1,32.0,2.0,3,4,2,0,11.0,0.0,2.0,13.0,156.05,13.0,2.0,156.05,1.438,0,1.9,0,0,0,0,0,1,0,0,0,0,1,0,0,0,1,0,0
0,8.0,3,6.0,3.0,3,4,2,0,13.0,0.0,1.0,6.0,172.95,6.0,1.0,172.95,1.12,0,2.4,0,1,0,0,0,0,0,1,0,0,0,0,0,0,1,0,1
0,9.0,3,12.0,2.0,3,3,3,1,20.0,0.0,4.0,5.0,123.06,5.0,4.0,123.06,2.126,0,1.9,0,0,1,0,0,0,0,1,0,0,1,0,0,0,1,0,1
0,18.0,1,14.0,2.0,3,4,9,0,18.0,1.0,1.0,15.0,123.47999999999999,15.0,1.0,123.47999999999999,0.906,0,2.1,0,0,1,0,0,0,1,0,0,0,1,0,0,0,1,0,1
0,5.0,3,14.0,2.0,3,1,2,0,14.0,2.0,3.0,7.0,189.98,7.0,3.0,189.98,1.985,0,2.3,0,0,0,0,0,0,0,1,0,0,0,0,0,0,0,1,0
0,2.0,1,6.0,2.0,3,3,2,0,13.0,0.0,1.0,9.0,143.19,9.0,1.0,143.19,0.993,1,1.9,0,0,0,1,0,0,0,0,0,0,1,0,0,0,1,0,1
0,24.0,1,13.0,2.0,4,3,3,0,17.0,1.0,1.0,0.0,161.32,0.0,1.0,161.32,1.245,0,2.4,0,1,0,0,0,1,0,0,0,0,1,0,0,0,1,0,1
0,30.0,1,15.0,3.0,4,4,5,1,20.0,1.0,1.0,0.0,133.46,0.0,1.0,133.46,1.134,0,2.9,0,0,1,0,0,0,0,0,0,0,0,1,0,0,1,0,0
0,13.0,3,10.0,3.0,4,1,8,0,11.0,1.0,2.0,11.0,208.55,11.0,2.0,208.55,1.651,0,2.9,0,1,0,0,0,0,0,1,0,0,0,0,0,0,1,0,1
0,9.0,3,8.0,3.0,3,3,7,0,18.0,0.0,1.0,2.0,122.31,2.0,1.0,122.31,0.956,0,2.4,0,0,0,0,0,0,0,1,0,0,0,1,0,0,1,0,0
0,0.0,1,14.0,3.0,3,1,2,0,24.0,2.0,2.0,2.0,123.22999999999999,2.0,2.0,123.22999999999999,1.36,1,2.8,0,0,1,0,0,0,0,0,0,0,0,1,0,0,1,0,1
0,9.0,1,15.0,2.0,3,4,7,0,18.0,2.0,2.0,2.0,120.24000000000001,2.0,2.0,120.24000000000001,1.348,0,2.3,0,0,0,0,0,0,0,0,0,0,0,1,0,0,1,0,1
0,1.0,1,27.0,3.0,3,1,2,0,11.0,0.0,1.0,2.0,127.13,2.0,1.0,127.13,0.975,1,2.4,0,0,1,0,0,0,0,0,0,0,0,1,0,0,1,0,1
0,30.0,1,30.0,2.0,1,1,4,1,16.0,1.0,1.0,4.0,194.39,4.0,1.0,194.39,1.218,0,1.5,1,1,0,0,0,0,1,0,0,0,0,0,0,0,1,0,1
0,0.0,1,14.0,3.0,4,3,2,1,15.0,0.0,1.0,1.0,125.66,1.0,1.0,125.66,1.003,1,2.7,0,0,0,0,0,0,0,0,0,0,0,1,0,0,1,0,1
0,23.0,1,17.0,2.0,3,4,4,0,15.0,0.0,4.0,4.0,299.26,4.0,4.0,299.26,2.837,0,1.9,0,1,0,0,0,0,1,0,0,0,0,0,0,1,0,1,0
0,14.0,1,14.0,2.0,3,3,5,0,12.0,1.0,1.0,8.0,124.50999999999999,8.0,1.0,124.50999999999999,0.92,0,2.1,0,0,1,0,0,0,1,0,0,0,0,1,0,0,1,0,1
0,3.0,3,11.0,2.0,3,1,3,0,12.0,1.0,7.0,4.0,194.19,4.0,7.0,194.19,3.617,0,2.1,0,1,0,0,0,0,1,0,0,0,0,0,0,0,1,0,0
0,11.0,3,6.0,2.0,4,1,5,0,22.0,0.0,1.0,7.0,186.86,7.0,1.0,186.86,1.172,0,2.2,0,1,0,0,0,0,1,0,0,0,1,0,0,0,0,1,0
0,5.0,1,12.0,3.0,3,3,4,0,20.0,0.0,1.0,4.0,130.38,4.0,1.0,130.38,0.962,0,2.4,0,0,1,0,0,0,1,0,0,0,0,1,0,0,0,1,1
0,0.0,1,23.0,3.0,3,4,1,1,16.0,0.0,1.0,1.0,130.58,1.0,1.0,130.58,1.022,1,2.4,0,0,1,1,0,0,0,0,0,0,0,1,0,0,1,0,1
1,0.0,3,14.0,3.0,5,5,1,0,21.0,1.0,1.0,0.0,123.25,0.0,1.0,123.25,1.093,1,3.2,0,0,0,1,0,0,0,0,0,0,0,1,0,0,0,1,0
0,9.0,1,9.0,1.0,3,4,5,0,12.0,2.0,7.0,2.0,120.88,2.0,7.0,120.88,3.35,0,1.8,0,0,0,0,0,0,0,0,0,0,0,1,0,0,0,1,1
0,3.0,1,15.0,3.0,3,5,2,0,11.0,5.0,6.0,10.0,130.72,10.0,6.0,130.72,2.941,0,3.4,0,0,0,0,0,0,0,0,0,0,1,0,0,0,1,0,1
0,18.0,3,10.0,1.0,3,5,5,1,11.0,0.0,1.0,3.0,150.06,3.0,1.0,150.06,1.05,0,1.4,0,1,0,0,0,0,1,0,0,0,1,0,0,0,1,0,0
0,29.0,1,14.0,3.0,3,5,5,1,18.0,2.0,2.0,2.0,142.57,2.0,2.0,142.57,1.437,0,2.8,0,0,1,0,0,0,1,0,0,0,0,0,1,0,1,0,0
0,6.0,1,14.0,2.0,3,1,1,0,14.0,1.0,1.0,2.0,125.0,2.0,1.0,125.0,0.967,0,2.1,0,0,1,0,0,0,1,0,0,0,0,1,0,0,0,1,1
1,0.0,1,8.0,2.0,4,1,2,0,22.0,1.0,1.0,0.0,111.02000000000001,0.0,1.0,111.02000000000001,1.044,1,2.4,0,1,0,0,0,0,1,0,0,0,0,0,1,0,0,1,1
0,19.0,3,6.0,3.0,3,5,2,0,25.0,8.0,15.0,7.0,204.53,7.0,15.0,204.53,6.843,0,4.0,0,1,0,0,0,0,0,1,0,0,0,0,0,0,1,0,0
0,9.0,1,15.0,3.0,3,1,2,0,12.0,1.0,2.0,1.0,122.88,1.0,2.0,122.88,1.392,0,2.6,0,0,1,0,0,0,1,0,0,0,0,1,0,0,0,1,0
0,4.0,1,18.0,3.0,3,1,9,1,23.0,1.0,1.0,2.0,139.29,2.0,1.0,139.29,1.024,0,2.6,1,0,1,0,0,1,0,0,0,0,0,0,1,0,1,0,0
0,9.0,1,33.0,3.0,3,4,3,0,15.0,0.0,1.0,2.0,123.11000000000001,2.0,1.0,123.11000000000001,0.959,0,2.4,0,0,1,0,0,0,0,0,0,0,0,1,0,0,0,1,0
1,4.0,3,26.0,3.0,3,4,2,1,22.0,0.0,1.0,2.0,131.4,2.0,1.0,131.4,0.992,0,2.4,0,0,1,0,0,0,0,1,0,0,0,1,0,0,0,1,0
0,23.0,1,6.0,2.0,4,3,3,0,15.0,1.0,1.0,2.0,136.9,2.0,1.0,136.9,1.014,0,2.4,0,0,1,0,0,1,0,0,0,0,0,0,1,0,1,0,1
0,26.0,1,19.0,2.0,1,5,2,0,11.0,1.0,1.0,3.0,144.5,3.0,1.0,144.5,1.028,0,1.5,0,0,1,0,0,1,0,0,0,0,1,0,0,0,1,0,0
0,6.0,1,20.0,3.0,3,4,2,0,13.0,1.0,1.0,6.0,127.56,6.0,1.0,127.56,0.939,0,2.6,0,0,1,0,0,0,0,0,0,0,0,1,0,0,1,0,0
0,13.0,1,10.0,2.0,3,3,2,0,14.0,1.0,9.0,9.0,290.33,9.0,9.0,290.33,4.781,0,2.1,0,1,0,0,0,1,0,0,0,0,0,0,0,1,1,0,0
0,28.0,1,20.0,3.0,1,4,9,0,11.0,1.0,2.0,15.0,287.22,15.0,2.0,287.22,1.961,0,2.0,0,1,0,0,0,1,0,0,0,0,0,0,0,1,0,1,1
0,7.0,1,8.0,2.0,4,3,2,0,17.0,0.0,1.0,9.0,195.47,9.0,1.0,195.47,1.202,0,2.2,0,0,0,0,0,0,1,0,0,0,1,0,0,0,1,0,1
0,24.0,1,9.0,3.0,3,4,4,0,18.0,1.0,2.0,0.0,237.33999999999997,0.0,2.0,237.33999999999997,1.949,0,2.6,0,1,0,0,0,1,0,0,0,1,0,0,0,0,0,1,0
0,25.0,1,6.0,3.0,4,3,1,0,15.0,7.0,11.0,9.0,299.99,9.0,11.0,299.99,5.62,0,4.1,0,1,0,0,0,0,1,0,0,0,0,0,0,1,1,0,1
0,9.0,1,15.0,4.0,3,4,2,0,16.0,0.0,1.0,3.0,122.78999999999999,3.0,1.0,122.78999999999999,0.941,0,2.9,0,0,1,0,0,0,0,0,0,0,0,1,0,0,0,1,0
1,0.0,1,29.0,2.0,4,3,4,1,13.0,1.0,1.0,1.0,159.16,1.0,1.0,159.16,1.137,1,2.4,0,1,0,0,0,0,1,0,0,0,1,0,0,0,1,0,1
0,9.0,1,13.0,2.0,1,1,5,0,14.0,1.0,2.0,2.0,120.88999999999999,2.0,2.0,120.88999999999999,1.35,0,1.5,0,0,0,0,0,0,0,0,0,0,0,1,0,0,1,0,1
0,18.0,1,8.0,3.0,4,1,10,0,23.0,1.0,11.0,8.0,267.92,8.0,11.0,267.92,5.494,0,2.9,0,0,0,0,0,1,0,0,0,1,0,0,0,0,1,0,1
0,10.0,1,27.0,3.0,1,5,2,1,12.0,1.0,1.0,7.0,135.64,7.0,1.0,135.64,0.968,0,2.0,0,0,1,0,0,0,1,0,0,0,0,0,1,0,1,0,1
0,8.0,1,8.0,2.0,3,4,6,0,11.0,0.0,1.0,2.0,144.25,2.0,1.0,144.25,1.044,0,1.9,0,0,0,0,0,1,0,0,0,0,1,0,0,0,0,1,0
0,15.0,1,27.0,2.0,3,3,3,0,16.0,0.0,1.0,2.0,152.65,2.0,1.0,152.65,1.077,0,1.9,0,0,0,0,0,1,0,0,0,0,1,0,0,0,1,0,0
0,11.0,1,8.0,2.0,3,3,10,0,14.0,1.0,1.0,0.0,165.53,0.0,1.0,165.53,1.262,0,2.1,0,1,0,0,0,0,1,0,0,0,1,0,0,0,1,0,1
0,11.0,1,35.0,2.0,3,1,4,0,18.0,0.0,1.0,7.0,162.61,7.0,1.0,162.61,1.075,0,1.9,0,1,0,1,0,0,0,0,0,0,1,0,0,0,1,0,1
0,0.0,1,6.0,2.0,4,5,6,0,19.0,2.0,2.0,0.0,142.98,0.0,2.0,142.98,1.572,1,2.6,0,0,0,1,0,0,0,0,0,0,1,0,0,0,1,0,1
0,22.0,1,24.0,3.0,3,1,2,1,15.0,0.0,1.0,7.0,168.04,7.0,1.0,168.04,1.097,0,2.4,1,0,0,0,0,0,1,0,0,0,1,0,0,0,1,0,1
0,7.0,1,16.0,2.0,3,3,2,1,17.0,2.0,2.0,0.0,138.15,0.0,2.0,138.15,1.553,0,2.3,0,0,0,0,0,1,0,0,0,0,0,0,1,0,1,0,1
0,13.0,1,25.0,3.0,3,1,9,1,15.0,3.0,3.0,7.0,127.41,7.0,3.0,127.41,1.735,0,3.0,1,0,1,0,0,0,0,0,0,0,1,0,0,0,1,0,1
1,1.0,1,35.0,3.0,3,5,8,1,19.0,1.0,1.0,0.0,166.73,0.0,1.0,166.73,1.267,1,2.6,0,1,0,0,0,1,0,0,0,0,1,0,0,0,1,0,1
1,0.0,3,33.0,2.0,3,1,2,0,22.0,0.0,1.0,9.0,176.39,9.0,1.0,176.39,1.126,1,1.9,0,1,0,0,0,0,0,1,0,0,0,0,0,0,1,0,0
0,0.0,1,14.0,2.0,1,4,2,1,16.0,2.0,2.0,2.0,123.28,2.0,2.0,123.28,1.36,1,1.7,0,0,1,0,0,0,1,0,0,0,0,1,0,0,1,0,1
0,9.0,1,24.0,3.0,3,1,2,0,13.0,0.0,1.0,7.0,121.53,7.0,1.0,121.53,0.911,0,2.4,0,0,0,0,0,0,0,0,0,0,0,1,0,0,0,1,0
0,13.0,1,15.0,3.0,4,1,10,0,14.0,0.0,1.0,2.0,148.76,2.0,1.0,148.76,1.062,0,2.7,0,0,0,0,0,0,1,0,0,0,1,0,0,0,1,0,1
0,19.0,1,6.0,3.0,3,5,8,0,16.0,0.0,1.0,3.0,193.96,3.0,1.0,193.96,1.226,0,2.4,0,1,0,0,0,1,0,0,0,0,0,0,0,0,1,0,1
1,0.0,3,10.0,2.0,5,1,2,0,11.0,6.0,9.0,8.0,204.0,8.0,9.0,204.0,4.438,1,3.7,0,1,0,0,0,1,0,0,0,0,0,0,0,0,1,0,1
0,3.0,1,6.0,2.0,4,3,2,0,22.0,4.0,5.0,8.0,184.74,8.0,5.0,184.74,2.761,0,3.0,0,0,0,0,0,0,1,0,0,0,0,0,0,0,0,1,1
0,0.0,3,26.0,2.0,3,3,2,0,14.0,1.0,1.0,7.0,199.81,7.0,1.0,199.81,1.224,1,2.1,0,0,0,0,0,0,1,0,0,0,1,0,0,0,0,1,0
0,24.0,1,14.0,2.0,4,4,6,0,16.0,2.0,4.0,3.0,224.89999999999998,3.0,4.0,224.89999999999998,2.55,0,2.6,0,1,0,0,0,0,1,0,0,0,0,0,0,0,1,0,1
1,0.0,1,14.0,2.0,3,5,6,1,11.0,0.0,1.0,4.0,126.57,4.0,1.0,126.57,0.946,1,1.9,0,0,1,1,0,0,0,0,0,0,0,1,0,0,0,1,0
0,14.0,3,12.0,3.0,3,1,4,1,18.0,0.0,2.0,0.0,235.91000000000003,0.0,2.0,235.91000000000003,1.944,0,2.4,1,1,0,0,0,0,1,0,0,0,0,0,0,0,0,1,0
1,0.0,3,32.0,2.0,4,5,6,0,15.0,1.0,1.0,1.0,166.96,1.0,1.0,166.96,1.168,1,2.4,0,0,0,0,0,0,0,1,0,0,1,0,0,0,0,1,0
1,9.0,1,6.0,2.0,3,3,1,0,14.0,0.0,1.0,5.0,120.58000000000001,5.0,1.0,120.58000000000001,0.916,0,1.9,0,0,1,0,1,0,0,0,0,0,0,1,0,0,0,1,1
0,18.0,3,12.0,2.0,4,1,7,0,12.0,5.0,12.0,8.0,188.65,8.0,12.0,188.65,5.577,0,3.2,0,0,0,0,0,1,0,0,0,0,0,0,0,0,0,1,0
0,27.0,3,9.0,2.0,3,5,3,0,14.0,1.0,1.0,5.0,159.4,5.0,1.0,159.4,1.071,0,2.1,0,1,0,0,0,0,0,1,0,0,1,0,0,0,1,0,0
0,9.0,1,11.0,3.0,3,4,9,0,16.0,2.0,3.0,7.0,159.14,7.0,3.0,159.14,1.862,0,2.8,0,1,0,0,0,0,1,0,0,0,1,0,0,0,0,1,1
0,6.0,1,14.0,2.0,4,4,7,0,21.0,0.0,1.0,1.0,126.22,1.0,1.0,126.22,1.005,0,2.2,0,0,1,0,0,0,0,0,0,0,0,1,0,0,1,0,0
0,10.0,1,17.0,2.0,3,1,2,1,14.0,1.0,1.0,3.0,221.85000000000002,3.0,1.0,221.85000000000002,1.337,0,2.1,1,0,0,0,0,0,0,0,1,0,0,0,0,0,1,0,1
0,11.0,3,9.0,3.0,3,3,1,0,12.0,1.0,5.0,13.0,206.08999999999997,13.0,5.0,206.08999999999997,2.839,0,2.6,0,1,0,0,0,0,1,0,0,0,0,0,0,0,1,0,1
0,4.0,1,6.0,2.0,5,3,1,0,12.0,0.0,1.0,4.0,143.45,4.0,1.0,143.45,1.014,0,2.5,0,0,0,0,0,1,0,0,0,0,1,0,0,0,1,0,1
0,9.0,1,9.0,3.0,4,1,4,0,17.0,0.0,1.0,0.0,121.77000000000001,0.0,1.0,121.77000000000001,1.087,0,2.7,0,0,1,0,0,0,1,0,0,0,0,1,0,0,1,0,1
0,10.0,3,10.0,3.0,3,1,5,0,17.0,3.0,5.0,8.0,127.93,8.0,5.0,127.93,2.534,0,3.0,0,0,0,0,0,0,0,1,0,0,0,1,0,0,1,0,1
0,2.0,3,6.0,2.0,3,1,2,0,14.0,4.0,4.0,1.0,179.18,1.0,4.0,179.18,2.417,1,2.7,0,0,0,0,0,1,0,0,0,0,0,0,0,0,1,0,0
0,8.0,3,6.0,3.0,3,3,2,0,14.0,1.0,1.0,8.0,187.89,8.0,1.0,187.89,1.174,0,2.6,0,0,0,0,0,0,0,1,0,0,0,0,0,0,0,1,0
1,0.0,1,14.0,2.0,4,1,2,1,13.0,0.0,1.0,1.0,123.88999999999999,1.0,1.0,123.88999999999999,0.996,1,2.2,1,0,1,0,0,0,0,0,0,0,0,1,0,0,0,1,1
0,25.0,1,8.0,2.0,4,1,8,0,15.0,2.0,2.0,2.0,132.12,2.0,2.0,132.12,1.395,0,2.6,0,0,1,0,0,0,1,0,0,0,0,1,0,0,0,1,0
0,15.0,1,10.0,2.0,3,1,2,0,15.0,0.0,11.0,15.0,292.32,15.0,11.0,292.32,5.582,0,1.9,0,1,0,0,1,0,0,0,0,0,0,0,0,1,1,0,1
0,9.0,2,12.0,2.0,3,3,9,0,17.0,0.0,2.0,2.0,122.66999999999999,2.0,2.0,122.66999999999999,1.357,0,1.9,0,0,1,0,0,0,0,0,0,0,0,1,0,0,1,0,1
0,23.0,3,6.0,3.0,3,1,4,0,15.0,1.0,1.0,6.0,295.17,6.0,1.0,295.17,1.609,0,2.6,0,1,0,0,0,1,0,0,0,0,0,0,0,1,1,0,0
1,0.0,1,14.0,2.0,3,1,6,1,13.0,1.0,1.0,4.0,124.36000000000001,4.0,1.0,124.36000000000001,0.937,1,2.1,1,0,1,0,0,0,0,0,0,0,0,1,0,0,1,0,1
0,16.0,3,22.0,3.0,3,1,6,1,22.0,0.0,2.0,9.0,260.64,9.0,2.0,260.64,1.863,0,2.4,1,1,0,0,0,0,0,1,0,1,0,0,0,0,1,0,0
1,0.0,1,8.0,3.0,3,5,8,0,20.0,1.0,1.0,7.0,127.07,7.0,1.0,127.07,0.933,1,2.6,0,0,1,0,0,0,1,0,0,0,0,1,0,0,1,0,0
0,25.0,3,8.0,3.0,4,3,2,1,18.0,1.0,15.0,12.0,290.68,12.0,15.0,290.68,7.178,0,2.9,0,0,0,0,0,0,1,0,0,0,0,0,0,1,0,1,1
0,5.0,3,10.0,2.0,3,4,3,0,11.0,1.0,1.0,2.0,139.31,2.0,1.0,139.31,1.024,0,2.1,0,0,1,0,0,0,1,0,0,0,0,0,1,0,1,0,0
1,0.0,1,6.0,3.0,4,3,1,1,14.0,0.0,1.0,2.0,137.3,2.0,1.0,137.3,1.016,1,2.7,0,0,1,0,0,0,1,0,0,0,0,0,1,0,0,1,1
0,9.0,1,6.0,3.0,3,3,8,0,14.0,1.0,1.0,2.0,122.32,2.0,1.0,122.32,0.956,0,2.6,0,0,1,0,0,0,0,0,0,0,0,1,0,0,1,0,0
0,5.0,3,32.0,3.0,3,1,1,0,18.0,2.0,2.0,2.0,144.65,2.0,2.0,144.65,1.445,0,2.8,0,0,0,0,0,0,0,1,0,0,1,0,0,0,1,0,1
0,14.0,1,25.0,3.0,3,5,3,0,16.0,0.0,1.0,0.0,130.72,0.0,1.0,130.72,1.123,0,2.4,0,0,1,0,0,0,1,0,0,0,1,0,0,0,1,0,1
0,13.0,1,30.0,3.0,3,1,2,0,17.0,2.0,4.0,7.0,133.19,7.0,4.0,133.19,2.158,0,2.8,0,0,1,1,0,0,0,0,0,0,1,0,0,0,1,0,1
0,18.0,1,6.0,3.0,1,1,1,0,15.0,1.0,1.0,7.0,292.02,7.0,1.0,292.02,1.593,0,2.0,0,1,0,0,0,0,0,0,1,0,0,0,0,1,1,0,1
0,4.0,1,9.0,3.0,3,3,10,0,12.0,2.0,2.0,2.0,236.75,2.0,2.0,236.75,1.814,0,2.8,0,0,0,0,0,1,0,0,0,0,0,0,0,0,1,0,1
0,6.0,1,11.0,3.0,4,1,2,0,13.0,0.0,1.0,2.0,129.11,2.0,1.0,129.11,0.983,0,2.7,0,0,1,0,0,0,1,0,0,0,0,1,0,0,1,0,0
0,7.0,1,8.0,2.0,4,5,7,0,13.0,0.0,5.0,9.0,159.57,9.0,5.0,159.57,2.658,0,2.2,0,1,0,0,0,0,1,0,0,0,1,0,0,0,1,0,1
0,10.0,1,6.0,2.0,4,5,3,0,14.0,0.0,1.0,2.0,139.2,2.0,1.0,139.2,1.023,0,2.2,0,0,1,0,0,1,0,0,0,0,0,0,1,0,1,0,0
0,18.0,1,13.0,3.0,1,3,5,0,17.0,1.0,1.0,2.0,164.34,2.0,1.0,164.34,1.124,0,2.0,0,0,0,0,0,0,1,0,0,0,1,0,0,0,1,0,1
1,0.0,1,16.0,3.0,3,3,7,0,11.0,0.0,1.0,0.0,200.48,0.0,1.0,200.48,1.402,1,2.4,0,0,0,0,0,1,0,0,0,0,0,0,0,0,1,0,1
0,12.0,1,8.0,3.0,3,3,1,0,25.0,6.0,11.0,3.0,209.38,3.0,11.0,209.38,5.288,0,3.6,0,0,0,0,1,0,0,0,0,0,0,0,0,0,0,1,0
0,2.0,1,14.0,2.0,3,1,2,0,19.0,1.0,1.0,5.0,123.4,5.0,1.0,123.4,0.927,1,2.1,0,0,1,0,0,0,1,0,0,0,0,1,0,0,0,1,1
0,15.0,1,23.0,2.0,1,5,4,1,13.0,1.0,1.0,2.0,165.45,2.0,1.0,165.45,1.128,0,1.5,0,1,0,0,0,0,1,0,0,0,1,0,0,0,0,1,0
0,2.0,3,26.0,2.0,3,1,3,0,14.0,1.0,1.0,2.0,169.31,2.0,1.0,169.31,1.144,1,2.1,0,1,0,0,0,0,0,1,0,0,1,0,0,0,1,0,1
0,0.0,1,6.0,3.0,3,3,1,0,12.0,1.0,1.0,2.0,148.98,2.0,1.0,148.98,1.063,1,2.6,0,0,1,0,0,0,1,0,0,0,1,0,0,0,1,0,0
0,15.0,1,14.0,2.0,4,5,1,1,11.0,7.0,7.0,8.0,125.93,8.0,7.0,125.93,3.326,0,3.6,0,0,1,0,0,0,0,0,0,0,0,1,0,0,1,0,0
0,13.0,1,8.0,2.0,3,3,1,0,15.0,3.0,3.0,9.0,294.36,9.0,3.0,294.36,2.397,0,2.5,0,1,0,0,0,1,0,0,0,0,0,0,0,1,1,0,1
0,24.0,1,6.0,3.0,3,1,2,0,11.0,1.0,1.0,0.0,127.22999999999999,0.0,1.0,127.22999999999999,1.109,0,2.6,0,0,1,0,0,0,1,0,0,0,0,1,0,0,1,0,1
1,0.0,1,35.0,3.0,4,4,1,0,11.0,0.0,1.0,4.0,134.79,4.0,1.0,134.79,0.979,1,2.7,0,0,0,0,0,1,0,0,0,0,0,1,0,0,0,1,1
0,5.0,1,13.0,3.0,1,4,2,0,20.0,0.0,1.0,3.0,127.94,3.0,1.0,127.94,0.962,0,1.8,0,0,0,0,0,0,1,0,0,0,0,1,0,0,1,0,1
0,11.0,3,8.0,2.0,4,1,4,0,18.0,1.0,7.0,5.0,152.49,5.0,7.0,152.49,3.443,0,2.4,0,0,0,0,0,0,1,0,0,0,1,0,0,0,1,0,1
0,9.0,1,8.0,2.0,4,5,5,0,13.0,0.0,1.0,4.0,121.75999999999999,4.0,1.0,121.75999999999999,0.927,0,2.2,0,0,1,0,1,0,0,0,0,0,1,0,0,0,0,1,1
0,19.0,3,8.0,3.0,5,4,4,1,12.0,1.0,7.0,7.0,268.72,7.0,7.0,268.72,3.9,0,3.2,0,1,0,0,1,0,0,0,0,1,0,0,0,0,1,0,0
1,0.0,1,8.0,3.0,3,3,3,0,11.0,0.0,1.0,0.0,134.85,0.0,1.0,134.85,1.139,1,2.4,0,0,1,0,0,0,1,0,0,0,0,1,0,0,0,1,1
0,2.0,3,8.0,3.0,4,4,3,0,19.0,1.0,1.0,0.0,166.44,0.0,1.0,166.44,1.266,1,2.9,0,1,0,0,0,1,0,0,0,0,1,0,0,0,1,0,1
0,4.0,1,29.0,3.0,4,1,1,0,21.0,0.0,7.0,8.0,155.82,8.0,7.0,155.82,3.446,0,2.7,0,1,0,0,0,1,0,0,0,0,1,0,0,0,1,0,1
0,0.0,1,11.0,2.0,1,5,2,0,12.0,1.0,1.0,5.0,140.0,5.0,1.0,140.0,0.993,1,1.5,0,0,0,0,0,0,1,0,0,0,1,0,0,0,1,0,1
0,18.0,1,26.0,3.0,3,1,1,1,14.0,2.0,2.0,10.0,234.95999999999998,10.0,2.0,234.95999999999998,1.758,0,2.8,1,1,0,0,0,1,0,0,0,1,0,0,0,0,1,0,1
0,9.0,1,12.0,2.0,3,1,1,0,11.0,1.0,10.0,11.0,132.1,11.0,10.0,132.1,4.545,0,2.1,0,0,1,0,0,0,1,0,0,0,0,1,0,0,1,0,1
0,28.0,1,6.0,2.0,3,5,1,1,14.0,1.0,4.0,13.0,290.45,13.0,4.0,290.45,2.776,0,2.1,0,1,0,0,0,1,0,0,0,0,0,0,0,1,0,1,1
1,10.0,1,35.0,2.0,3,4,2,1,12.0,4.0,9.0,3.0,218.49,3.0,9.0,218.49,4.524,0,2.7,0,0,0,0,0,0,1,0,0,0,0,0,0,0,1,0,1
0,9.0,1,15.0,3.0,3,1,2,0,23.0,1.0,1.0,4.0,120.69999999999999,4.0,1.0,120.69999999999999,0.923,0,2.6,0,0,1,0,0,0,0,0,0,0,0,1,0,0,1,0,1
0,10.0,3,12.0,3.0,3,1,5,0,14.0,1.0,1.0,1.0,165.02,1.0,1.0,165.02,1.16,0,2.6,0,1,0,0,0,1,0,0,0,0,1,0,0,0,1,0,1
0,0.0,1,9.0,3.0,4,3,2,0,17.0,1.0,1.0,0.0,132.3,0.0,1.0,132.3,1.129,1,2.9,0,0,1,0,0,0,0,0,0,0,0,1,0,0,0,1,1
0,10.0,1,6.0,3.0,3,1,3,1,18.0,0.0,2.0,2.0,236.02999999999997,2.0,2.0,236.02999999999997,1.811,0,2.4,1,0,0,0,0,1,0,0,0,0,0,0,0,0,1,0,0
0,8.0,1,28.0,3.0,1,4,8,0,18.0,5.0,6.0,3.0,219.95999999999998,3.0,6.0,219.95999999999998,3.33,0,2.8,0,1,0,0,0,0,1,0,0,0,0,0,0,0,1,0,0
0,11.0,3,13.0,2.0,1,5,2,1,24.0,4.0,7.0,7.0,156.05,7.0,7.0,156.05,3.449,0,2.1,0,1,0,0,0,1,0,0,0,0,1,0,0,0,1,0,0
0,0.0,1,6.0,2.0,3,4,2,0,20.0,1.0,1.0,4.0,163.97,4.0,1.0,163.97,1.096,1,2.1,0,0,0,0,0,0,1,0,0,0,1,0,0,0,1,0,0
0,23.0,1,10.0,3.0,3,4,4,0,14.0,1.0,1.0,6.0,291.44,6.0,1.0,291.44,1.594,0,2.6,0,1,0,0,0,0,1,0,0,0,0,0,0,1,1,0,1
0,26.0,1,9.0,2.0,3,3,4,1,16.0,1.0,1.0,3.0,275.84,3.0,1.0,275.84,1.553,0,2.1,0,1,0,0,0,1,0,0,0,1,0,0,0,0,1,0,1
0,15.0,3,6.0,1.0,3,3,2,0,25.0,6.0,11.0,6.0,149.07,6.0,11.0,149.07,5.025,0,2.6,0,0,1,0,0,0,1,0,0,0,1,0,0,0,1,0,1
0,2.0,3,8.0,2.0,3,1,2,0,18.0,0.0,1.0,9.0,145.54,9.0,1.0,145.54,1.002,1,1.9,0,0,0,0,0,0,1,0,0,0,1,0,0,0,0,1,1
0,28.0,1,26.0,2.0,3,1,4,1,19.0,0.0,1.0,8.0,154.15,8.0,1.0,154.15,1.039,0,1.9,1,1,0,1,0,0,0,0,0,0,1,0,0,0,1,0,1
0,0.0,1,17.0,2.0,3,5,2,1,13.0,1.0,3.0,3.0,147.41,3.0,3.0,147.41,1.84,1,2.1,0,0,0,0,0,1,0,0,0,0,1,0,0,0,1,0,1
0,9.0,1,6.0,2.0,3,1,2,0,12.0,1.0,5.0,7.0,121.15,7.0,5.0,121.15,2.51,0,2.1,0,0,1,0,0,0,1,0,0,0,0,1,0,0,0,1,0
1,7.0,1,30.0,3.0,3,3,4,1,22.0,0.0,1.0,0.0,131.61,0.0,1.0,131.61,1.126,0,2.4,0,0,0,0,0,0,1,0,0,0,0,1,0,0,1,0,1
0,11.0,1,29.0,2.0,3,1,10,0,14.0,0.0,1.0,2.0,157.45,2.0,1.0,157.45,1.096,0,1.9,0,1,0,0,0,0,1,0,0,0,1,0,0,0,1,0,1
1,0.0,1,14.0,2.0,3,4,3,1,13.0,1.0,1.0,2.0,123.72999999999999,2.0,1.0,123.72999999999999,0.962,1,2.1,0,0,1,0,0,0,0,0,0,0,0,1,0,0,1,0,1
0,1.0,1,14.0,3.0,3,1,2,0,21.0,1.0,1.0,2.0,133.1,2.0,1.0,133.1,0.999,1,2.6,0,0,1,0,0,0,1,0,0,0,0,1,0,0,0,1,0
0,22.0,1,16.0,2.0,3,5,10,1,11.0,1.0,1.0,2.0,286.65,2.0,1.0,286.65,1.613,0,2.1,0,0,0,0,0,0,1,0,0,0,0,0,0,1,0,1,0
0,9.0,1,9.0,1.0,3,4,5,0,12.0,2.0,7.0,7.0,144.85,7.0,7.0,144.85,3.404,0,1.8,0,0,1,1,0,0,0,0,0,0,1,0,0,0,0,1,1
0,4.0,3,11.0,3.0,3,4,2,0,11.0,0.0,2.0,2.0,127.88999999999999,2.0,2.0,127.88999999999999,1.378,0,2.4,0,0,0,0,0,0,0,1,0,0,0,1,0,0,1,0,0
1,0.0,3,10.0,2.0,4,1,2,1,12.0,4.0,7.0,4.0,158.28,4.0,7.0,158.28,3.473,1,3.0,1,1,0,0,0,0,0,1,0,0,1,0,0,0,0,1,1
0,10.0,1,14.0,2.0,3,1,2,1,12.0,0.0,1.0,2.0,123.25999999999999,2.0,1.0,123.25999999999999,0.96,0,1.9,1,0,0,0,0,0,0,0,0,0,0,1,0,0,1,0,1
0,15.0,3,32.0,3.0,3,4,6,0,14.0,3.0,2.0,8.0,235.25,8.0,2.0,235.25,1.763,0,3.0,0,0,0,0,0,0,0,1,0,1,0,0,0,0,1,0,0
1,9.0,1,9.0,2.0,3,3,2,0,13.0,1.0,1.0,0.0,114.19999999999999,0.0,1.0,114.19999999999999,1.057,0,2.1,0,1,0,0,0,0,1,0,0,0,0,0,1,0,0,1,1
0,8.0,3,22.0,3.0,3,4,1,0,15.0,3.0,6.0,9.0,180.2,9.0,6.0,180.2,3.141,0,3.0,0,1,0,0,0,0,0,1,0,0,0,0,0,0,1,0,1
0,9.0,1,24.0,2.0,1,1,5,0,18.0,1.0,1.0,0.0,136.88,0.0,1.0,136.88,1.148,0,1.5,0,0,0,0,0,0,1,0,0,0,0,0,1,0,1,0,1
0,24.0,1,8.0,2.0,5,4,6,0,18.0,0.0,1.0,2.0,154.82,2.0,1.0,154.82,1.086,0,2.5,0,1,0,0,0,1,0,0,0,0,1,0,0,0,1,0,1
0,14.0,3,8.0,2.0,3,4,2,0,19.0,1.0,2.0,4.0,260.15,4.0,2.0,260.15,1.881,0,2.1,0,1,0,0,0,0,1,0,0,1,0,0,0,0,0,1,1
0,9.0,3,16.0,3.0,4,3,2,0,12.0,0.0,1.0,0.0,112.0,0.0,1.0,112.0,1.048,0,2.7,0,1,0,0,0,1,0,0,0,0,0,0,1,0,0,1,0
0,1.0,1,22.0,3.0,1,5,1,0,19.0,0.0,1.0,7.0,156.61,7.0,1.0,156.61,1.051,1,1.8,0,1,0,0,0,1,0,0,0,0,1,0,0,0,0,1,1
0,4.0,3,13.0,3.0,1,1,5,0,11.0,3.0,7.0,7.0,169.29,7.0,7.0,169.29,3.502,0,2.4,0,1,0,1,0,0,0,0,0,0,1,0,0,0,1,0,1
0,12.0,1,6.0,2.0,1,1,1,0,17.0,1.0,3.0,7.0,196.13,7.0,3.0,196.13,2.01,0,1.5,0,1,0,0,0,1,0,0,0,0,0,0,0,0,1,0,1
0,9.0,1,30.0,2.0,3,4,8,0,15.0,1.0,1.0,8.0,156.74,8.0,1.0,156.74,1.049,0,2.1,0,0,0,0,0,0,1,0,0,0,1,0,0,0,1,0,0
0,5.0,3,13.0,3.0,4,3,2,0,14.0,3.0,4.0,8.0,154.84,8.0,4.0,154.84,2.242,0,3.3,0,1,0,0,0,0,1,0,0,0,1,0,0,0,1,0,1
0,11.0,1,31.0,2.0,4,4,4,0,17.0,0.0,1.0,3.0,220.61,3.0,1.0,220.61,1.332,0,2.2,0,1,0,0,0,0,1,0,0,0,0,0,0,0,1,0,0
0,30.0,1,6.0,2.0,5,3,3,1,13.0,1.0,1.0,2.0,156.6,2.0,1.0,156.6,1.093,0,2.7,0,0,0,0,0,0,1,0,0,0,1,0,0,0,1,0,1
0,4.0,1,11.0,2.0,3,1,1,1,12.0,1.0,1.0,3.0,148.21,3.0,1.0,148.21,1.043,0,2.1,1,0,1,1,0,0,0,0,0,0,0,0,1,0,1,0,1
0,4.0,2,8.0,3.0,4,5,4,0,12.0,0.0,1.0,0.0,164.1,0.0,1.0,164.1,1.256,0,2.7,0,1,0,0,0,0,0,0,1,0,1,0,0,0,1,0,1
0,18.0,1,13.0,3.0,3,5,2,0,18.0,2.0,9.0,11.0,152.1,11.0,9.0,152.1,4.225,0,2.8,0,0,0,0,0,0,1,0,0,0,0,0,0,0,1,0,1
0,4.0,1,8.0,3.0,3,1,1,1,18.0,2.0,2.0,2.0,126.94999999999999,2.0,2.0,126.94999999999999,1.374,0,2.8,1,0,1,0,0,0,1,0,0,0,0,1,0,0,1,0,1
0,6.0,1,11.0,3.0,3,4,7,0,11.0,7.0,8.0,3.0,218.77999999999997,3.0,8.0,218.77999999999997,4.125,0,3.8,0,0,0,0,0,0,1,0,0,0,0,0,0,0,1,0,0
0,0.0,1,16.0,3.0,3,5,2,1,14.0,1.0,11.0,10.0,270.68,10.0,11.0,270.68,5.501,1,2.6,0,1,0,0,0,1,0,0,0,1,0,0,0,0,1,0,1
0,16.0,1,14.0,2.0,3,1,1,0,19.0,0.0,1.0,7.0,124.55000000000001,7.0,1.0,124.55000000000001,0.923,0,1.9,0,0,0,0,0,0,1,0,0,0,0,1,0,0,0,1,0
0,22.0,1,6.0,2.0,4,3,8,1,12.0,0.0,2.0,7.0,239.64,7.0,2.0,239.64,1.784,0,2.2,0,1,0,0,1,0,0,0,0,1,0,0,0,0,0,1,0
1,15.0,1,14.0,2.0,4,4,3,0,15.0,7.0,7.0,7.0,149.41,7.0,7.0,149.41,3.423,0,3.6,0,0,1,0,0,1,0,0,0,0,1,0,0,0,1,0,1
0,0.0,1,14.0,2.0,3,4,2,1,12.0,0.0,1.0,2.0,124.78,2.0,1.0,124.78,0.966,1,1.9,0,0,1,0,0,0,1,0,0,0,0,1,0,0,0,1,0
0,5.0,3,14.0,3.0,4,4,2,1,11.0,11.0,11.0,9.0,152.28,9.0,11.0,152.28,5.029,0,4.9,0,1,0,1,0,0,0,0,0,0,1,0,0,0,1,0,0
0,0.0,3,8.0,3.0,3,3,2,1,11.0,0.0,1.0,4.0,144.78,4.0,1.0,144.78,1.019,1,2.4,0,0,1,0,0,0,1,0,0,0,1,0,0,0,0,1,1
0,4.0,3,13.0,3.0,3,1,5,0,12.0,0.0,1.0,7.0,175.47,7.0,1.0,175.47,1.127,0,2.4,0,1,0,0,0,0,0,1,0,0,1,0,0,0,1,0,1
0,5.0,1,8.0,3.0,1,1,8,0,16.0,0.0,1.0,7.0,150.55,7.0,1.0,150.55,1.027,0,1.8,0,1,0,0,0,1,0,0,0,0,1,0,0,0,0,1,0
1,0.0,1,8.0,2.0,5,1,6,1,13.0,1.0,2.0,2.0,134.64,2.0,2.0,134.64,1.405,1,2.7,1,0,1,0,0,0,0,0,0,0,0,1,0,0,1,0,1
0,3.0,1,34.0,3.0,3,1,2,0,13.0,1.0,1.0,9.0,157.75,9.0,1.0,157.75,1.051,0,2.6,0,1,0,0,0,1,0,0,0,0,1,0,0,0,1,0,0
0,4.0,1,13.0,2.0,4,3,2,0,24.0,7.0,8.0,9.0,189.43,9.0,8.0,189.43,3.978,0,3.6,0,0,0,0,0,0,1,0,0,0,0,0,0,0,1,0,0
0,12.0,1,13.0,2.0,4,1,2,0,15.0,6.0,13.0,3.0,292.72,3.0,13.0,292.72,6.421,0,3.4,0,0,0,0,0,1,0,0,0,0,0,0,0,1,1,0,1
1,2.0,3,9.0,2.0,3,3,5,1,18.0,1.0,1.0,0.0,152.38,0.0,1.0,152.38,1.21,1,2.1,0,1,0,0,0,1,0,0,0,0,1,0,0,0,1,0,0
0,6.0,3,16.0,2.0,4,1,4,0,14.0,1.0,1.0,1.0,146.82,1.0,1.0,146.82,1.087,0,2.4,0,0,0,0,0,0,0,1,0,0,1,0,0,0,0,1,1
0,20.0,1,11.0,2.0,3,3,5,0,11.0,1.0,1.0,1.0,283.0,1.0,1.0,283.0,1.632,0,2.1,0,1,0,0,0,0,1,0,0,0,0,0,0,1,1,0,1
0,16.0,1,16.0,2.0,4,3,2,0,11.0,1.0,1.0,0.0,152.57,0.0,1.0,152.57,1.21,0,2.4,0,0,0,0,0,0,1,0,0,0,1,0,0,0,1,0,0
0,0.0,3,6.0,3.0,3,4,1,1,13.0,0.0,1.0,4.0,163.49,4.0,1.0,163.49,1.094,1,2.4,0,0,0,0,0,0,0,1,0,0,1,0,0,0,1,0,1
0,27.0,1,26.0,2.0,3,3,4,0,12.0,0.0,1.0,3.0,148.69,3.0,1.0,148.69,1.045,0,1.9,0,0,0,0,0,0,1,0,0,0,1,0,0,0,0,1,0
0,16.0,1,13.0,2.0,3,5,9,0,16.0,1.0,1.0,0.0,199.85,0.0,1.0,199.85,1.399,0,2.1,0,1,0,0,0,0,1,0,0,0,0,0,0,0,1,0,0
0,18.0,1,14.0,3.0,3,1,10,0,14.0,8.0,9.0,8.0,136.97,8.0,9.0,136.97,4.17,0,4.0,0,0,1,0,0,0,0,0,1,0,1,0,0,0,1,0,1
0,13.0,3,6.0,2.0,5,1,3,1,22.0,1.0,1.0,2.0,174.57,2.0,1.0,174.57,1.165,0,2.7,1,1,0,0,0,1,0,0,0,0,1,0,0,0,1,0,1
1,9.0,1,14.0,3.0,5,5,2,1,11.0,0.0,1.0,7.0,121.19,7.0,1.0,121.19,0.91,0,3.0,0,0,1,0,0,0,0,0,1,0,0,1,0,0,1,0,1
0,2.0,1,15.0,1.0,4,1,1,0,17.0,1.0,2.0,2.0,139.83,2.0,2.0,139.83,1.426,1,1.9,0,0,1,0,0,0,0,0,1,0,0,0,1,0,0,1,1
0,3.0,3,11.0,1.0,4,3,2,0,13.0,1.0,1.0,2.0,161.18,2.0,1.0,161.18,1.111,0,1.9,0,1,0,0,0,0,0,1,0,0,1,0,0,0,1,0,0
0,0.0,3,14.0,2.0,3,4,2,0,18.0,0.0,1.0,7.0,162.14,7.0,1.0,162.14,1.074,1,1.9,0,1,0,0,0,0,0,1,0,0,1,0,0,0,1,0,0
0,10.0,1,11.0,3.0,3,1,8,0,16.0,1.0,1.0,4.0,163.47,4.0,1.0,163.47,1.094,0,2.6,0,1,0,0,0,1,0,0,0,0,1,0,0,0,1,0,1
0,11.0,1,21.0,3.0,4,1,1,1,14.0,2.0,2.0,3.0,215.10000000000002,3.0,2.0,215.10000000000002,1.71,0,3.1,1,1,0,0,0,0,1,0,0,0,0,0,0,0,1,0,1
0,4.0,1,13.0,2.0,3,1,2,1,14.0,4.0,4.0,10.0,171.43,10.0,4.0,171.43,2.304,0,2.7,1,1,0,0,0,1,0,0,0,0,0,0,0,0,0,1,0
0,2.0,3,16.0,2.0,4,4,2,1,14.0,1.0,1.0,7.0,182.68,7.0,1.0,182.68,1.156,1,2.4,0,1,0,0,0,0,0,1,0,0,1,0,0,0,1,0,0
0,8.0,1,11.0,3.0,3,4,1,0,13.0,1.0,1.0,13.0,180.95,13.0,1.0,180.95,1.138,0,2.6,0,1,0,1,0,0,0,0,0,0,0,0,0,0,0,1,1
0,0.0,1,32.0,3.0,3,1,2,0,12.0,0.0,1.0,2.0,129.04,2.0,1.0,129.04,0.983,1,2.4,0,0,1,0,0,0,1,0,0,0,0,1,0,0,1,0,1
0,14.0,1,12.0,3.0,4,4,7,1,15.0,1.0,1.0,2.0,160.32,2.0,1.0,160.32,1.108,0,2.9,0,1,0,0,0,1,0,0,0,0,1,0,0,0,0,1,1
0,20.0,3,10.0,3.0,3,3,4,0,19.0,0.0,1.0,0.0,129.76,0.0,1.0,129.76,1.119,0,2.4,0,0,0,0,0,0,0,0,0,0,1,0,0,0,0,1,1
0,15.0,1,29.0,2.0,3,1,3,0,14.0,0.0,2.0,0.0,259.92,0.0,2.0,259.92,2.04,0,1.9,0,1,0,0,0,0,1,0,0,1,0,0,0,0,0,1,0
0,2.0,3,8.0,3.0,3,3,2,0,14.0,1.0,1.0,2.0,146.49,2.0,1.0,146.49,1.053,1,2.6,0,0,0,0,0,0,1,0,0,0,1,0,0,0,1,0,1
0,15.0,2,8.0,3.0,3,3,1,1,11.0,1.0,1.0,0.0,126.96000000000001,0.0,1.0,126.96000000000001,1.108,0,2.6,0,0,1,1,0,0,0,0,0,0,0,1,0,0,1,0,1
0,5.0,1,14.0,3.0,3,4,2,0,13.0,0.0,1.0,7.0,123.69999999999999,7.0,1.0,123.69999999999999,0.92,0,2.4,0,0,1,0,0,0,0,0,0,0,0,1,0,0,1,0,0
0,21.0,3,35.0,3.0,3,3,4,0,21.0,0.0,1.0,3.0,225.04000000000002,3.0,1.0,225.04000000000002,1.35,0,2.4,0,1,0,0,0,1,0,0,0,0,0,0,0,0,1,0,0
0,10.0,1,12.0,2.0,1,5,5,1,13.0,6.0,6.0,7.0,159.74,7.0,6.0,159.74,3.064,0,2.5,0,1,0,0,0,1,0,0,0,0,1,0,0,0,1,0,1
0,3.0,3,31.0,2.0,3,3,8,1,12.0,2.0,2.0,2.0,147.36,2.0,2.0,147.36,1.456,0,2.3,0,0,0,1,0,0,0,0,0,0,1,0,0,0,1,0,0
0,0.0,3,6.0,2.0,3,3,2,0,17.0,0.0,7.0,7.0,152.96,7.0,7.0,152.96,3.437,1,1.9,0,1,0,0,0,0,1,0,0,0,1,0,0,0,1,0,1
0,15.0,1,8.0,3.0,4,1,4,0,23.0,1.0,1.0,0.0,167.81,0.0,1.0,167.81,1.271,0,2.9,0,1,0,0,0,0,0,0,1,0,1,0,0,0,0,1,1
1,9.0,3,6.0,3.0,4,4,2,1,11.0,1.0,1.0,2.0,121.74000000000001,2.0,1.0,121.74000000000001,0.954,0,2.9,0,0,0,0,1,0,0,0,0,0,0,1,0,0,0,1,0
0,9.0,3,6.0,2.0,3,1,5,0,15.0,1.0,1.0,0.0,166.53,0.0,1.0,166.53,1.266,0,2.1,0,0,0,0,0,1,0,0,0,0,1,0,0,0,0,1,0
0,9.0,3,9.0,2.0,4,1,5,0,11.0,0.0,1.0,12.0,196.99,12.0,1.0,196.99,1.203,0,2.2,0,0,0,0,0,1,0,0,0,0,0,0,0,0,1,0,1
0,30.0,1,6.0,2.0,3,3,3,0,11.0,0.0,1.0,2.0,167.55,2.0,1.0,167.55,1.137,0,1.9,0,1,0,0,0,1,0,0,0,0,1,0,0,0,1,0,1
0,9.0,1,16.0,2.0,1,3,4,1,13.0,0.0,1.0,7.0,122.13,7.0,1.0,122.13,0.914,0,1.3,0,0,1,0,0,0,1,0,0,0,0,1,0,0,1,0,0
0,0.0,3,14.0,2.0,3,1,2,0,24.0,2.0,2.0,2.0,126.1,2.0,2.0,126.1,1.371,1,2.3,0,0,0,0,0,0,0,0,0,0,0,1,0,0,0,1,1
1,0.0,3,11.0,3.0,3,3,2,1,13.0,0.0,1.0,0.0,128.51,0.0,1.0,128.51,1.114,1,2.4,0,0,1,0,0,0,0,1,0,0,0,1,0,0,0,1,0
0,10.0,1,16.0,3.0,3,5,7,0,20.0,1.0,1.0,3.0,134.52,3.0,1.0,134.52,0.988,0,2.6,0,0,1,0,0,0,0,0,0,0,0,1,0,0,1,0,0
0,19.0,1,13.0,1.0,3,3,3,0,14.0,1.0,1.0,0.0,152.58,0.0,1.0,152.58,1.21,0,1.6,0,0,0,0,0,1,0,0,0,0,1,0,0,0,1,0,0
1,4.0,3,10.0,2.0,3,4,2,0,18.0,4.0,7.0,7.0,193.55,7.0,7.0,193.55,3.599,0,2.7,0,0,0,0,0,0,0,1,0,0,1,0,0,0,0,1,1
0,23.0,1,16.0,3.0,4,1,7,0,15.0,1.0,1.0,3.0,204.96,3.0,1.0,204.96,1.27,0,2.9,0,1,0,0,1,0,0,0,0,0,0,0,0,0,0,1,1
1,3.0,3,28.0,3.0,4,3,3,1,12.0,1.0,1.0,0.0,163.8,0.0,1.0,163.8,1.255,0,2.9,0,1,0,0,0,0,0,1,0,0,1,0,0,0,1,0,1
0,4.0,1,14.0,2.0,4,4,1,1,16.0,2.0,2.0,2.0,126.57,2.0,2.0,126.57,1.373,0,2.6,0,0,1,0,0,0,1,0,0,0,0,1,0,0,0,1,1
1,0.0,3,18.0,3.0,1,4,2,0,15.0,0.0,1.0,0.0,127.16,0.0,1.0,127.16,1.109,1,1.8,0,0,1,0,0,0,1,0,0,0,0,1,0,0,0,1,0
0,9.0,1,29.0,2.0,3,1,10,0,16.0,0.0,1.0,2.0,122.00999999999999,2.0,1.0,122.00999999999999,0.955,0,1.9,0,0,1,0,0,0,1,0,0,0,0,1,0,0,0,1,1
0,8.0,1,15.0,3.0,4,4,10,0,19.0,0.0,1.0,0.0,165.4,0.0,1.0,165.4,1.262,0,2.7,0,1,0,0,0,0,1,0,0,0,1,0,0,0,0,1,1
0,0.0,1,6.0,2.0,3,4,2,0,11.0,0.0,1.0,4.0,138.16,4.0,1.0,138.16,0.993,1,1.9,0,0,1,0,0,1,0,0,0,0,0,0,1,0,1,0,1
0,1.0,3,15.0,3.0,3,1,2,0,16.0,1.0,1.0,7.0,152.53,7.0,1.0,152.53,1.035,1,2.6,0,1,0,0,0,0,1,0,0,0,1,0,0,0,0,1,1
0,22.0,1,13.0,2.0,4,3,9,0,24.0,1.0,1.0,3.0,209.64999999999998,3.0,1.0,209.64999999999998,1.289,0,2.4,0,1,0,0,0,0,0,0,1,0,0,0,0,0,0,1,1
0,24.0,3,20.0,2.0,3,1,5,0,11.0,1.0,1.0,7.0,149.36,7.0,1.0,149.36,1.022,0,2.1,0,0,1,0,0,0,1,0,0,0,1,0,0,0,1,0,0
0,9.0,1,14.0,3.0,3,3,5,0,13.0,2.0,2.0,2.0,125.43,2.0,2.0,125.43,1.368,0,2.8,0,0,1,0,0,0,1,0,0,0,0,1,0,0,1,0,0
1,0.0,3,25.0,3.0,1,1,9,1,13.0,0.0,1.0,4.0,153.04,4.0,1.0,153.04,1.052,1,1.8,1,0,0,0,0,0,0,1,0,0,1,0,0,0,0,1,1
0,28.0,1,8.0,3.0,3,1,3,1,13.0,1.0,1.0,2.0,266.59,2.0,1.0,266.59,1.533,0,2.6,1,1,0,0,0,0,1,0,0,1,0,0,0,0,0,1,0
0,0.0,3,16.0,3.0,3,3,2,1,12.0,0.0,1.0,3.0,142.6,3.0,1.0,142.6,1.02,1,2.4,0,0,1,0,0,0,0,1,0,0,1,0,0,0,1,0,0
0,3.0,3,14.0,3.0,3,4,2,0,18.0,1.0,1.0,0.0,124.75999999999999,0.0,1.0,124.75999999999999,1.099,0,2.6,0,0,1,1,0,0,0,0,0,0,0,1,0,0,1,0,1
1,0.0,1,9.0,3.0,3,5,1,0,22.0,0.0,1.0,4.0,131.02,4.0,1.0,131.02,0.964,1,2.4,0,0,0,1,0,0,0,0,0,0,0,1,0,0,0,1,1
0,9.0,1,17.0,2.0,3,4,2,0,13.0,1.0,1.0,2.0,122.44,2.0,1.0,122.44,0.956,0,2.1,0,0,1,0,0,0,0,0,0,0,0,1,0,0,1,0,0
0,9.0,3,8.0,3.0,4,3,2,0,13.0,8.0,9.0,0.0,175.96,0.0,9.0,175.96,4.504,0,4.3,0,1,0,0,0,1,0,0,0,0,0,0,0,0,1,0,1
1,9.0,1,10.0,2.0,3,1,10,1,23.0,1.0,1.0,0.0,122.85,0.0,1.0,122.85,1.091,0,2.1,1,0,0,1,0,0,0,0,0,0,0,1,0,0,0,1,1
0,10.0,1,20.0,3.0,3,5,2,0,12.0,10.0,12.0,17.0,130.34,17.0,12.0,130.34,5.332,0,4.4,0,0,1,0,0,0,1,0,0,0,0,1,0,0,1,0,0
0,13.0,3,8.0,2.0,3,4,8,0,12.0,0.0,1.0,3.0,157.15,3.0,1.0,157.15,1.079,0,1.9,0,1,0,0,0,0,0,1,0,0,1,0,0,0,1,0,0
0,15.0,1,14.0,3.0,3,5,4,0,16.0,0.0,1.0,2.0,125.75999999999999,2.0,1.0,125.75999999999999,0.97,0,2.4,0,0,1,0,0,0,1,0,0,0,0,1,0,0,1,0,0
0,10.0,1,16.0,2.0,3,4,3,1,12.0,0.0,1.0,1.0,141.97,1.0,1.0,141.97,1.068,0,1.9,0,0,1,0,0,0,1,0,0,0,1,0,0,0,0,1,1
0,16.0,1,18.0,2.0,4,4,2,0,11.0,3.0,2.0,9.0,243.36,9.0,2.0,243.36,1.793,0,2.8,0,1,0,0,0,0,1,0,0,1,0,0,0,0,1,0,1
0,13.0,1,8.0,3.0,4,3,7,0,22.0,1.0,1.0,0.0,134.48,0.0,1.0,134.48,1.138,0,2.9,0,0,1,0,0,0,0,0,0,0,1,0,0,0,1,0,0
0,27.0,1,11.0,2.0,3,5,5,0,15.0,1.0,1.0,2.0,294.06,2.0,1.0,294.06,1.643,0,2.1,0,1,0,0,0,1,0,0,0,0,0,0,0,1,1,0,1
0,7.0,3,10.0,3.0,3,3,10,0,15.0,0.0,1.0,2.0,165.38,2.0,1.0,165.38,1.128,0,2.4,0,0,0,0,0,0,0,1,0,0,1,0,0,0,1,0,0
0,4.0,1,13.0,2.0,3,5,2,0,12.0,3.0,3.0,12.0,143.06,12.0,3.0,143.06,1.788,0,2.5,0,0,1,0,0,1,0,0,0,0,1,0,0,0,1,0,0
0,9.0,1,27.0,3.0,3,1,8,0,20.0,1.0,1.0,2.0,122.58000000000001,2.0,1.0,122.58000000000001,0.957,0,2.6,0,0,0,0,0,0,0,0,0,0,0,1,0,0,1,0,1
0,16.0,1,14.0,3.0,3,3,5,1,14.0,1.0,1.0,2.0,145.22,2.0,1.0,145.22,1.048,0,2.6,0,0,1,0,0,0,0,0,1,0,1,0,0,0,1,0,0
0,0.0,3,10.0,3.0,4,1,2,1,11.0,0.0,1.0,3.0,144.87,3.0,1.0,144.87,1.029,1,2.7,1,0,1,0,0,0,1,0,0,0,1,0,0,0,0,1,0
0,10.0,1,31.0,3.0,3,3,4,1,15.0,4.0,10.0,7.0,144.49,7.0,10.0,144.49,4.603,0,3.2,0,0,0,0,0,1,0,0,0,0,1,0,0,0,1,0,0
0,9.0,1,6.0,3.0,4,5,2,0,12.0,3.0,3.0,2.0,122.18,2.0,3.0,122.18,1.755,0,3.3,0,0,1,0,0,0,1,0,0,0,0,1,0,0,1,0,1
0,12.0,1,6.0,2.0,3,3,2,1,14.0,0.0,1.0,6.0,291.97,6.0,1.0,291.97,1.596,0,1.9,0,0,0,0,0,0,1,0,0,0,0,0,0,1,1,0,1
0,29.0,3,12.0,2.0,1,5,10,0,11.0,6.0,2.0,7.0,232.12,7.0,2.0,232.12,1.753,0,2.5,0,0,0,0,0,0,1,0,0,1,0,0,0,0,1,0,0
0,3.0,3,18.0,2.0,3,3,1,0,11.0,3.0,4.0,4.0,165.77,4.0,4.0,165.77,2.303,0,2.5,0,1,0,1,0,0,0,0,0,0,1,0,0,0,0,1,0
0,14.0,3,6.0,2.0,1,5,2,0,16.0,1.0,1.0,7.0,183.92,7.0,1.0,183.92,1.161,0,1.5,0,1,0,0,0,0,0,1,0,0,0,0,0,0,1,0,1
0,1.0,1,23.0,3.0,3,5,2,0,12.0,0.0,1.0,8.0,145.58,8.0,1.0,145.58,1.005,1,2.4,0,0,1,0,0,1,0,0,0,0,1,0,0,0,1,0,1
1,0.0,1,9.0,3.0,3,5,6,0,13.0,1.0,1.0,2.0,140.31,2.0,1.0,140.31,1.028,1,2.6,0,0,1,0,0,1,0,0,0,0,0,0,1,0,1,0,1
0,25.0,1,9.0,2.0,4,3,3,1,14.0,1.0,1.0,4.0,179.69,4.0,1.0,179.69,1.159,0,2.4,0,1,0,0,0,1,0,0,0,0,0,0,0,0,1,0,1
0,18.0,1,14.0,3.0,3,1,4,0,21.0,0.0,1.0,2.0,126.53999999999999,2.0,1.0,126.53999999999999,0.973,0,2.4,0,0,1,0,0,0,1,0,0,0,0,1,0,0,1,0,1
0,25.0,1,10.0,1.0,3,1,3,0,13.0,1.0,1.0,4.0,265.55,4.0,1.0,265.55,1.502,0,1.6,0,1,0,0,0,0,1,0,0,1,0,0,0,0,1,0,0
0,15.0,1,35.0,3.0,3,3,3,0,11.0,1.0,1.0,2.0,145.56,2.0,1.0,145.56,1.049,0,2.6,0,0,0,0,0,0,1,0,0,0,1,0,0,0,1,0,0
0,3.0,1,8.0,2.0,5,1,3,0,20.0,1.0,1.0,2.0,160.91,2.0,1.0,160.91,1.11,0,2.7,0,1,0,0,0,0,1,0,0,0,1,0,0,0,0,1,0
0,30.0,1,13.0,2.0,3,5,6,0,15.0,1.0,11.0,10.0,295.66,10.0,11.0,295.66,5.601,0,2.1,0,1,0,0,0,0,1,0,0,0,0,0,0,1,1,0,0
0,19.0,1,24.0,2.0,3,3,3,0,14.0,1.0,1.0,8.0,148.1,8.0,1.0,148.1,1.015,0,2.1,0,0,1,0,0,1,0,0,0,0,1,0,0,0,1,0,0
0,15.0,1,34.0,2.0,4,1,1,0,11.0,0.0,1.0,4.0,145.23,4.0,1.0,145.23,1.021,0,2.2,0,0,0,1,0,0,0,0,0,0,1,0,0,0,1,0,0
1,0.0,3,6.0,3.0,3,4,2,1,16.0,0.0,1.0,4.0,132.02,4.0,1.0,132.02,0.968,1,2.4,0,0,1,1,0,0,0,0,0,0,0,1,0,0,0,1,0
1,0.0,3,14.0,2.0,5,3,1,0,16.0,0.0,1.0,0.0,123.50999999999999,0.0,1.0,123.50999999999999,1.094,1,2.5,0,0,0,0,0,0,0,1,0,0,0,1,0,0,1,0,0
0,9.0,1,8.0,2.0,3,1,2,1,23.0,1.0,1.0,0.0,117.02000000000001,0.0,1.0,117.02000000000001,1.068,0,2.1,1,0,0,0,0,0,1,0,0,0,0,0,1,0,1,0,1
0,13.0,3,8.0,3.0,3,3,1,0,14.0,1.0,1.0,12.0,280.41,12.0,1.0,280.41,1.537,0,2.6,0,1,0,0,0,0,1,0,0,0,0,0,0,1,1,0,0
0,0.0,1,29.0,3.0,3,1,2,0,22.0,0.0,1.0,2.0,128.86,2.0,1.0,128.86,0.982,1,2.4,0,0,1,0,0,0,1,0,0,0,0,1,0,0,1,0,0
0,9.0,1,9.0,2.0,3,1,5,0,15.0,1.0,1.0,4.0,120.97,4.0,1.0,120.97,0.924,0,2.1,0,0,0,0,0,0,1,0,0,0,0,1,0,0,1,0,1
0,2.0,1,9.0,3.0,4,3,2,0,18.0,0.0,1.0,3.0,219.35000000000002,3.0,1.0,219.35000000000002,1.327,1,2.7,0,1,0,0,0,1,0,0,0,0,0,0,0,0,1,0,1
1,0.0,1,14.0,3.0,4,4,6,0,16.0,1.0,1.0,1.0,125.46000000000001,1.0,1.0,125.46000000000001,1.002,1,2.9,0,0,1,1,0,0,0,0,0,0,0,1,0,0,1,0,0
1,0.0,2,14.0,2.0,4,1,2,0,12.0,0.0,1.0,0.0,125.63999999999999,0.0,1.0,125.63999999999999,1.103,1,2.2,0,0,1,1,0,0,0,0,0,0,0,1,0,0,0,1,1
0,3.0,3,28.0,3.0,3,5,1,0,11.0,3.0,7.0,8.0,184.12,8.0,7.0,184.12,3.559,0,3.0,0,0,0,0,0,0,0,0,1,0,0,0,0,0,1,0,0
0,30.0,3,35.0,2.0,4,1,4,0,12.0,1.0,2.0,0.0,241.18,0.0,2.0,241.18,1.965,0,2.4,0,1,0,0,0,0,0,1,0,1,0,0,0,0,1,0,1
0,23.0,1,35.0,2.0,4,3,1,0,15.0,1.0,15.0,7.0,270.46,7.0,15.0,270.46,7.107,0,2.4,0,1,0,0,0,0,1,0,0,1,0,0,0,0,1,0,1
0,3.0,1,14.0,2.0,3,1,1,0,14.0,1.0,6.0,7.0,125.63999999999999,7.0,6.0,125.63999999999999,2.928,0,2.1,0,0,0,0,0,0,0,0,0,0,0,1,0,0,0,1,0
0,30.0,3,34.0,3.0,4,5,5,0,19.0,3.0,13.0,11.0,202.66,11.0,13.0,202.66,6.027,0,3.3,0,0,0,0,0,0,0,1,0,0,0,0,0,0,1,0,0
0,20.0,1,8.0,3.0,3,1,6,0,13.0,0.0,1.0,4.0,150.7,4.0,1.0,150.7,1.043,0,2.4,0,1,0,0,0,1,0,0,0,0,1,0,0,0,1,0,0
0,19.0,1,8.0,2.0,3,3,7,0,13.0,1.0,1.0,1.0,278.61,1.0,1.0,278.61,1.614,0,2.1,0,1,0,0,0,0,1,0,0,1,0,0,0,0,1,0,1
0,8.0,1,28.0,2.0,5,3,1,0,15.0,1.0,4.0,3.0,142.3,3.0,4.0,142.3,2.219,0,2.7,0,0,1,0,0,0,1,0,0,0,0,0,1,0,0,1,1
0,27.0,1,5.0,2.0,3,3,8,0,11.0,0.0,1.0,0.0,137.8,0.0,1.0,137.8,1.151,0,1.9,0,0,1,0,0,0,1,0,0,0,1,0,0,0,0,1,0
0,7.0,1,8.0,3.0,4,3,4,0,12.0,3.0,5.0,7.0,127.68,7.0,5.0,127.68,2.536,0,3.3,0,0,1,0,0,0,1,0,0,0,0,1,0,0,1,0,1
0,5.0,3,16.0,3.0,4,1,3,1,19.0,0.0,1.0,2.0,190.71,2.0,1.0,190.71,1.23,0,2.7,1,1,0,0,0,0,0,1,0,0,0,0,0,0,1,0,0
0,4.0,1,15.0,2.0,3,4,2,0,25.0,0.0,1.0,8.0,206.48000000000002,8.0,1.0,206.48000000000002,1.248,0,1.9,0,1,0,0,0,0,1,0,0,0,0,0,0,0,1,0,1
1,0.0,1,21.0,2.0,3,3,8,1,12.0,3.0,2.0,7.0,236.10000000000002,7.0,2.0,236.10000000000002,1.769,1,2.5,0,1,0,0,0,1,0,0,0,0,0,0,0,0,1,0,1
1,0.0,1,16.0,2.0,5,1,8,0,13.0,0.0,1.0,3.0,134.08,3.0,1.0,134.08,0.986,1,2.5,0,0,1,0,0,0,0,0,0,0,0,1,0,0,1,0,1
0,3.0,3,13.0,3.0,3,4,1,0,14.0,0.0,1.0,2.0,129.83,2.0,1.0,129.83,0.986,0,2.4,0,0,1,0,0,0,0,1,0,0,0,1,0,0,0,1,1
0,8.0,1,22.0,3.0,3,3,5,1,12.0,0.0,1.0,0.0,176.32,0.0,1.0,176.32,1.305,0,2.4,0,1,0,0,0,0,1,0,0,0,0,0,0,0,1,0,1
1,0.0,1,26.0,3.0,3,3,4,0,12.0,1.0,1.0,0.0,198.24,0.0,1.0,198.24,1.393,1,2.6,0,0,0,0,0,0,1,0,0,0,0,0,0,0,1,0,1
1,0.0,2,29.0,2.0,3,5,10,1,15.0,1.0,1.0,2.0,199.5,2.0,1.0,199.5,1.265,1,2.1,0,0,0,0,0,0,0,0,1,0,0,0,0,0,1,0,0
0,9.0,1,11.0,3.0,3,3,5,0,17.0,0.0,2.0,0.0,120.93,0.0,2.0,120.93,1.484,0,2.4,0,0,0,0,0,0,0,0,1,0,0,1,0,0,1,0,1
0,9.0,3,16.0,2.0,3,1,2,0,14.0,8.0,9.0,7.0,199.8,7.0,9.0,199.8,4.424,0,3.5,0,0,0,0,0,1,0,0,0,0,0,0,0,0,0,1,1
1,0.0,1,10.0,3.0,4,3,6,0,16.0,0.0,1.0,2.0,138.94,2.0,1.0,138.94,1.022,1,2.7,0,0,0,1,0,0,0,0,0,0,0,0,1,0,0,1,1
0,21.0,3,8.0,2.0,3,1,3,0,14.0,6.0,6.0,7.0,140.51,7.0,6.0,140.51,2.987,0,3.1,0,0,1,0,0,0,0,1,0,0,1,0,0,0,1,0,0
0,28.0,3,24.0,2.0,3,4,4,0,23.0,1.0,7.0,8.0,268.35,8.0,7.0,268.35,3.896,0,2.1,0,1,0,0,0,0,1,0,0,1,0,0,0,0,0,1,0
0,14.0,3,16.0,2.0,3,1,8,0,14.0,0.0,1.0,10.0,162.3,10.0,1.0,162.3,1.067,0,1.9,0,0,0,0,0,0,1,0,0,0,1,0,0,0,0,1,1
0,8.0,3,6.0,2.0,3,3,10,0,11.0,0.0,6.0,9.0,147.17,9.0,6.0,147.17,3.009,0,1.9,0,0,1,0,0,0,0,1,0,0,1,0,0,0,1,0,1
0,13.0,1,12.0,3.0,3,3,8,0,15.0,4.0,2.0,13.0,232.37,13.0,2.0,232.37,1.744,0,3.2,0,1,0,0,0,0,1,0,0,1,0,0,0,0,0,1,0
0,12.0,1,14.0,2.0,3,3,2,0,11.0,1.0,1.0,7.0,137.55,7.0,1.0,137.55,0.975,0,2.1,0,0,0,0,0,0,1,0,0,0,0,0,1,0,1,0,0
0,4.0,3,8.0,3.0,3,1,5,1,13.0,1.0,1.0,5.0,165.82,5.0,1.0,165.82,1.097,0,2.6,1,1,0,0,0,0,1,0,0,0,1,0,0,0,0,1,1
0,15.0,1,30.0,2.0,3,5,2,1,21.0,5.0,5.0,8.0,174.06,8.0,5.0,174.06,2.718,0,2.9,0,1,0,0,0,1,0,0,0,0,0,0,0,0,1,0,1
0,18.0,3,8.0,3.0,3,4,1,0,19.0,3.0,3.0,7.0,148.05,7.0,3.0,148.05,1.817,0,3.0,0,0,1,0,0,0,0,0,1,0,1,0,0,0,1,0,1
1,0.0,2,23.0,3.0,3,3,1,1,11.0,0.0,1.0,0.0,127.41,0.0,1.0,127.41,1.11,1,2.4,0,0,0,0,0,0,1,0,0,0,0,1,0,0,1,0,0
0,2.0,1,25.0,2.0,3,1,5,0,12.0,1.0,1.0,2.0,142.62,2.0,1.0,142.62,1.037,1,2.1,0,0,1,1,0,0,0,0,0,0,1,0,0,0,1,0,1
0,6.0,1,6.0,3.0,1,3,5,0,19.0,1.0,1.0,5.0,261.84,5.0,1.0,261.84,1.481,0,2.0,0,1,0,0,0,1,0,0,0,1,0,0,0,0,1,0,0
0,4.0,3,13.0,2.0,4,1,10,0,21.0,1.0,1.0,3.0,215.57,3.0,1.0,215.57,1.312,0,2.4,0,1,0,0,0,0,1,0,0,0,0,0,0,0,1,0,1
1,9.0,3,11.0,3.0,3,4,2,1,14.0,1.0,1.0,0.0,118.78,0.0,1.0,118.78,1.075,0,2.6,0,0,0,0,0,0,0,1,0,0,0,0,1,0,0,1,1
0,13.0,3,34.0,2.0,5,5,4,0,15.0,0.0,1.0,3.0,209.32,3.0,1.0,209.32,1.287,0,2.5,0,0,0,0,0,0,0,0,1,0,0,0,0,0,1,0,1
0,14.0,1,8.0,3.0,4,3,3,1,17.0,0.0,1.0,7.0,168.11,7.0,1.0,168.11,1.097,0,2.7,0,0,0,0,0,0,0,0,1,0,1,0,0,0,0,1,0
0,0.0,3,35.0,2.0,3,3,6,0,12.0,0.0,1.0,0.0,143.06,0.0,1.0,143.06,1.172,1,1.9,0,0,1,0,0,1,0,0,0,0,1,0,0,0,1,0,1
0,8.0,3,6.0,3.0,3,3,2,0,16.0,1.0,1.0,3.0,148.59,3.0,1.0,148.59,1.044,0,2.6,0,0,1,0,0,1,0,0,0,0,1,0,0,0,0,1,0
0,7.0,3,27.0,3.0,1,1,2,0,12.0,0.0,5.0,7.0,153.37,7.0,5.0,153.37,2.638,0,1.8,0,1,0,0,0,0,1,0,0,0,1,0,0,0,0,1,1
1,0.0,1,14.0,3.0,5,1,2,1,18.0,0.0,1.0,0.0,123.4,0.0,1.0,123.4,1.094,1,3.0,1,0,1,1,0,0,0,0,0,0,0,1,0,0,0,1,1
0,10.0,1,6.0,2.0,3,1,5,0,17.0,1.0,1.0,2.0,174.91,2.0,1.0,174.91,1.166,0,2.1,0,1,0,1,0,0,0,0,0,0,0,0,0,0,0,1,0
0,19.0,1,24.0,2.0,3,3,6,0,11.0,0.0,1.0,2.0,205.27,2.0,1.0,205.27,1.288,0,1.9,0,0,0,0,0,1,0,0,0,0,0,0,0,0,1,0,0
0,14.0,3,8.0,3.0,3,5,8,0,16.0,1.0,11.0,8.0,265.95,8.0,11.0,265.95,5.486,0,2.6,0,1,0,0,0,0,1,0,0,1,0,0,0,0,1,0,0
0,10.0,3,15.0,3.0,3,4,2,0,13.0,1.0,7.0,7.0,188.34,7.0,7.0,188.34,3.578,0,2.6,0,0,0,0,0,1,0,0,0,0,0,0,0,0,1,0,1
0,25.0,1,12.0,3.0,3,5,4,1,12.0,2.0,6.0,9.0,155.77,9.0,6.0,155.77,3.043,0,2.8,0,1,0,1,0,0,0,0,0,0,1,0,0,0,1,0,1
1,0.0,3,17.0,2.0,1,3,9,0,12.0,1.0,1.0,2.0,147.07,2.0,1.0,147.07,1.055,1,1.5,0,0,0,0,0,0,0,0,1,0,1,0,0,0,1,0,1
0,0.0,3,14.0,2.0,3,1,1,0,13.0,1.0,2.0,1.0,124.0,1.0,2.0,124.0,1.396,1,2.1,0,0,0,0,0,0,0,0,0,0,0,1,0,0,1,0,1
0,11.0,1,16.0,3.0,3,3,4,0,19.0,0.0,1.0,0.0,198.24,0.0,1.0,198.24,1.393,0,2.4,0,1,0,0,0,1,0,0,0,0,1,0,0,0,1,0,0
0,10.0,1,6.0,3.0,3,4,7,0,12.0,4.0,4.0,3.0,164.47,3.0,4.0,164.47,2.308,0,3.2,0,1,0,0,0,0,1,0,0,0,1,0,0,0,1,0,0
0,22.0,1,24.0,2.0,4,3,2,1,15.0,1.0,1.0,9.0,295.02,9.0,1.0,295.02,1.6,0,2.4,0,1,0,0,0,0,1,0,0,0,0,0,0,1,1,0,1
0,0.0,1,29.0,3.0,1,1,2,1,11.0,0.0,1.0,4.0,127.25,4.0,1.0,127.25,0.949,1,1.8,1,0,1,0,0,0,0,0,0,0,0,1,0,0,1,0,1
0,0.0,3,34.0,3.0,3,4,2,0,20.0,0.0,1.0,4.0,162.72,4.0,1.0,162.72,1.091,1,2.4,0,1,0,0,0,0,0,1,0,0,1,0,0,0,1,0,1
0,9.0,1,23.0,3.0,4,4,2,0,21.0,1.0,1.0,0.0,121.27000000000001,0.0,1.0,121.27000000000001,1.085,0,2.9,0,0,1,0,0,0,0,0,1,0,0,1,0,0,1,0,1
0,23.0,2,9.0,3.0,3,4,2,0,11.0,1.0,10.0,7.0,282.0,7.0,10.0,282.0,5.153,0,2.6,0,0,0,0,0,1,0,0,0,0,0,0,0,1,1,0,1
0,9.0,3,19.0,2.0,3,3,2,0,11.0,1.0,1.0,6.0,120.96000000000001,6.0,1.0,120.96000000000001,0.912,0,2.1,0,0,1,0,0,0,0,0,0,0,0,1,0,0,1,0,1
1,0.0,1,13.0,3.0,3,3,2,1,16.0,0.0,1.0,2.0,128.86,2.0,1.0,128.86,0.982,1,2.4,0,0,0,0,0,0,1,0,0,0,0,1,0,0,1,0,0
1,9.0,3,18.0,3.0,4,5,2,0,18.0,1.0,1.0,0.0,120.33000000000001,0.0,1.0,120.33000000000001,1.081,0,2.9,0,0,0,0,0,0,1,0,0,0,0,1,0,0,1,0,1
0,7.0,1,6.0,2.0,4,1,2,1,13.0,1.0,1.0,3.0,136.22,3.0,1.0,136.22,0.995,0,2.4,1,0,1,0,0,0,1,0,0,0,0,0,1,0,1,0,1
1,0.0,3,19.0,2.0,3,5,3,0,17.0,0.0,1.0,2.0,142.33,2.0,1.0,142.33,1.036,1,1.9,0,0,1,0,0,1,0,0,0,0,1,0,0,0,1,0,1
0,8.0,1,31.0,2.0,4,1,5,0,14.0,1.0,1.0,2.0,136.81,2.0,1.0,136.81,1.014,0,2.4,0,0,1,0,0,0,0,0,1,0,1,0,0,0,0,1,1
0,4.0,3,12.0,3.0,1,1,5,0,22.0,5.0,5.0,7.0,154.6,7.0,5.0,154.6,2.643,0,2.8,0,1,0,0,0,1,0,0,0,0,1,0,0,0,1,0,1
0,9.0,1,12.0,3.0,4,3,1,0,12.0,0.0,1.0,3.0,121.87,3.0,1.0,121.87,0.937,0,2.7,0,0,1,0,0,0,0,0,0,0,0,1,0,0,1,0,0
0,10.0,3,8.0,3.0,3,3,5,1,11.0,0.0,1.0,0.0,196.02,0.0,1.0,196.02,1.384,0,2.4,0,1,0,0,0,0,0,1,0,0,1,0,0,0,1,0,1
0,0.0,1,6.0,3.0,4,4,2,0,13.0,0.0,1.0,0.0,128.36,0.0,1.0,128.36,1.113,1,2.7,0,0,1,0,0,0,1,0,0,0,0,1,0,0,0,1,0
0,15.0,1,8.0,2.0,3,1,2,0,13.0,0.0,2.0,2.0,140.89,2.0,2.0,140.89,1.43,0,1.9,0,0,1,0,0,0,1,0,0,0,1,0,0,0,1,0,0
0,16.0,1,12.0,2.0,4,1,5,1,14.0,1.0,1.0,0.0,266.27,0.0,1.0,266.27,1.665,0,2.4,1,1,0,0,0,0,0,0,1,1,0,0,0,0,1,0,1
0,11.0,1,14.0,2.0,3,5,4,0,17.0,0.0,1.0,0.0,126.19,0.0,1.0,126.19,1.105,0,1.9,0,0,1,0,0,0,1,0,0,0,0,1,0,0,0,1,0
0,16.0,1,15.0,3.0,3,3,4,1,13.0,1.0,4.0,7.0,156.79,7.0,4.0,156.79,2.252,0,2.6,0,0,0,0,0,1,0,0,0,0,1,0,0,0,1,0,1
0,21.0,1,6.0,2.0,4,5,8,0,11.0,0.0,2.0,2.0,254.01999999999998,2.0,2.0,254.01999999999998,1.883,0,2.2,0,1,0,0,0,0,1,0,0,1,0,0,0,0,1,0,0
0,17.0,2,6.0,2.0,4,3,5,0,11.0,1.0,1.0,2.0,159.85,2.0,1.0,159.85,1.106,0,2.4,0,1,0,0,0,0,1,0,0,0,1,0,0,0,0,1,0
0,7.0,3,14.0,2.0,3,3,2,1,18.0,1.0,1.0,6.0,125.78999999999999,6.0,1.0,125.78999999999999,0.932,0,2.1,0,0,1,1,0,0,0,0,0,0,0,1,0,0,1,0,0
1,0.0,3,8.0,3.0,3,5,1,0,11.0,1.0,1.0,2.0,130.41,2.0,1.0,130.41,0.988,1,2.6,0,0,1,0,0,0,0,1,0,0,0,1,0,0,1,0,1
0,0.0,3,28.0,2.0,3,3,2,0,11.0,0.0,1.0,2.0,134.47,2.0,1.0,134.47,1.005,1,1.9,0,0,1,1,0,0,0,0,0,0,0,1,0,0,0,1,1
0,17.0,1,9.0,2.0,3,1,5,1,15.0,0.0,1.0,1.0,295.13,1.0,1.0,295.13,1.681,0,1.9,1,1,0,0,0,0,0,0,1,0,0,0,0,1,1,0,1
0,0.0,1,12.0,3.0,3,3,1,0,20.0,1.0,2.0,2.0,127.72999999999999,2.0,2.0,127.72999999999999,1.378,1,2.6,0,0,1,0,0,0,0,0,0,0,0,1,0,0,1,0,1
0,6.0,3,14.0,2.0,3,3,1,0,12.0,0.0,1.0,2.0,171.04,2.0,1.0,171.04,1.151,0,1.9,0,1,0,0,0,0,0,1,0,0,1,0,0,0,1,0,1
0,5.0,1,15.0,3.0,3,1,2,1,12.0,1.0,1.0,5.0,163.22,5.0,1.0,163.22,1.086,0,2.6,1,1,0,0,0,0,1,0,0,0,1,0,0,0,1,0,0
0,9.0,1,9.0,3.0,3,3,2,0,20.0,1.0,1.0,0.0,120.83000000000001,0.0,1.0,120.83000000000001,1.083,0,2.6,0,0,0,0,0,0,0,0,0,0,0,1,0,0,1,0,0
0,26.0,3,6.0,2.0,3,5,8,0,20.0,4.0,8.0,10.0,183.81,10.0,8.0,183.81,3.953,0,2.7,0,1,0,0,0,1,0,0,0,0,1,0,0,0,0,1,0
0,7.0,1,6.0,3.0,3,1,2,0,12.0,1.0,8.0,8.0,126.91,8.0,8.0,126.91,3.73,0,2.6,0,0,1,0,0,0,1,0,0,0,0,1,0,0,1,0,1
1,8.0,3,32.0,3.0,3,5,3,0,14.0,0.0,1.0,0.0,142.86,0.0,1.0,142.86,1.171,0,2.4,0,0,0,0,0,0,1,0,0,0,1,0,0,0,1,0,0
0,0.0,1,12.0,3.0,3,1,2,1,13.0,0.0,1.0,2.0,56.0,2.0,1.0,56.0,0.691,1,2.4,1,1,0,0,0,0,1,0,0,0,0,0,1,0,1,0,0
0,10.0,1,9.0,2.0,3,3,2,0,15.0,7.0,7.0,8.0,194.34,8.0,7.0,194.34,3.6,0,3.3,0,1,0,0,0,0,0,0,1,0,0,0,0,0,1,0,1
0,2.0,3,9.0,3.0,3,3,2,0,14.0,0.0,1.0,2.0,155.61,2.0,1.0,155.61,1.089,1,2.4,0,1,0,0,0,1,0,0,0,0,1,0,0,0,1,0,0
0,8.0,1,12.0,2.0,5,1,2,0,13.0,0.0,11.0,8.0,166.46,8.0,11.0,166.46,5.088,0,2.5,0,1,0,0,0,0,1,0,0,0,1,0,0,0,0,1,1
0,6.0,1,12.0,1.0,3,1,4,0,23.0,3.0,4.0,7.0,177.25,7.0,4.0,177.25,2.334,0,2.0,0,0,0,0,0,0,1,0,0,0,1,0,0,0,1,0,1
0,27.0,2,25.0,2.0,3,4,3,0,15.0,2.0,7.0,1.0,207.25,1.0,7.0,207.25,3.729,0,2.3,0,1,0,0,0,1,0,0,0,0,0,0,0,0,1,0,1
0,9.0,1,15.0,2.0,4,4,3,1,11.0,0.0,1.0,2.0,188.47,2.0,1.0,188.47,1.221,0,2.2,0,1,0,0,0,1,0,0,0,0,1,0,0,0,1,0,1
0,9.0,1,9.0,2.0,4,1,1,0,13.0,1.0,1.0,1.0,120.44999999999999,1.0,1.0,120.44999999999999,0.982,0,2.4,0,0,1,0,0,0,0,0,0,0,0,1,0,0,0,1,1
1,0.0,1,16.0,2.0,3,3,2,1,11.0,1.0,1.0,1.0,110.09,1.0,1.0,110.09,0.94,1,2.1,0,1,0,0,0,1,0,0,0,0,0,0,1,0,0,1,1
1,0.0,1,9.0,3.0,3,5,2,1,11.0,5.0,9.0,7.0,133.48,7.0,9.0,133.48,4.159,1,3.4,0,0,0,0,0,0,1,0,0,0,0,1,0,0,0,1,1
0,9.0,1,9.0,2.0,4,3,2,0,18.0,1.0,1.0,0.0,112.81,0.0,1.0,112.81,1.051,0,2.4,0,0,0,0,0,0,1,0,0,0,0,0,1,0,1,0,1
0,0.0,1,10.0,3.0,1,5,3,0,16.0,0.0,1.0,2.0,128.19,2.0,1.0,128.19,0.979,1,1.8,0,0,1,0,0,0,0,0,0,0,0,1,0,0,1,0,1
0,0.0,3,14.0,2.0,1,4,1,0,22.0,1.0,1.0,2.0,148.51,2.0,1.0,148.51,1.061,1,1.5,0,0,1,0,0,0,1,0,0,0,1,0,0,0,1,0,1
0,11.0,3,13.0,2.0,4,1,1,0,20.0,1.0,1.0,5.0,140.28,5.0,1.0,140.28,0.994,0,2.4,0,0,1,0,0,0,0,1,0,0,1,0,0,0,0,1,0
0,2.0,1,6.0,3.0,5,1,2,0,18.0,0.0,2.0,8.0,127.19999999999999,8.0,2.0,127.19999999999999,1.331,1,3.0,0,0,0,0,0,0,1,0,0,0,0,1,0,0,1,0,1
0,21.0,3,8.0,2.0,1,4,4,0,12.0,0.0,2.0,2.0,181.2,2.0,2.0,181.2,1.591,0,1.3,0,1,0,0,0,0,0,1,0,0,1,0,0,0,1,0,1
0,0.0,3,9.0,3.0,1,1,2,1,20.0,1.0,1.0,4.0,146.47,4.0,1.0,146.47,1.026,1,2.0,1,0,0,0,0,1,0,0,0,0,1,0,0,0,1,0,0
0,10.0,1,16.0,3.0,1,1,4,0,17.0,1.0,1.0,0.0,146.8,0.0,1.0,146.8,1.187,0,2.0,0,0,1,0,0,0,1,0,0,0,0,0,1,0,0,1,1
0,23.0,1,34.0,3.0,1,3,2,1,11.0,0.0,3.0,8.0,132.21,8.0,3.0,132.21,1.751,0,1.8,0,0,1,0,0,0,0,0,0,0,0,1,0,0,1,0,1
0,7.0,1,15.0,2.0,4,4,2,0,14.0,4.0,7.0,7.0,186.21,7.0,7.0,186.21,3.57,0,3.0,0,1,0,0,0,1,0,0,0,0,0,0,0,0,0,1,0
1,0.0,3,9.0,3.0,3,3,10,0,14.0,1.0,2.0,0.0,145.77,0.0,2.0,145.77,1.583,1,2.6,0,0,1,0,0,0,1,0,0,0,1,0,0,0,0,1,0
0,12.0,1,8.0,3.0,4,3,2,0,11.0,1.0,11.0,10.0,145.53,10.0,11.0,145.53,5.0,0,2.9,0,0,1,1,0,0,0,0,0,0,1,0,0,0,0,1,0
0,5.0,3,16.0,2.0,3,1,2,0,12.0,1.0,1.0,8.0,153.96,8.0,1.0,153.96,1.038,0,2.1,0,1,0,0,0,0,0,1,0,0,1,0,0,0,0,1,1
1,13.0,3,14.0,2.0,3,3,4,1,14.0,0.0,1.0,3.0,167.96,3.0,1.0,167.96,1.122,0,1.9,0,0,0,1,0,0,0,0,0,0,1,0,0,0,1,0,1
0,11.0,1,6.0,2.0,1,1,1,0,13.0,0.0,1.0,8.0,176.25,8.0,1.0,176.25,1.127,0,1.3,0,1,0,0,0,0,1,0,0,0,1,0,0,0,0,1,0
0,0.0,1,6.0,3.0,3,5,2,0,11.0,0.0,1.0,7.0,174.12,7.0,1.0,174.12,1.121,1,2.4,0,1,0,0,0,0,1,0,0,0,0,0,0,0,1,0,0
0,5.0,1,9.0,2.0,3,1,4,0,15.0,6.0,7.0,3.0,211.58999999999997,3.0,7.0,211.58999999999997,3.696,0,3.1,0,1,0,0,0,0,1,0,0,0,0,0,0,0,0,1,0
0,20.0,3,20.0,2.0,3,5,3,0,12.0,1.0,1.0,7.0,149.6,7.0,1.0,149.6,1.023,0,2.1,0,1,0,0,0,0,0,1,0,0,1,0,0,0,0,1,1
0,13.0,3,11.0,2.0,4,5,6,1,21.0,0.0,1.0,12.0,204.75,12.0,1.0,204.75,1.234,0,2.2,0,0,0,0,0,0,1,0,0,0,0,0,0,0,1,0,1
0,26.0,1,13.0,2.0,1,3,4,0,19.0,0.0,2.0,3.0,248.14,3.0,2.0,248.14,1.843,0,1.3,0,1,0,0,0,0,1,0,0,1,0,0,0,0,1,0,1
0,14.0,2,16.0,3.0,4,1,4,0,15.0,1.0,12.0,6.0,291.41,6.0,12.0,291.41,5.994,0,2.9,0,1,0,0,0,0,0,0,1,0,0,0,0,1,1,0,1
0,30.0,3,22.0,2.0,3,5,9,0,14.0,2.0,2.0,2.0,154.05,2.0,2.0,154.05,1.483,0,2.3,0,1,0,0,0,0,0,1,0,0,1,0,0,0,0,1,1
0,0.0,1,16.0,2.0,3,5,2,0,21.0,0.0,1.0,7.0,187.93,7.0,1.0,187.93,1.177,1,1.9,0,0,0,0,0,0,1,0,0,0,0,0,0,0,1,0,1
0,14.0,2,6.0,2.0,4,3,2,0,12.0,1.0,2.0,10.0,291.89,10.0,2.0,291.89,1.986,0,2.4,0,1,0,0,0,0,0,0,1,0,0,0,0,1,1,0,1
0,23.0,3,14.0,2.0,3,4,8,0,15.0,0.0,2.0,2.0,138.75,2.0,2.0,138.75,1.422,0,1.9,0,0,1,0,0,0,0,1,0,0,0,0,1,0,1,0,1
1,9.0,1,6.0,3.0,5,4,8,1,13.0,1.0,3.0,7.0,122.16,7.0,3.0,122.16,1.714,0,3.2,0,0,1,0,0,0,1,0,0,0,0,1,0,0,0,1,0
0,9.0,1,14.0,3.0,1,5,10,0,14.0,0.0,1.0,3.0,217.13,3.0,1.0,217.13,1.319,0,1.8,0,0,0,0,0,0,1,0,0,0,0,0,0,0,1,0,0
0,11.0,1,6.0,2.0,3,3,5,1,14.0,0.0,1.0,0.0,178.61,0.0,1.0,178.61,1.314,0,1.9,0,1,0,0,0,0,1,0,0,0,0,0,0,0,0,1,0
0,17.0,1,30.0,2.0,5,3,3,0,14.0,0.0,1.0,4.0,137.08,4.0,1.0,137.08,0.988,0,2.5,0,0,0,0,0,1,0,0,0,0,0,0,1,0,0,1,1
0,20.0,3,9.0,2.0,3,3,10,1,12.0,1.0,2.0,13.0,237.7,13.0,2.0,237.7,1.765,0,2.1,0,0,0,0,0,1,0,0,0,1,0,0,0,0,1,0,0
0,3.0,3,33.0,3.0,3,1,8,0,23.0,2.0,7.0,7.0,153.04,7.0,7.0,153.04,3.437,0,2.8,0,1,0,0,0,0,0,1,0,0,1,0,0,0,1,0,1
0,2.0,3,14.0,3.0,3,3,2,0,11.0,1.0,1.0,0.0,126.41999999999999,0.0,1.0,126.41999999999999,1.106,1,2.6,0,0,1,0,0,0,1,0,0,0,0,1,0,0,0,1,1
1,5.0,1,25.0,3.0,1,3,7,1,12.0,0.0,2.0,2.0,127.59,2.0,2.0,127.59,1.377,0,1.8,0,0,0,0,0,0,0,0,0,0,0,1,0,0,1,0,1
0,16.0,3,21.0,2.0,4,1,4,0,18.0,1.0,2.0,2.0,168.04,2.0,2.0,168.04,1.539,0,2.4,0,0,0,0,0,0,1,0,0,0,1,0,0,0,1,0,1
0,7.0,1,14.0,3.0,3,3,4,0,11.0,0.0,4.0,3.0,161.42,3.0,4.0,161.42,2.296,0,2.4,0,1,0,0,0,1,0,0,0,0,1,0,0,0,0,1,0
0,0.0,1,14.0,2.0,3,5,2,0,14.0,1.0,1.0,2.0,125.0,2.0,1.0,125.0,0.967,1,2.1,0,0,1,0,0,0,0,0,0,0,0,1,0,0,1,0,1
0,12.0,2,9.0,2.0,1,4,10,0,15.0,0.0,3.0,6.0,163.89,6.0,3.0,163.89,1.884,0,1.3,0,1,0,0,0,0,0,0,1,0,1,0,0,0,1,0,0
0,29.0,1,15.0,2.0,3,1,8,0,11.0,0.0,1.0,3.0,211.02999999999997,3.0,1.0,211.02999999999997,1.294,0,1.9,0,1,0,0,0,1,0,0,0,1,0,0,0,0,1,0,1
0,13.0,1,14.0,2.0,4,1,1,1,20.0,0.0,2.0,3.0,123.41999999999999,3.0,2.0,123.41999999999999,1.344,0,2.2,1,0,1,0,0,0,0,0,0,0,0,1,0,0,0,1,0
0,0.0,1,13.0,2.0,4,5,9,0,19.0,1.0,1.0,7.0,168.11,7.0,1.0,168.11,1.097,1,2.4,0,1,0,0,0,1,0,0,0,0,1,0,0,0,0,1,0
0,9.0,3,16.0,2.0,3,4,2,0,14.0,2.0,2.0,2.0,122.97,2.0,2.0,122.97,1.359,0,2.3,0,0,1,0,0,0,0,1,0,0,0,1,0,0,1,0,1
0,26.0,1,14.0,2.0,3,1,3,0,17.0,2.0,2.0,2.0,124.5,2.0,2.0,124.5,1.365,0,2.3,0,0,1,0,0,0,1,0,0,0,1,0,0,0,0,1,1
0,8.0,1,8.0,3.0,3,5,3,0,11.0,1.0,1.0,0.0,150.93,0.0,1.0,150.93,1.204,0,2.6,0,0,0,0,0,0,1,0,0,0,1,0,0,0,1,0,0
0,5.0,1,30.0,3.0,3,1,2,0,15.0,1.0,4.0,7.0,153.09,7.0,4.0,153.09,2.237,0,2.6,0,0,0,0,0,0,1,0,0,0,1,0,0,0,1,0,1
0,11.0,1,8.0,3.0,3,3,7,1,13.0,0.0,1.0,1.0,130.57,1.0,1.0,130.57,1.022,0,2.4,0,0,1,0,0,0,0,0,0,0,0,1,0,0,1,0,1
0,7.0,1,14.0,2.0,3,5,4,0,14.0,1.0,1.0,0.0,151.21,0.0,1.0,151.21,1.205,0,2.1,0,1,0,0,0,0,1,0,0,0,1,0,0,0,1,0,0
0,25.0,3,9.0,2.0,4,5,2,0,11.0,1.0,1.0,16.0,268.56,16.0,1.0,268.56,1.486,0,2.4,0,1,0,0,0,0,0,1,0,1,0,0,0,0,1,0,1
1,0.0,1,6.0,3.0,3,1,2,1,13.0,6.0,7.0,8.0,126.86000000000001,8.0,7.0,126.86000000000001,3.33,1,3.6,1,0,1,0,0,0,0,0,1,0,0,1,0,0,0,1,1
0,0.0,3,32.0,2.0,3,1,2,0,23.0,0.0,1.0,4.0,161.8,4.0,1.0,161.8,1.087,1,1.9,0,1,0,0,0,1,0,0,0,0,1,0,0,0,0,1,0
0,18.0,3,8.0,2.0,5,3,1,0,13.0,1.0,3.0,1.0,166.32,1.0,3.0,166.32,1.965,0,2.7,0,1,0,1,0,0,0,0,0,0,1,0,0,0,0,1,1
0,0.0,1,16.0,3.0,1,3,2,0,18.0,0.0,1.0,2.0,135.05,2.0,1.0,135.05,1.007,1,1.8,0,0,1,0,0,1,0,0,0,0,0,1,0,0,0,1,1
1,10.0,3,33.0,3.0,1,3,5,1,12.0,0.0,1.0,3.0,163.97,3.0,1.0,163.97,1.106,0,1.8,0,0,0,0,0,0,1,0,0,0,1,0,0,0,0,1,0
0,7.0,3,8.0,2.0,3,1,2,0,22.0,0.0,1.0,4.0,162.74,4.0,1.0,162.74,1.091,0,1.9,0,1,0,0,0,0,0,0,1,0,1,0,0,0,0,1,1
1,18.0,1,8.0,3.0,3,5,6,1,15.0,1.0,1.0,4.0,298.59,4.0,1.0,298.59,1.634,0,2.6,0,1,0,0,0,1,0,0,0,0,0,0,0,1,1,0,1
0,9.0,3,14.0,3.0,4,5,2,0,15.0,0.0,1.0,9.0,175.87,9.0,1.0,175.87,1.123,0,2.7,0,0,0,0,0,0,1,0,0,0,0,0,0,0,0,1,1
0,25.0,1,25.0,2.0,3,1,1,0,18.0,1.0,1.0,2.0,142.58,2.0,1.0,142.58,1.037,0,2.1,0,0,0,0,0,1,0,0,0,0,0,0,1,0,1,0,1
0,0.0,1,6.0,3.0,5,1,4,0,14.0,2.0,2.0,0.0,143.64,0.0,2.0,143.64,1.575,1,3.4,0,0,0,0,0,0,1,0,0,0,0,0,1,0,1,0,0
0,2.0,1,33.0,3.0,3,3,5,0,12.0,0.0,1.0,1.0,143.35,1.0,1.0,143.35,1.073,1,2.4,0,0,1,0,0,1,0,0,0,0,1,0,0,0,1,0,0
1,0.0,3,14.0,2.0,4,5,7,0,17.0,0.0,1.0,2.0,153.26,2.0,1.0,153.26,1.08,1,2.2,0,1,0,1,0,0,0,0,0,0,1,0,0,0,0,1,1
0,7.0,1,6.0,3.0,1,1,3,0,16.0,1.0,1.0,3.0,132.8,3.0,1.0,132.8,0.981,0,2.0,0,0,1,0,0,0,1,0,0,0,0,1,0,0,0,1,0
0,27.0,1,25.0,3.0,3,5,10,1,11.0,0.0,1.0,4.0,154.85,4.0,1.0,154.85,1.059,0,2.4,0,1,0,0,0,1,0,0,0,0,1,0,0,0,1,0,0
0,0.0,3,14.0,2.0,3,1,1,0,19.0,1.0,1.0,1.0,143.42,1.0,1.0,143.42,1.074,1,2.1,0,0,0,0,0,0,0,1,0,0,1,0,0,0,1,0,1
0,10.0,1,16.0,3.0,3,5,1,1,13.0,4.0,4.0,3.0,127.82,3.0,4.0,127.82,2.161,0,3.2,0,0,1,0,0,0,1,0,0,0,0,1,0,0,1,0,0
0,11.0,1,8.0,3.0,1,5,7,1,12.0,0.0,4.0,12.0,159.8,12.0,4.0,159.8,2.255,0,1.8,0,0,0,0,0,0,1,0,0,0,1,0,0,0,0,1,0
0,7.0,1,8.0,2.0,4,5,2,0,11.0,1.0,1.0,3.0,143.81,3.0,1.0,143.81,1.025,0,2.4,0,0,1,0,0,1,0,0,0,0,0,0,1,0,0,1,0
0,8.0,3,14.0,3.0,3,1,2,0,16.0,1.0,1.0,2.0,125.72,2.0,1.0,125.72,0.97,0,2.6,0,0,1,0,0,0,1,0,0,0,0,1,0,0,1,0,0
0,3.0,1,6.0,2.0,5,3,4,0,21.0,1.0,1.0,2.0,138.33,2.0,1.0,138.33,1.02,0,2.7,0,0,1,0,0,0,1,0,0,0,0,0,1,0,1,0,1
0,13.0,1,8.0,2.0,1,4,2,0,24.0,0.0,3.0,7.0,142.44,7.0,3.0,142.44,1.795,0,1.3,0,0,0,0,0,1,0,0,0,0,1,0,0,0,1,0,0
0,7.0,3,14.0,3.0,3,5,6,0,17.0,1.0,1.0,2.0,165.0,2.0,1.0,165.0,1.127,0,2.6,0,1,0,0,0,0,1,0,0,0,1,0,0,0,1,0,0
0,15.0,1,14.0,3.0,3,1,2,0,13.0,1.0,14.0,9.0,284.3,9.0,14.0,284.3,6.757,0,2.6,0,0,0,0,0,0,1,0,0,0,0,0,0,1,1,0,1
1,9.0,1,12.0,3.0,1,5,2,1,21.0,0.0,1.0,0.0,116.00999999999999,0.0,1.0,116.00999999999999,1.064,0,1.8,0,1,0,0,0,0,1,0,0,0,0,0,1,0,1,0,1
0,0.0,1,15.0,3.0,4,4,2,0,11.0,0.0,1.0,0.0,126.94,0.0,1.0,126.94,1.108,1,2.7,0,0,0,0,0,0,1,0,0,0,0,1,0,0,1,0,1
0,25.0,1,17.0,3.0,3,3,9,0,20.0,1.0,1.0,4.0,131.49,4.0,1.0,131.49,0.966,0,2.6,0,0,1,0,0,0,1,0,0,0,1,0,0,0,1,0,0
0,23.0,1,8.0,3.0,3,3,6,0,16.0,1.0,1.0,3.0,276.39,3.0,1.0,276.39,1.556,0,2.6,0,1,0,0,0,1,0,0,0,1,0,0,0,0,1,0,1
1,0.0,1,14.0,2.0,4,5,2,1,11.0,0.0,1.0,0.0,123.19,0.0,1.0,123.19,1.093,1,2.2,0,0,1,0,0,0,1,0,0,0,0,1,0,0,1,0,0
0,6.0,1,13.0,2.0,3,3,1,0,11.0,1.0,3.0,3.0,216.91000000000003,3.0,3.0,216.91000000000003,2.118,0,2.1,0,1,0,0,0,1,0,0,0,0,0,0,0,0,1,0,1
1,0.0,3,22.0,3.0,3,5,6,0,15.0,1.0,1.0,2.0,153.24,2.0,1.0,153.24,1.08,1,2.6,0,1,0,0,0,0,0,1,0,0,1,0,0,0,0,1,0
0,20.0,1,8.0,2.0,3,1,2,1,11.0,1.0,3.0,0.0,267.52,0.0,3.0,267.52,2.47,0,2.1,1,1,0,0,0,0,0,0,1,1,0,0,0,0,1,0,0
0,9.0,1,6.0,2.0,3,4,1,0,15.0,1.0,1.0,5.0,152.28,5.0,1.0,152.28,1.042,0,2.1,0,1,0,0,0,0,0,0,1,0,1,0,0,0,1,0,0
0,2.0,1,29.0,3.0,1,3,2,0,24.0,1.0,1.0,7.0,127.0,7.0,1.0,127.0,0.933,1,2.0,0,0,1,0,0,0,1,0,0,0,0,1,0,0,1,0,1
1,20.0,1,8.0,2.0,3,4,8,1,15.0,7.0,13.0,8.0,292.46,8.0,13.0,292.46,6.392,0,3.3,0,1,0,0,0,0,1,0,0,0,0,0,0,1,0,1,1
0,8.0,1,14.0,2.0,1,3,4,0,13.0,2.0,2.0,2.0,125.06,2.0,2.0,125.06,1.367,0,1.7,0,0,1,0,0,0,1,0,0,0,0,1,0,0,0,1,0
0,15.0,1,6.0,2.0,4,1,10,1,13.0,0.0,1.0,2.0,160.62,2.0,1.0,160.62,1.109,0,2.2,1,1,0,0,0,0,1,0,0,0,1,0,0,0,1,0,0
1,0.0,1,8.0,2.0,3,3,7,0,17.0,2.0,2.0,1.0,143.82,1.0,2.0,143.82,1.475,1,2.3,0,0,1,0,0,1,0,0,0,0,0,0,1,0,0,1,1
0,9.0,2,19.0,2.0,3,4,5,0,13.0,1.0,1.0,4.0,121.43,4.0,1.0,121.43,0.926,0,2.1,0,0,1,0,0,0,0,0,1,0,0,1,0,0,1,0,1
0,5.0,1,10.0,3.0,4,3,2,0,12.0,5.0,6.0,8.0,161.62,8.0,6.0,161.62,3.069,0,3.7,0,1,0,0,0,0,1,0,0,0,1,0,0,0,1,0,0
0,13.0,1,22.0,2.0,4,3,7,0,14.0,0.0,1.0,0.0,150.94,0.0,1.0,150.94,1.204,0,2.2,0,0,0,0,0,1,0,0,0,0,1,0,0,0,0,1,1
0,3.0,1,8.0,2.0,4,1,6,1,24.0,1.0,1.0,0.0,168.77,0.0,1.0,168.77,1.275,0,2.4,1,1,0,0,0,1,0,0,0,0,1,0,0,0,0,1,0
0,9.0,1,8.0,3.0,4,3,2,0,14.0,1.0,1.0,0.0,122.74000000000001,0.0,1.0,122.74000000000001,1.091,0,2.9,0,0,1,0,0,0,1,0,0,0,0,1,0,0,0,1,0
0,15.0,1,35.0,3.0,3,4,2,0,13.0,5.0,7.0,8.0,144.34,8.0,7.0,144.34,3.4,0,3.4,0,0,1,0,0,0,1,0,0,0,1,0,0,0,1,0,1
0,11.0,1,18.0,0.0,4,5,3,0,15.0,1.0,1.0,2.0,162.88,2.0,1.0,162.88,1.118,0,1.4,0,0,0,0,0,0,1,0,0,0,1,0,0,0,1,0,1
0,7.0,1,14.0,3.0,4,1,2,0,16.0,1.0,1.0,3.0,125.53,3.0,1.0,125.53,0.952,0,2.9,0,0,0,0,0,0,1,0,0,0,0,1,0,0,0,1,0
1,12.0,3,17.0,2.0,3,1,2,0,18.0,0.0,7.0,7.0,176.54,7.0,7.0,176.54,3.531,0,1.9,0,1,0,0,0,0,0,1,0,0,0,0,0,0,1,0,0
1,18.0,3,8.0,2.0,3,1,5,0,16.0,1.0,7.0,3.0,151.6,3.0,7.0,151.6,3.456,0,2.1,0,1,0,0,0,1,0,0,0,0,1,0,0,0,0,1,1
0,16.0,1,20.0,3.0,3,5,7,0,24.0,1.0,1.0,0.0,271.59,0.0,1.0,271.59,1.686,0,2.6,0,1,0,0,0,0,1,0,0,1,0,0,0,0,1,0,1
0,0.0,1,11.0,2.0,4,1,2,1,16.0,1.0,1.0,3.0,228.07999999999998,3.0,1.0,228.07999999999998,1.362,1,2.4,1,1,0,0,1,0,0,0,0,0,0,0,0,0,1,0,1
0,8.0,1,13.0,2.0,3,3,4,0,21.0,0.0,1.0,6.0,202.21,6.0,1.0,202.21,1.237,0,1.9,0,1,0,0,0,0,0,0,1,0,0,0,0,0,0,1,1
0,1.0,3,8.0,2.0,3,4,2,1,20.0,6.0,7.0,5.0,147.79,5.0,7.0,147.79,3.424,1,3.1,0,0,1,0,0,0,0,1,0,0,1,0,0,0,1,0,0
0,7.0,2,9.0,2.0,3,1,1,0,19.0,1.0,1.0,2.0,137.37,2.0,1.0,137.37,1.016,0,2.1,0,0,1,0,0,0,0,0,1,0,0,0,1,0,1,0,1
1,0.0,1,14.0,2.0,4,3,2,1,14.0,0.0,1.0,7.0,123.66,7.0,1.0,123.66,0.92,1,2.2,0,0,0,0,0,0,0,0,0,0,0,1,0,0,1,0,0
0,9.0,1,9.0,2.0,3,1,2,0,11.0,0.0,1.0,0.0,117.06,0.0,1.0,117.06,1.068,0,1.9,0,0,0,0,0,1,0,0,0,0,0,0,1,0,1,0,1
0,24.0,3,32.0,3.0,3,3,3,0,14.0,1.0,4.0,17.0,263.07,17.0,4.0,263.07,2.663,0,2.6,0,1,0,0,0,0,0,1,0,1,0,0,0,0,1,0,0
0,17.0,1,10.0,2.0,3,4,10,0,12.0,1.0,2.0,3.0,159.33,3.0,2.0,159.33,1.487,0,2.1,0,1,0,0,0,1,0,0,0,0,1,0,0,0,0,1,1
0,0.0,1,8.0,3.0,1,5,8,0,13.0,0.0,1.0,1.0,134.24,1.0,1.0,134.24,1.037,1,1.8,0,0,1,0,0,0,0,0,0,0,0,1,0,0,0,1,1
0,6.0,3,6.0,2.0,1,5,2,0,22.0,0.0,1.0,8.0,140.37,8.0,1.0,140.37,0.984,0,1.3,0,0,1,0,0,1,0,0,0,0,1,0,0,0,1,0,1
0,8.0,1,14.0,2.0,4,5,2,0,11.0,0.0,1.0,1.0,125.59,1.0,1.0,125.59,1.002,0,2.2,0,0,1,0,0,0,0,0,0,0,0,1,0,0,0,1,0
0,9.0,3,6.0,2.0,3,1,2,1,14.0,3.0,4.0,11.0,162.01,11.0,4.0,162.01,2.265,0,2.5,1,1,0,0,0,0,1,0,0,0,1,0,0,0,1,0,1
0,5.0,3,19.0,3.0,3,1,3,0,11.0,0.0,1.0,3.0,144.03,3.0,1.0,144.03,1.026,0,2.4,0,0,1,0,0,0,1,0,0,0,1,0,0,0,1,0,1
0,3.0,1,11.0,3.0,4,1,10,0,12.0,0.0,1.0,3.0,137.61,3.0,1.0,137.61,1.0,0,2.7,0,0,0,0,0,0,1,0,0,0,0,0,1,0,1,0,1
0,26.0,3,13.0,3.0,4,1,8,1,18.0,0.0,1.0,3.0,209.33999999999997,3.0,1.0,209.33999999999997,1.287,0,2.7,1,1,0,0,0,0,0,1,0,0,0,0,0,0,1,0,0
0,18.0,3,15.0,3.0,3,5,5,1,12.0,0.0,1.0,2.0,207.61,2.0,1.0,207.61,1.297,0,2.4,0,1,0,0,0,0,0,1,0,0,0,0,0,0,1,0,1
0,5.0,1,14.0,3.0,1,3,6,0,12.0,1.0,1.0,3.0,151.75,3.0,1.0,151.75,1.057,0,2.0,0,1,0,0,0,1,0,0,0,0,1,0,0,0,1,0,0
0,25.0,1,31.0,2.0,4,1,4,0,22.0,0.0,2.0,0.0,238.26,0.0,2.0,238.26,1.953,0,2.2,0,0,0,0,0,1,0,0,0,1,0,0,0,0,1,0,0
0,10.0,3,22.0,3.0,4,3,5,0,19.0,1.0,1.0,0.0,163.34,0.0,1.0,163.34,1.253,0,2.9,0,1,0,0,0,0,0,1,0,0,1,0,0,0,1,0,1
0,1.0,2,14.0,3.0,4,1,2,0,13.0,1.0,1.0,4.0,149.36,4.0,1.0,149.36,1.037,1,2.9,0,0,1,0,0,1,0,0,0,0,0,0,1,0,1,0,1
0,0.0,1,6.0,2.0,4,1,7,0,22.0,2.0,2.0,2.0,147.75,2.0,2.0,147.75,1.458,1,2.6,0,0,1,0,0,0,1,0,0,0,1,0,0,0,1,0,1
0,17.0,1,14.0,3.0,1,1,3,1,24.0,1.0,1.0,2.0,128.18,2.0,1.0,128.18,0.979,0,2.0,1,0,1,0,0,0,1,0,0,0,0,1,0,0,1,0,1
0,15.0,1,14.0,2.0,3,1,6,1,14.0,1.0,2.0,2.0,125.15,2.0,2.0,125.15,1.367,0,2.1,1,0,0,0,0,0,0,0,0,0,0,1,0,0,0,1,1
0,9.0,2,14.0,3.0,4,5,1,0,21.0,0.0,1.0,3.0,123.41999999999999,3.0,1.0,123.41999999999999,0.944,0,2.7,0,0,1,0,0,0,1,0,0,0,0,1,0,0,1,0,1
0,0.0,3,9.0,3.0,3,5,2,1,18.0,0.0,1.0,3.0,141.94,3.0,1.0,141.94,1.018,1,2.4,0,0,1,0,0,0,0,0,1,0,1,0,0,0,1,0,1
0,8.0,1,15.0,3.0,4,3,2,1,20.0,3.0,5.0,15.0,206.85000000000002,15.0,5.0,206.85000000000002,2.84,0,3.3,0,1,0,0,0,0,1,0,0,0,0,0,0,0,1,0,0
1,9.0,1,31.0,3.0,3,4,2,1,19.0,6.0,7.0,8.0,120.22,8.0,7.0,120.22,3.303,0,3.6,0,0,0,0,0,0,1,0,0,0,0,1,0,0,1,0,0
0,5.0,1,6.0,3.0,3,1,1,0,12.0,1.0,1.0,2.0,123.13999999999999,2.0,1.0,123.13999999999999,0.959,0,2.6,0,0,0,0,0,0,1,0,0,0,0,1,0,0,1,0,1
0,0.0,3,10.0,2.0,4,5,2,0,12.0,1.0,1.0,3.0,142.56,3.0,1.0,142.56,1.02,1,2.4,0,0,1,0,0,0,0,1,0,0,1,0,0,0,1,0,1
0,22.0,1,6.0,2.0,3,5,3,0,16.0,0.0,1.0,2.0,135.8,2.0,1.0,135.8,1.01,0,1.9,0,0,1,1,0,0,0,0,0,0,0,0,1,0,1,0,0
0,0.0,1,10.0,2.0,4,1,1,0,17.0,0.0,3.0,4.0,131.62,4.0,3.0,131.62,1.766,1,2.2,0,0,0,0,0,0,1,0,0,0,0,1,0,0,1,0,1
0,5.0,3,11.0,2.0,3,4,2,0,14.0,2.0,5.0,3.0,165.24,3.0,5.0,165.24,2.711,0,2.3,0,0,0,0,0,0,1,0,0,0,1,0,0,0,1,0,1
0,11.0,3,15.0,3.0,4,4,1,0,19.0,0.0,1.0,2.0,128.99,2.0,1.0,128.99,0.983,0,2.7,0,0,1,0,0,0,0,1,0,0,0,1,0,0,1,0,1
0,15.0,1,9.0,3.0,1,1,3,1,13.0,1.0,1.0,3.0,152.31,3.0,1.0,152.31,1.059,0,2.0,1,1,0,0,0,0,1,0,0,0,1,0,0,0,1,0,0
0,4.0,1,14.0,2.0,3,1,4,1,19.0,0.0,1.0,2.0,123.56,2.0,1.0,123.56,0.961,0,1.9,1,0,1,0,0,0,1,0,0,0,0,1,0,0,1,0,1
1,0.0,3,6.0,3.0,4,3,7,1,19.0,1.0,1.0,2.0,128.0,2.0,1.0,128.0,0.979,1,2.9,0,0,1,0,0,0,0,0,0,0,0,1,0,0,1,0,0
0,26.0,3,14.0,3.0,3,1,6,0,14.0,2.0,2.0,3.0,218.36,3.0,2.0,218.36,1.723,0,2.8,0,1,0,0,0,0,0,1,0,1,0,0,0,0,1,0,1
0,8.0,1,31.0,3.0,4,4,4,0,16.0,2.0,4.0,8.0,209.02999999999997,8.0,4.0,209.02999999999997,2.458,0,3.1,0,1,0,0,1,0,0,0,0,0,0,0,0,0,1,0,1
0,10.0,3,27.0,3.0,3,1,6,0,15.0,1.0,1.0,0.0,129.73,0.0,1.0,129.73,1.119,0,2.6,0,0,0,0,0,0,0,0,0,0,0,1,0,0,1,0,0
0,26.0,1,29.0,3.0,3,1,7,0,18.0,3.0,2.0,8.0,242.75,8.0,2.0,242.75,1.793,0,3.0,0,1,0,0,0,0,1,0,0,1,0,0,0,0,0,1,0
0,16.0,1,6.0,2.0,3,1,5,0,13.0,1.0,2.0,2.0,155.62,2.0,2.0,155.62,1.489,0,2.1,0,0,0,0,0,0,1,0,0,0,1,0,0,0,1,0,0
0,20.0,3,8.0,2.0,3,1,1,1,22.0,3.0,7.0,7.0,145.37,7.0,7.0,145.37,3.406,0,2.5,1,0,1,0,0,0,0,1,0,0,1,0,0,0,1,0,0
0,10.0,3,25.0,2.0,3,4,2,1,13.0,0.0,1.0,9.0,176.42,9.0,1.0,176.42,1.126,0,1.9,0,0,0,0,0,1,0,0,0,0,0,0,0,0,0,1,1
0,23.0,1,8.0,3.0,3,5,2,0,11.0,1.0,14.0,7.0,279.24,7.0,14.0,279.24,6.742,0,2.6,0,0,0,0,0,0,1,0,0,1,0,0,0,0,1,0,1
0,12.0,2,8.0,2.0,4,1,9,0,11.0,1.0,1.0,4.0,152.04,4.0,1.0,152.04,1.048,0,2.4,0,1,0,0,0,0,1,0,0,0,1,0,0,0,1,0,0
0,9.0,2,9.0,2.0,3,4,4,1,11.0,0.0,1.0,3.0,122.77000000000001,3.0,1.0,122.77000000000001,0.941,0,1.9,0,0,1,0,0,0,0,0,1,0,0,1,0,0,1,0,1
1,0.0,1,31.0,3.0,3,1,2,1,24.0,0.0,1.0,1.0,127.94999999999999,1.0,1.0,127.94999999999999,1.012,1,2.4,1,0,1,0,0,0,1,0,0,0,0,1,0,0,0,1,1
0,2.0,1,14.0,3.0,4,1,7,0,14.0,1.0,1.0,3.0,125.32,3.0,1.0,125.32,0.951,1,2.9,0,0,1,0,0,0,0,0,0,0,0,1,0,0,1,0,0
0,17.0,1,14.0,3.0,3,5,2,1,13.0,5.0,7.0,1.0,125.59,1.0,7.0,125.59,3.402,0,3.4,0,0,1,0,0,0,1,0,0,0,0,1,0,0,1,0,1
0,1.0,3,11.0,3.0,3,1,2,0,14.0,0.0,1.0,2.0,149.08,2.0,1.0,149.08,1.063,1,2.4,0,0,1,0,0,1,0,0,0,0,1,0,0,0,0,1,1
1,20.0,1,14.0,2.0,4,1,10,1,14.0,1.0,1.0,0.0,123.80000000000001,0.0,1.0,123.80000000000001,1.095,0,2.4,1,0,0,0,0,0,1,0,0,0,0,1,0,0,1,0,1
0,16.0,1,14.0,2.0,3,4,5,0,21.0,1.0,1.0,0.0,147.65,0.0,1.0,147.65,1.191,0,2.1,0,0,1,0,0,0,1,0,0,0,1,0,0,0,1,0,0
1,9.0,3,8.0,2.0,4,3,2,0,13.0,1.0,1.0,2.0,120.44,2.0,1.0,120.44,0.948,0,2.4,0,0,1,0,0,0,0,0,0,0,0,1,0,0,0,1,0
1,0.0,1,24.0,3.0,3,1,2,0,19.0,1.0,1.0,0.0,126.93,0.0,1.0,126.93,1.108,1,2.6,0,0,1,0,0,0,0,0,1,0,0,1,0,0,0,1,0
0,9.0,1,20.0,3.0,3,1,1,1,17.0,2.0,4.0,11.0,165.86,11.0,4.0,165.86,2.28,0,2.8,1,1,0,0,0,0,1,0,0,0,1,0,0,0,1,0,1
0,20.0,3,8.0,3.0,4,1,2,1,18.0,0.0,1.0,2.0,132.94,2.0,1.0,132.94,0.998,0,2.7,1,0,1,0,0,0,1,0,0,0,0,1,0,0,0,1,0
1,0.0,1,9.0,2.0,3,3,1,1,19.0,1.0,1.0,2.0,141.71,2.0,1.0,141.71,1.034,1,2.1,0,0,1,0,0,0,1,0,0,0,1,0,0,0,1,0,0
1,4.0,1,8.0,3.0,5,1,5,1,13.0,0.0,1.0,0.0,127.78,0.0,1.0,127.78,1.111,0,3.0,1,0,1,0,0,0,1,0,0,0,0,1,0,0,1,0,0
0,1.0,1,14.0,3.0,3,3,6,0,18.0,0.0,2.0,2.0,123.77000000000001,2.0,2.0,123.77000000000001,1.362,1,2.4,0,0,1,0,0,0,0,0,0,0,0,1,0,0,1,0,0
1,2.0,1,14.0,3.0,3,5,8,1,21.0,1.0,2.0,2.0,124.03999999999999,2.0,2.0,124.03999999999999,1.363,1,2.6,0,0,1,0,0,0,0,0,0,0,0,1,0,0,1,0,1
0,0.0,1,14.0,3.0,3,3,2,0,19.0,0.0,1.0,0.0,123.18,0.0,1.0,123.18,1.093,1,2.4,0,0,1,0,0,0,1,0,0,0,0,1,0,0,0,1,0
0,9.0,1,16.0,2.0,3,4,2,0,14.0,1.0,1.0,0.0,120.08000000000001,0.0,1.0,120.08000000000001,1.08,0,2.1,0,1,0,0,0,0,1,0,0,0,0,1,0,0,1,0,1
0,15.0,3,20.0,3.0,4,3,8,0,17.0,1.0,1.0,3.0,162.44,3.0,1.0,162.44,1.1,0,2.9,0,1,0,0,0,1,0,0,0,0,1,0,0,0,0,1,0
0,6.0,1,6.0,3.0,4,5,4,1,11.0,1.0,1.0,2.0,127.99000000000001,2.0,1.0,127.99000000000001,0.979,0,2.9,0,0,1,0,0,0,0,0,1,0,0,1,0,0,0,1,1
0,30.0,1,11.0,2.0,4,4,3,1,13.0,1.0,1.0,4.0,205.52,4.0,1.0,205.52,1.262,0,2.4,0,1,0,0,1,0,0,0,0,0,0,0,0,0,1,0,0
0,4.0,3,14.0,2.0,4,3,4,0,15.0,2.0,5.0,2.0,123.28999999999999,2.0,5.0,123.28999999999999,2.56,0,2.6,0,0,1,0,0,0,1,0,0,0,0,1,0,0,1,0,1
0,8.0,1,27.0,2.0,3,1,2,1,25.0,0.0,1.0,7.0,140.14,7.0,1.0,140.14,0.986,0,1.9,1,0,1,0,0,0,1,0,0,0,1,0,0,0,1,0,0
0,22.0,1,14.0,2.0,3,4,5,0,11.0,0.0,1.0,7.0,174.03,7.0,1.0,174.03,1.121,0,1.9,0,1,0,0,0,0,0,0,1,0,0,0,0,0,1,0,0
0,9.0,1,26.0,2.0,3,3,5,0,17.0,1.0,1.0,0.0,122.59,0.0,1.0,122.59,1.09,0,2.1,0,0,1,0,0,0,0,0,0,0,0,1,0,0,1,0,1
0,4.0,3,26.0,2.0,3,3,2,0,13.0,1.0,1.0,0.0,169.32,0.0,1.0,169.32,1.277,0,2.1,0,0,0,0,0,0,0,1,0,0,1,0,0,0,1,0,0
0,9.0,1,13.0,3.0,3,1,3,0,18.0,1.0,1.0,1.0,146.78,1.0,1.0,146.78,1.087,0,2.6,0,0,1,0,0,0,0,0,1,0,0,0,1,0,0,1,1
0,11.0,1,6.0,3.0,3,5,2,0,13.0,4.0,2.0,11.0,235.82,11.0,2.0,235.82,1.76,0,3.2,0,1,0,0,1,0,0,0,0,0,0,0,0,0,1,0,0
0,5.0,1,14.0,3.0,4,4,7,0,20.0,0.0,1.0,2.0,123.32,2.0,1.0,123.32,0.96,0,2.7,0,0,0,0,0,0,1,0,0,0,0,1,0,0,1,0,0
1,0.0,3,14.0,2.0,4,4,2,1,18.0,0.0,1.0,0.0,124.13,0.0,1.0,124.13,1.097,1,2.2,0,0,1,0,0,0,0,1,0,0,0,1,0,0,1,0,1
0,13.0,3,16.0,3.0,4,4,3,0,12.0,0.0,1.0,0.0,197.05,0.0,1.0,197.05,1.388,0,2.7,0,1,0,0,0,0,0,1,0,0,0,0,0,0,1,0,1
0,0.0,3,6.0,2.0,4,5,2,0,12.0,0.0,1.0,7.0,142.94,7.0,1.0,142.94,0.997,1,2.2,0,0,0,0,0,1,0,0,0,0,1,0,0,0,0,1,1
0,14.0,1,12.0,2.0,3,5,3,1,13.0,1.0,2.0,17.0,147.21,17.0,2.0,147.21,1.4,0,2.1,0,0,1,0,0,1,0,0,0,0,0,0,1,0,0,1,1
0,9.0,1,14.0,3.0,3,3,5,0,21.0,1.0,3.0,9.0,125.19,9.0,3.0,125.19,1.721,0,2.6,0,0,1,0,0,0,0,0,0,0,0,1,0,0,0,1,1
1,9.0,3,27.0,2.0,4,4,2,1,13.0,1.0,1.0,0.0,121.21000000000001,0.0,1.0,121.21000000000001,1.085,0,2.4,0,0,1,0,0,0,0,0,1,0,0,1,0,0,0,1,1
1,0.0,1,10.0,3.0,3,5,2,0,19.0,1.0,1.0,0.0,129.73,0.0,1.0,129.73,1.119,1,2.6,0,0,1,1,0,0,0,0,0,0,0,1,0,0,0,1,1
0,4.0,1,18.0,2.0,3,1,1,1,11.0,6.0,8.0,5.0,158.55,5.0,8.0,158.55,3.868,0,3.1,1,1,0,0,0,1,0,0,0,0,1,0,0,0,1,0,0
0,13.0,1,15.0,2.0,3,4,9,1,14.0,0.0,1.0,0.0,136.17,0.0,1.0,136.17,1.145,0,1.9,0,0,0,0,0,1,0,0,0,0,0,0,1,0,1,0,1
0,5.0,1,9.0,3.0,3,5,2,0,12.0,1.0,6.0,3.0,167.25,3.0,6.0,167.25,3.119,0,2.6,0,1,0,0,0,1,0,0,0,0,1,0,0,0,1,0,0
1,0.0,3,9.0,2.0,4,1,2,1,11.0,3.0,3.0,7.0,203.25,7.0,3.0,203.25,2.038,1,2.8,1,1,0,0,0,0,1,0,0,0,0,0,0,0,1,0,1
0,6.0,1,6.0,2.0,4,1,1,0,14.0,1.0,1.0,4.0,169.49,4.0,1.0,169.49,1.118,0,2.4,0,1,0,0,0,0,1,0,0,0,1,0,0,0,0,1,0
1,0.0,3,6.0,2.0,4,3,6,0,11.0,5.0,11.0,46.0,206.08999999999997,46.0,11.0,206.08999999999997,5.229,1,3.2,0,1,0,0,0,0,1,0,0,0,0,0,0,0,1,0,1
0,18.0,1,10.0,2.0,3,4,2,0,12.0,1.0,1.0,8.0,144.47,8.0,1.0,144.47,1.0,0,2.1,0,0,0,0,0,0,1,0,0,0,1,0,0,0,1,0,1
0,9.0,3,26.0,2.0,3,1,2,0,15.0,0.0,1.0,2.0,121.57,2.0,1.0,121.57,0.953,0,1.9,0,0,0,0,1,0,0,0,0,0,0,1,0,0,1,0,0
0,8.0,3,24.0,2.0,3,3,2,0,16.0,1.0,1.0,0.0,146.01,0.0,1.0,146.01,1.184,0,2.1,0,0,1,0,0,1,0,0,0,0,1,0,0,0,1,0,0
0,25.0,1,6.0,3.0,3,1,3,0,15.0,1.0,7.0,8.0,270.99,8.0,7.0,270.99,3.906,0,2.6,0,1,0,0,0,0,1,0,0,1,0,0,0,0,1,0,1
1,20.0,1,14.0,2.0,3,3,5,0,24.0,0.0,1.0,0.0,124.78999999999999,0.0,1.0,124.78999999999999,1.099,0,1.9,0,0,1,1,0,0,0,0,0,0,0,1,0,0,0,1,1
0,26.0,3,8.0,2.0,3,3,7,0,13.0,11.0,2.0,2.0,248.51999999999998,2.0,2.0,248.51999999999998,1.861,0,4.1,0,1,0,0,0,1,0,0,0,1,0,0,0,0,1,0,1
0,3.0,3,14.0,3.0,3,3,6,0,11.0,2.0,7.0,7.0,172.64,7.0,7.0,172.64,3.516,0,2.8,0,1,0,0,0,0,0,0,1,0,0,0,0,0,1,0,1
0,11.0,3,16.0,2.0,3,1,2,1,13.0,1.0,1.0,3.0,156.66,3.0,1.0,156.66,1.077,0,2.1,1,0,0,1,0,0,0,0,0,0,1,0,0,0,0,1,0
0,8.0,3,9.0,3.0,3,1,7,0,13.0,0.0,1.0,8.0,178.23,8.0,1.0,178.23,1.135,0,2.4,0,1,0,0,0,0,1,0,0,0,0,0,0,0,1,0,1
0,12.0,3,8.0,2.0,1,3,1,0,18.0,0.0,1.0,7.0,178.8,7.0,1.0,178.8,1.14,0,1.3,0,1,0,0,0,0,1,0,0,0,0,0,0,0,0,1,1
1,3.0,3,30.0,3.0,1,4,5,1,16.0,1.0,2.0,0.0,231.94,0.0,2.0,231.94,1.928,0,2.0,0,0,0,0,0,0,1,0,0,1,0,0,0,0,0,1,0
0,20.0,1,22.0,3.0,1,3,2,1,19.0,1.0,2.0,7.0,150.67,7.0,2.0,150.67,1.428,0,2.0,0,0,0,0,0,1,0,0,0,0,1,0,0,0,1,0,1
0,9.0,3,14.0,2.0,3,1,5,0,13.0,1.0,1.0,7.0,150.79,7.0,1.0,150.79,1.028,0,2.1,0,0,0,1,0,0,0,0,0,0,1,0,0,0,1,0,1
1,0.0,1,14.0,2.0,4,5,1,1,22.0,0.0,1.0,2.0,123.21000000000001,2.0,1.0,123.21000000000001,0.96,1,2.2,0,0,0,0,0,0,0,0,0,0,0,1,0,0,0,1,1
0,6.0,3,23.0,2.0,3,3,2,0,11.0,1.0,6.0,0.0,274.44,0.0,6.0,274.44,3.698,0,2.1,0,0,0,0,0,0,1,0,0,1,0,0,0,0,0,1,1
1,0.0,1,14.0,3.0,4,5,7,1,20.0,1.0,1.0,0.0,124.03999999999999,0.0,1.0,124.03999999999999,1.096,1,2.9,0,0,1,0,0,0,1,0,0,0,0,1,0,0,0,1,0
0,6.0,1,19.0,2.0,3,1,4,0,18.0,1.0,1.0,2.0,134.52,2.0,1.0,134.52,1.005,0,2.1,0,0,1,0,0,0,1,0,0,0,0,1,0,0,0,1,0
0,9.0,1,6.0,3.0,3,1,4,0,14.0,1.0,1.0,2.0,122.69999999999999,2.0,1.0,122.69999999999999,0.957,0,2.6,0,0,1,0,0,0,0,0,0,0,0,1,0,0,1,0,0
0,23.0,1,6.0,3.0,3,1,10,0,22.0,1.0,1.0,3.0,273.99,3.0,1.0,273.99,1.546,0,2.6,0,1,0,0,0,1,0,0,0,1,0,0,0,0,1,0,1
0,6.0,1,6.0,2.0,1,4,2,1,13.0,1.0,1.0,2.0,154.88,2.0,1.0,154.88,1.086,0,1.5,0,0,0,0,0,0,0,0,1,0,1,0,0,0,1,0,0
0,14.0,1,15.0,3.0,3,3,3,0,15.0,0.0,1.0,11.0,294.19,11.0,1.0,294.19,1.593,0,2.4,0,0,0,0,0,1,0,0,0,0,0,0,0,1,1,0,1
0,0.0,1,22.0,3.0,3,4,10,0,14.0,2.0,2.0,2.0,128.11,2.0,2.0,128.11,1.379,1,2.8,0,0,1,1,0,0,0,0,0,0,0,1,0,0,1,0,0
0,18.0,1,29.0,2.0,3,5,2,1,15.0,1.0,1.0,8.0,136.33,8.0,1.0,136.33,0.968,0,2.1,0,0,0,0,0,0,1,0,0,0,1,0,0,0,1,0,1
0,20.0,3,10.0,2.0,3,1,2,1,17.0,1.0,1.0,7.0,141.63,7.0,1.0,141.63,0.992,0,2.1,1,0,1,0,0,0,1,0,0,0,1,0,0,0,0,1,0
1,9.0,1,28.0,2.0,3,3,5,1,11.0,0.0,1.0,1.0,121.32,1.0,1.0,121.32,0.985,0,1.9,0,0,1,0,0,0,1,0,0,0,0,1,0,0,1,0,0
0,23.0,1,30.0,3.0,3,3,4,1,18.0,1.0,2.0,5.0,239.73000000000002,5.0,2.0,239.73000000000002,1.792,0,2.6,0,1,0,0,0,0,1,0,0,1,0,0,0,0,1,0,1
0,11.0,1,16.0,3.0,3,3,1,0,17.0,0.0,1.0,2.0,126.84,2.0,1.0,126.84,0.974,0,2.4,0,0,0,0,0,0,0,0,0,0,0,1,0,0,1,0,1
0,19.0,1,13.0,3.0,3,3,7,0,13.0,1.0,1.0,7.0,208.45,7.0,1.0,208.45,1.259,0,2.6,0,1,0,0,0,1,0,0,0,0,0,0,0,0,1,0,1
0,0.0,1,23.0,2.0,4,3,2,0,15.0,0.0,3.0,2.0,143.77,2.0,3.0,143.77,1.842,1,2.2,0,0,1,0,0,1,0,0,0,0,1,0,0,0,1,0,0
1,0.0,1,20.0,2.0,4,4,2,1,24.0,1.0,1.0,2.0,137.43,2.0,1.0,137.43,1.016,1,2.4,0,0,1,0,0,0,0,0,1,0,0,0,1,0,1,0,1
0,4.0,1,6.0,3.0,3,5,2,0,12.0,1.0,1.0,3.0,141.48,3.0,1.0,141.48,1.016,0,2.6,0,0,0,0,0,0,1,0,0,0,1,0,0,0,1,0,0
0,0.0,1,11.0,3.0,3,1,2,0,15.0,0.0,1.0,0.0,110.50999999999999,0.0,1.0,110.50999999999999,1.042,1,2.4,0,0,0,0,0,0,1,0,0,0,0,0,1,0,0,1,1
0,27.0,1,23.0,2.0,3,3,9,0,11.0,0.0,1.0,8.0,207.39,8.0,1.0,207.39,1.252,0,1.9,0,1,0,0,1,0,0,0,0,0,0,0,0,0,1,0,0
0,8.0,1,31.0,2.0,3,3,2,1,11.0,0.0,10.0,1.0,203.88,1.0,10.0,203.88,4.916,0,1.9,0,1,0,0,0,1,0,0,0,0,0,0,0,0,1,0,0
0,3.0,1,14.0,3.0,1,5,1,1,12.0,0.0,1.0,3.0,214.16000000000003,3.0,1.0,214.16000000000003,1.307,0,1.8,0,1,0,0,0,0,1,0,0,0,0,0,0,0,1,0,0
1,0.0,1,14.0,3.0,4,5,2,1,15.0,1.0,1.0,0.0,126.0,0.0,1.0,126.0,1.104,1,2.9,0,0,1,0,0,0,0,0,0,0,0,1,0,0,0,1,0
1,0.0,1,14.0,2.0,3,4,1,0,17.0,0.0,1.0,2.0,124.22,2.0,1.0,124.22,0.964,1,1.9,0,0,0,0,0,0,0,0,0,0,0,1,0,0,0,1,0
0,0.0,1,8.0,2.0,1,1,2,0,12.0,1.0,1.0,3.0,154.72,3.0,1.0,154.72,1.069,1,1.5,0,1,0,0,0,1,0,0,0,0,1,0,0,0,1,0,1
0,0.0,1,14.0,3.0,5,5,2,0,15.0,0.0,1.0,1.0,124.50999999999999,1.0,1.0,124.50999999999999,0.998,1,3.0,0,0,1,0,0,0,1,0,0,0,0,1,0,0,1,0,1
0,21.0,1,12.0,3.0,4,3,3,0,13.0,0.0,2.0,2.0,142.4,2.0,2.0,142.4,1.436,0,2.7,0,0,1,0,0,0,1,0,0,0,1,0,0,0,0,1,1
0,21.0,1,10.0,3.0,4,3,8,0,14.0,1.0,4.0,3.0,209.99,3.0,4.0,209.99,2.49,0,2.9,0,1,0,0,0,0,1,0,0,0,0,0,0,0,0,1,1
0,14.0,1,13.0,2.0,3,3,7,0,14.0,2.0,2.0,1.0,150.03,1.0,2.0,150.03,1.5,0,2.3,0,1,0,0,0,1,0,0,0,0,1,0,0,0,0,1,0
0,12.0,1,6.0,3.0,4,1,2,0,16.0,9.0,11.0,3.0,227.42000000000002,3.0,11.0,227.42000000000002,5.36,0,4.5,0,1,0,0,0,0,1,0,0,1,0,0,0,0,1,0,0
0,0.0,1,8.0,2.0,3,1,1,0,18.0,2.0,2.0,2.0,142.27,2.0,2.0,142.27,1.436,1,2.3,0,0,1,0,0,0,1,0,0,0,1,0,0,0,1,0,0
0,8.0,1,16.0,2.0,3,1,2,0,20.0,0.0,1.0,2.0,139.17,2.0,1.0,139.17,1.023,0,1.9,0,0,1,0,0,0,0,0,1,0,0,0,1,0,1,0,1
0,0.0,3,11.0,2.0,3,3,7,0,13.0,1.0,1.0,0.0,283.03,0.0,1.0,283.03,1.732,1,2.1,0,1,0,0,0,0,0,1,0,0,0,0,0,1,1,0,1
0,23.0,1,14.0,3.0,3,1,5,0,18.0,1.0,1.0,0.0,123.80000000000001,0.0,1.0,123.80000000000001,1.095,0,2.6,0,0,1,0,0,0,1,0,0,0,0,1,0,0,1,0,1
0,30.0,1,8.0,3.0,4,1,4,1,13.0,4.0,2.0,3.0,237.26,3.0,2.0,237.26,1.799,0,3.5,1,1,0,0,0,0,1,0,0,1,0,0,0,0,0,1,0
1,0.0,1,17.0,3.0,5,4,6,0,15.0,1.0,1.0,0.0,147.77,0.0,1.0,147.77,1.191,1,3.2,0,0,1,0,0,1,0,0,0,0,1,0,0,0,1,0,0
0,28.0,1,24.0,3.0,3,4,4,1,14.0,2.0,6.0,7.0,163.85,7.0,6.0,163.85,3.08,0,2.8,0,0,0,0,0,1,0,0,0,0,1,0,0,0,1,0,1
0,14.0,1,13.0,2.0,5,3,2,0,15.0,5.0,5.0,10.0,299.73,10.0,5.0,299.73,3.217,0,3.5,0,0,0,0,0,0,1,0,0,0,0,0,0,1,1,0,0
0,11.0,3,9.0,2.0,3,1,9,1,12.0,1.0,1.0,0.0,168.61,0.0,1.0,168.61,1.274,0,2.1,1,1,0,0,0,0,1,0,0,0,1,0,0,0,0,1,1
1,0.0,3,35.0,3.0,5,5,9,0,18.0,1.0,2.0,2.0,149.69,2.0,2.0,149.69,1.465,1,3.2,0,0,0,0,0,1,0,0,0,0,1,0,0,0,0,1,1
1,15.0,3,8.0,2.0,5,1,2,0,15.0,3.0,6.0,9.0,298.45,9.0,6.0,298.45,3.614,0,3.1,0,1,0,0,0,0,0,1,0,0,0,0,0,1,1,0,0
0,17.0,3,34.0,2.0,1,1,4,1,18.0,4.0,2.0,11.0,233.2,11.0,2.0,233.2,1.749,0,2.1,1,1,0,0,0,1,0,0,0,1,0,0,0,0,1,0,0
0,23.0,3,6.0,3.0,3,3,1,0,12.0,0.0,1.0,13.0,163.47,13.0,1.0,163.47,1.068,0,2.4,0,0,0,0,0,0,1,0,0,0,1,0,0,0,1,0,0
1,0.0,1,22.0,3.0,1,5,2,0,16.0,3.0,15.0,14.0,127.43,14.0,15.0,127.43,6.523,1,2.4,0,0,1,0,0,0,1,0,0,0,0,1,0,0,0,1,0
0,12.0,1,28.0,2.0,3,5,2,1,13.0,1.0,2.0,8.0,208.8,8.0,2.0,208.8,1.657,0,2.1,0,0,0,0,0,1,0,0,0,0,0,0,0,0,0,1,0
0,6.0,3,14.0,2.0,4,1,1,0,19.0,0.0,2.0,2.0,123.41999999999999,2.0,2.0,123.41999999999999,1.36,0,2.2,0,0,0,0,0,0,1,0,0,0,0,1,0,0,0,1,0
0,18.0,3,17.0,2.0,3,1,4,0,13.0,1.0,1.0,1.0,276.5,1.0,1.0,276.5,1.606,0,2.1,0,1,0,0,0,0,1,0,0,1,0,0,0,0,1,0,0
0,5.0,1,35.0,3.0,3,3,10,0,12.0,6.0,7.0,7.0,140.25,7.0,7.0,140.25,3.386,0,3.6,0,0,0,0,0,1,0,0,0,0,0,0,1,0,0,1,0
0,7.0,3,6.0,3.0,1,1,1,0,11.0,0.0,1.0,9.0,197.25,9.0,1.0,197.25,1.209,0,1.8,0,1,0,0,0,0,0,1,0,0,1,0,0,0,1,0,1
0,30.0,3,6.0,3.0,3,1,4,1,14.0,1.0,1.0,3.0,219.04000000000002,3.0,1.0,219.04000000000002,1.326,0,2.6,1,1,0,0,1,0,0,0,0,0,0,0,0,0,1,0,1
0,9.0,2,30.0,2.0,3,4,2,0,16.0,0.0,1.0,4.0,121.77000000000001,4.0,1.0,121.77000000000001,0.927,0,1.9,0,0,1,0,0,0,0,0,0,0,0,1,0,0,0,1,1
0,26.0,3,8.0,2.0,4,4,3,0,12.0,5.0,6.0,12.0,175.25,12.0,6.0,175.25,3.116,0,3.2,0,0,0,0,0,0,0,1,0,0,0,0,0,0,1,0,0
1,0.0,1,21.0,2.0,3,3,8,0,14.0,0.0,1.0,0.0,148.34,0.0,1.0,148.34,1.193,1,1.9,0,0,1,0,0,0,0,0,1,0,1,0,0,0,1,0,1
1,9.0,1,8.0,2.0,3,5,7,1,14.0,0.0,1.0,2.0,120.41999999999999,2.0,1.0,120.41999999999999,0.948,0,1.9,0,0,0,0,0,0,1,0,0,0,0,1,0,0,1,0,1
0,9.0,3,16.0,2.0,3,3,2,1,19.0,0.0,1.0,0.0,122.19999999999999,0.0,1.0,122.19999999999999,1.089,0,1.9,0,0,1,0,0,0,1,0,0,0,0,1,0,0,1,0,0
0,1.0,3,16.0,3.0,3,4,2,0,22.0,0.0,1.0,0.0,110.52000000000001,0.0,1.0,110.52000000000001,1.042,1,2.4,0,1,0,0,0,1,0,0,0,0,0,0,1,0,1,0,1
0,11.0,1,9.0,3.0,3,3,4,0,16.0,2.0,2.0,2.0,128.21,2.0,2.0,128.21,1.38,0,2.8,0,0,0,0,0,0,0,0,1,0,0,1,0,0,1,0,1
0,23.0,1,8.0,3.0,3,3,3,1,15.0,4.0,7.0,7.0,292.37,7.0,7.0,292.37,3.994,0,3.2,0,1,0,0,0,1,0,0,0,0,0,0,0,1,1,0,1
0,10.0,1,9.0,2.0,3,4,4,0,15.0,1.0,1.0,1.0,141.07,1.0,1.0,141.07,1.064,0,2.1,0,0,1,0,0,0,0,0,1,0,1,0,0,0,0,1,0
0,13.0,3,32.0,3.0,3,5,2,0,14.0,3.0,7.0,5.0,183.96,5.0,7.0,183.96,3.569,0,3.0,0,1,0,0,0,0,0,1,0,0,1,0,0,0,1,0,1
0,9.0,1,6.0,3.0,4,3,2,0,13.0,0.0,1.0,3.0,120.07,3.0,1.0,120.07,0.93,0,2.7,0,0,0,0,0,0,0,0,0,0,0,1,0,0,1,0,0
0,19.0,1,6.0,2.0,3,1,10,0,15.0,1.0,2.0,2.0,296.27,2.0,2.0,296.27,2.052,0,2.1,0,1,0,0,0,1,0,0,0,0,0,0,0,1,1,0,1
0,27.0,3,8.0,2.0,4,3,7,0,11.0,6.0,7.0,0.0,206.86,0.0,7.0,206.86,3.827,0,3.4,0,1,0,0,0,0,1,0,0,0,0,0,0,0,1,0,0
0,29.0,1,15.0,3.0,3,3,3,0,19.0,1.0,1.0,3.0,129.42,3.0,1.0,129.42,0.968,0,2.6,0,0,0,0,0,0,0,0,0,0,0,1,0,0,1,0,0
0,9.0,1,18.0,2.0,4,1,1,0,11.0,5.0,7.0,8.0,188.58,8.0,7.0,188.58,3.577,0,3.2,0,1,0,0,0,1,0,0,0,0,0,0,0,0,0,1,0
0,28.0,1,8.0,2.0,4,5,8,0,15.0,1.0,6.0,2.0,267.56,2.0,6.0,267.56,3.537,0,2.4,0,0,0,0,0,1,0,0,0,1,0,0,0,0,0,1,1
0,16.0,3,31.0,3.0,4,1,6,0,13.0,1.0,1.0,0.0,207.98000000000002,0.0,1.0,207.98000000000002,1.432,0,2.9,0,1,0,0,0,1,0,0,0,0,0,0,0,0,1,0,1
1,0.0,3,14.0,2.0,3,1,2,1,14.0,1.0,1.0,2.0,123.22999999999999,2.0,1.0,123.22999999999999,0.96,1,2.1,1,0,0,0,0,0,0,1,0,0,0,1,0,0,0,1,0
1,9.0,1,16.0,2.0,4,5,2,0,13.0,0.0,1.0,0.0,114.16,0.0,1.0,114.16,1.057,0,2.2,0,1,0,0,0,0,1,0,0,0,0,0,1,0,0,1,0
0,19.0,1,14.0,3.0,4,5,9,1,23.0,1.0,1.0,7.0,146.15,7.0,1.0,146.15,1.01,0,2.9,0,0,1,0,0,0,1,0,0,0,1,0,0,0,1,0,0
1,14.0,1,14.0,2.0,3,3,10,1,12.0,0.0,2.0,7.0,124.61000000000001,7.0,2.0,124.61000000000001,1.323,0,1.9,0,0,1,0,0,0,1,0,0,0,0,1,0,0,1,0,1
1,0.0,1,30.0,3.0,4,5,2,0,12.0,1.0,1.0,9.0,187.22,9.0,1.0,187.22,1.169,1,2.9,0,0,0,1,0,0,0,0,0,0,0,0,0,0,0,1,1
0,0.0,1,6.0,2.0,4,5,2,0,16.0,1.0,1.0,3.0,139.55,3.0,1.0,139.55,1.008,1,2.4,0,0,1,0,0,1,0,0,0,0,0,0,1,0,1,0,1
0,3.0,1,26.0,2.0,3,5,1,0,15.0,0.0,1.0,2.0,199.57,2.0,1.0,199.57,1.265,0,1.9,0,1,0,0,0,0,0,0,1,0,1,0,0,0,1,0,1
0,14.0,1,13.0,2.0,1,3,2,0,13.0,0.0,1.0,8.0,133.76,8.0,1.0,133.76,0.957,0,1.3,0,0,1,1,0,0,0,0,0,0,0,1,0,0,1,0,0
0,11.0,1,23.0,3.0,4,3,1,0,18.0,1.0,1.0,9.0,188.23,9.0,1.0,188.23,1.173,0,2.9,0,1,0,0,0,0,1,0,0,0,0,0,0,0,1,0,0
0,13.0,1,26.0,3.0,3,1,5,0,20.0,3.0,11.0,1.0,203.22,1.0,11.0,203.22,5.313,0,3.0,0,1,0,0,1,0,0,0,0,0,0,0,0,0,1,0,1
0,0.0,1,14.0,2.0,5,3,2,0,19.0,1.0,1.0,2.0,146.21,2.0,1.0,146.21,1.052,1,2.7,0,0,0,0,0,0,1,0,0,0,0,0,1,0,1,0,1
0,28.0,1,8.0,3.0,3,4,4,0,18.0,0.0,1.0,3.0,209.76,3.0,1.0,209.76,1.289,0,2.4,0,0,0,0,0,0,1,0,0,0,0,0,0,0,1,0,1
0,1.0,1,16.0,2.0,3,3,4,0,13.0,0.0,1.0,7.0,136.6,7.0,1.0,136.6,0.971,1,1.9,0,0,1,0,0,0,0,0,1,0,1,0,0,0,0,1,0
1,7.0,2,6.0,3.0,4,5,10,0,14.0,2.0,3.0,6.0,204.82,6.0,3.0,204.82,2.048,0,3.1,0,1,0,0,0,1,0,0,0,0,0,0,0,0,1,0,1
0,6.0,1,11.0,2.0,4,1,5,0,15.0,1.0,1.0,2.0,171.19,2.0,1.0,171.19,1.151,0,2.4,0,1,0,0,0,0,1,0,0,0,0,0,0,0,1,0,1
1,0.0,3,10.0,2.0,3,5,1,1,22.0,2.0,4.0,7.0,195.82,7.0,4.0,195.82,2.408,1,2.3,0,1,0,0,1,0,0,0,0,0,0,0,0,0,0,1,1
1,0.0,1,35.0,2.0,4,3,2,0,22.0,2.0,3.0,8.0,145.08,8.0,3.0,145.08,1.803,1,2.6,0,0,0,0,0,1,0,0,0,0,1,0,0,0,0,1,0
0,9.0,1,21.0,2.0,3,3,2,0,16.0,0.0,2.0,2.0,122.07,2.0,2.0,122.07,1.355,0,1.9,0,0,1,0,0,0,1,0,0,0,0,1,0,0,1,0,1
0,7.0,1,9.0,2.0,3,1,1,0,17.0,1.0,1.0,4.0,177.56,4.0,1.0,177.56,1.15,0,2.1,0,0,0,0,0,0,1,0,0,0,1,0,0,0,0,1,1
0,10.0,3,16.0,2.0,4,1,3,1,14.0,1.0,1.0,0.0,166.94,0.0,1.0,166.94,1.268,0,2.4,1,1,0,0,0,0,1,0,0,0,1,0,0,0,1,0,0
1,0.0,1,10.0,2.0,3,1,2,1,15.0,4.0,5.0,6.0,136.91,6.0,5.0,136.91,2.576,1,2.7,1,0,1,1,0,0,0,0,0,0,0,0,1,0,1,0,1
1,0.0,1,14.0,2.0,3,3,2,0,20.0,1.0,1.0,0.0,123.77000000000001,0.0,1.0,123.77000000000001,1.095,1,2.1,0,0,1,0,0,0,0,0,0,0,0,1,0,0,1,0,1
1,0.0,1,31.0,2.0,4,4,5,1,20.0,1.0,2.0,2.0,123.13,2.0,2.0,123.13,1.359,1,2.4,0,0,1,0,0,0,0,0,0,0,0,1,0,0,0,1,1
0,15.0,1,8.0,2.0,3,5,1,0,17.0,1.0,13.0,7.0,276.65,7.0,13.0,276.65,6.332,0,2.1,0,1,0,0,0,1,0,0,0,1,0,0,0,0,1,0,1
1,0.0,1,14.0,2.0,4,4,2,0,15.0,1.0,1.0,0.0,125.96000000000001,0.0,1.0,125.96000000000001,1.104,1,2.4,0,0,0,0,0,0,0,0,0,0,0,1,0,0,1,0,1
1,13.0,3,6.0,2.0,3,3,4,1,14.0,1.0,1.0,0.0,147.28,0.0,1.0,147.28,1.189,0,2.1,0,0,0,0,0,0,0,0,1,0,1,0,0,0,0,1,1
0,6.0,3,13.0,1.0,3,4,1,0,17.0,0.0,1.0,2.0,143.02,2.0,1.0,143.02,1.039,0,1.4,0,0,0,0,0,0,1,0,0,0,1,0,0,0,1,0,0
0,7.0,1,9.0,3.0,4,1,4,0,17.0,0.0,1.0,0.0,129.79,0.0,1.0,129.79,1.119,0,2.7,0,0,0,0,0,0,1,0,0,0,0,1,0,0,1,0,1
0,21.0,1,6.0,2.0,1,1,3,0,22.0,1.0,2.0,1.0,268.85,1.0,2.0,268.85,1.975,0,1.5,0,0,0,0,0,1,0,0,0,1,0,0,0,0,0,1,1
0,18.0,3,15.0,3.0,4,3,2,0,13.0,4.0,4.0,12.0,155.93,12.0,4.0,155.93,2.239,0,3.5,0,0,0,0,0,0,1,0,0,0,1,0,0,0,1,0,0
0,25.0,1,5.0,2.0,3,4,8,0,19.0,2.0,4.0,0.0,204.45,0.0,4.0,204.45,2.618,0,2.3,0,1,0,0,0,0,1,0,0,0,0,0,0,0,0,1,1
0,11.0,3,16.0,3.0,4,3,1,1,14.0,1.0,2.0,7.0,187.4,7.0,2.0,187.4,1.575,0,2.9,0,1,0,0,0,0,0,1,0,0,0,0,0,0,1,0,1
0,2.0,1,14.0,3.0,3,1,5,0,22.0,1.0,1.0,7.0,125.13999999999999,7.0,1.0,125.13999999999999,0.926,1,2.6,0,0,1,0,0,0,1,0,0,0,0,1,0,0,1,0,0
0,1.0,1,9.0,3.0,3,4,1,0,17.0,0.0,1.0,7.0,176.55,7.0,1.0,176.55,1.131,1,2.4,0,1,0,0,0,1,0,0,0,0,0,0,0,0,1,0,0
0,19.0,3,9.0,2.0,3,3,4,0,12.0,1.0,4.0,9.0,274.65,9.0,4.0,274.65,2.719,0,2.1,0,1,0,0,0,0,0,1,0,1,0,0,0,0,1,0,1
0,11.0,3,8.0,2.0,3,4,8,0,16.0,1.0,1.0,0.0,173.51,0.0,1.0,173.51,1.294,0,2.1,0,1,0,0,0,0,0,1,0,0,0,0,0,0,0,1,1
0,16.0,1,33.0,2.0,3,5,9,0,11.0,1.0,1.0,1.0,208.2,1.0,1.0,208.2,1.333,0,2.1,0,0,0,0,0,0,1,0,0,0,0,0,0,0,1,0,0
1,2.0,1,8.0,2.0,3,1,8,0,11.0,10.0,11.0,3.0,221.69,3.0,11.0,221.69,5.337,1,3.9,0,0,0,0,0,0,1,0,0,1,0,0,0,0,1,0,1
0,13.0,1,20.0,2.0,4,3,2,0,15.0,3.0,4.0,9.0,296.26,9.0,4.0,296.26,2.805,0,2.8,0,1,0,0,0,1,0,0,0,0,0,0,0,1,0,1,1
0,9.0,1,6.0,3.0,4,4,2,1,11.0,1.0,2.0,2.0,120.69999999999999,2.0,2.0,120.69999999999999,1.349,0,2.9,0,0,1,0,1,0,0,0,0,0,0,1,0,0,0,1,0
0,12.0,1,15.0,3.0,3,4,10,0,15.0,1.0,1.0,3.0,167.82,3.0,1.0,167.82,1.121,0,2.6,0,0,0,0,0,0,1,0,0,0,1,0,0,0,0,1,1
0,9.0,1,24.0,3.0,3,1,3,0,20.0,0.0,1.0,9.0,177.79,9.0,1.0,177.79,1.131,0,2.4,0,0,0,0,0,0,1,0,0,0,1,0,0,0,0,1,1
0,4.0,3,26.0,3.0,1,1,1,0,12.0,2.0,2.0,2.0,127.91,2.0,2.0,127.91,1.378,0,2.2,0,0,0,0,0,0,1,0,0,0,0,1,0,0,1,0,1
0,1.0,1,8.0,3.0,4,4,1,0,17.0,0.0,1.0,4.0,132.01,4.0,1.0,132.01,0.968,1,2.7,0,0,1,0,0,0,1,0,0,0,0,1,0,0,1,0,1
0,8.0,3,17.0,2.0,3,1,2,0,11.0,1.0,1.0,2.0,149.68,2.0,1.0,149.68,1.065,0,2.1,0,0,0,0,0,0,0,1,0,0,1,0,0,0,1,0,1
0,22.0,3,14.0,2.0,4,4,7,0,17.0,1.0,2.0,3.0,231.2,3.0,2.0,231.2,1.775,0,2.4,0,1,0,0,1,0,0,0,0,1,0,0,0,0,1,0,1
0,7.0,1,8.0,3.0,3,3,3,0,11.0,1.0,1.0,2.0,140.33,2.0,1.0,140.33,1.028,0,2.6,0,0,0,0,0,0,1,0,0,0,1,0,0,0,0,1,1
0,2.0,1,16.0,3.0,3,4,1,0,14.0,0.0,1.0,1.0,132.91,1.0,1.0,132.91,1.032,1,2.4,0,0,0,0,0,0,1,0,0,0,0,1,0,0,1,0,0
0,15.0,1,35.0,2.0,5,1,5,0,19.0,1.0,1.0,0.0,142.72,0.0,1.0,142.72,1.171,0,2.7,0,0,1,0,0,1,0,0,0,0,1,0,0,0,0,1,1
0,2.0,1,14.0,3.0,4,1,2,1,15.0,1.0,1.0,2.0,150.56,2.0,1.0,150.56,1.069,1,2.9,1,1,0,0,0,1,0,0,0,0,1,0,0,0,1,0,1
0,11.0,2,6.0,3.0,1,3,2,0,13.0,3.0,5.0,0.0,128.44,0.0,5.0,128.44,2.714,0,2.4,0,0,1,0,0,0,0,0,1,0,0,1,0,0,1,0,1
0,1.0,1,12.0,3.0,4,3,2,1,14.0,1.0,1.0,2.0,127.03,2.0,1.0,127.03,0.975,1,2.9,0,0,0,0,0,0,1,0,0,0,0,1,0,0,1,0,1
1,9.0,1,14.0,3.0,3,3,2,0,12.0,1.0,1.0,0.0,119.03999999999999,0.0,1.0,119.03999999999999,1.076,0,2.6,0,0,0,0,0,0,0,0,0,0,0,1,0,0,0,1,1
1,0.0,3,15.0,3.0,3,5,4,1,17.0,0.0,1.0,3.0,182.24,3.0,1.0,182.24,1.179,1,2.4,0,1,0,0,0,0,0,1,0,0,1,0,0,0,0,1,0
0,14.0,1,18.0,2.0,3,1,4,1,11.0,1.0,1.0,0.0,147.66,0.0,1.0,147.66,1.191,0,2.1,1,0,1,0,0,0,1,0,0,0,0,0,1,0,1,0,1
1,0.0,1,14.0,3.0,3,3,2,0,12.0,1.0,2.0,2.0,126.1,2.0,2.0,126.1,1.371,1,2.6,0,0,0,0,0,0,0,0,0,0,0,1,0,0,1,0,1
0,10.0,1,31.0,2.0,4,1,8,0,13.0,1.0,1.0,3.0,157.31,3.0,1.0,157.31,1.079,0,2.4,0,1,0,0,0,1,0,0,0,0,1,0,0,0,1,0,0
0,0.0,1,14.0,2.0,4,3,2,0,13.0,1.0,2.0,2.0,125.38999999999999,2.0,2.0,125.38999999999999,1.368,1,2.4,0,0,1,0,0,0,1,0,0,0,0,1,0,0,1,0,1
0,7.0,3,15.0,3.0,3,3,2,0,20.0,0.0,1.0,3.0,157.14,3.0,1.0,157.14,1.079,0,2.4,0,1,0,0,0,0,1,0,0,0,1,0,0,0,1,0,0
0,8.0,2,14.0,3.0,3,3,2,0,17.0,0.0,1.0,4.0,143.23,4.0,1.0,143.23,1.013,0,2.4,0,0,1,1,0,0,0,0,0,0,0,0,1,0,0,1,1
1,0.0,3,29.0,2.0,4,5,2,0,13.0,1.0,3.0,10.0,173.36,10.0,3.0,173.36,1.912,1,2.4,0,1,0,0,0,0,1,0,0,0,0,0,0,0,1,0,0
0,13.0,1,15.0,2.0,3,3,10,0,17.0,1.0,2.0,13.0,234.99,13.0,2.0,234.99,1.754,0,2.1,0,0,0,0,0,1,0,0,0,0,0,0,0,0,0,1,0
1,5.0,3,18.0,2.0,3,5,1,1,12.0,2.0,2.0,14.0,237.57999999999998,14.0,2.0,237.57999999999998,1.764,0,2.3,0,0,0,0,0,0,1,0,0,1,0,0,0,0,0,1,1
0,15.0,3,10.0,2.0,3,5,8,0,13.0,1.0,1.0,5.0,151.55,5.0,1.0,151.55,1.04,0,2.1,0,1,0,0,0,0,0,1,0,0,1,0,0,0,0,1,1
0,9.0,1,6.0,2.0,4,3,7,0,12.0,1.0,1.0,7.0,122.58000000000001,7.0,1.0,122.58000000000001,0.915,0,2.4,0,0,1,0,0,0,0,0,0,0,0,1,0,0,1,0,1
0,0.0,1,30.0,2.0,3,4,9,0,22.0,0.0,1.0,2.0,135.97,2.0,1.0,135.97,1.011,1,1.9,0,0,1,0,0,1,0,0,0,0,0,0,1,0,0,1,1
1,0.0,1,14.0,3.0,3,1,2,1,11.0,1.0,1.0,0.0,125.15,0.0,1.0,125.15,1.101,1,2.6,1,0,1,0,0,0,1,0,0,0,0,1,0,0,1,0,0
0,0.0,1,9.0,2.0,1,1,2,0,22.0,1.0,1.0,7.0,144.2,7.0,1.0,144.2,1.002,1,1.5,0,0,1,0,0,1,0,0,0,0,0,0,1,0,1,0,1
0,3.0,3,16.0,3.0,4,3,2,0,18.0,0.0,1.0,4.0,165.78,4.0,1.0,165.78,1.103,0,2.7,0,1,0,0,0,0,0,1,0,0,1,0,0,0,1,0,1
0,13.0,1,32.0,3.0,4,1,4,1,13.0,0.0,1.0,0.0,144.22,0.0,1.0,144.22,1.177,0,2.7,1,0,0,0,0,1,0,0,0,0,1,0,0,0,1,0,0
0,8.0,1,8.0,2.0,4,4,3,0,18.0,2.0,6.0,4.0,202.74,4.0,6.0,202.74,3.251,0,2.6,0,1,0,0,0,0,1,0,0,0,0,0,0,0,1,0,1
0,7.0,1,7.0,3.0,4,5,1,0,20.0,0.0,4.0,9.0,153.43,9.0,4.0,153.43,2.234,0,2.7,0,0,0,0,0,1,0,0,0,0,1,0,0,0,0,1,1
0,8.0,1,14.0,2.0,4,1,2,0,13.0,1.0,2.0,2.0,123.75999999999999,2.0,2.0,123.75999999999999,1.362,0,2.4,0,0,0,0,0,0,0,0,1,0,0,1,0,0,1,0,1
1,6.0,3,15.0,2.0,5,3,9,0,13.0,0.0,1.0,3.0,153.46,3.0,1.0,153.46,1.064,0,2.5,0,1,0,0,0,0,0,1,0,0,1,0,0,0,0,1,0
0,5.0,3,8.0,3.0,3,5,2,0,12.0,1.0,1.0,0.0,128.27,0.0,1.0,128.27,1.113,0,2.6,0,0,0,0,0,0,1,0,0,0,0,1,0,0,1,0,0
0,29.0,1,10.0,3.0,3,5,5,0,15.0,4.0,4.0,2.0,299.43,2.0,4.0,299.43,2.864,0,3.2,0,1,0,0,1,0,0,0,0,0,0,0,0,1,1,0,0
0,2.0,1,12.0,3.0,3,1,2,0,13.0,0.0,1.0,8.0,131.31,8.0,1.0,131.31,0.947,1,2.4,0,0,1,0,0,0,0,0,0,0,0,1,0,0,1,0,0
0,0.0,1,14.0,2.0,3,5,2,0,25.0,0.0,1.0,0.0,125.52000000000001,0.0,1.0,125.52000000000001,1.102,1,1.9,0,0,1,0,0,0,1,0,0,0,0,1,0,0,0,1,1
0,18.0,1,13.0,2.0,3,3,5,1,19.0,0.0,1.0,2.0,144.77,2.0,1.0,144.77,1.046,0,1.9,0,0,1,0,0,1,0,0,0,0,0,0,1,0,1,0,0
0,10.0,1,7.0,2.0,4,1,2,0,13.0,0.0,3.0,11.0,164.74,11.0,3.0,164.74,1.876,0,2.2,0,1,0,0,0,0,1,0,0,0,1,0,0,0,1,0,0
0,0.0,1,5.0,3.0,4,3,2,0,12.0,0.0,1.0,2.0,130.33,2.0,1.0,130.33,0.988,1,2.7,0,0,1,0,0,0,1,0,0,0,0,1,0,0,0,1,1
1,7.0,1,16.0,3.0,3,3,2,1,11.0,1.0,1.0,2.0,129.36,2.0,1.0,129.36,0.984,0,2.6,0,0,1,0,0,0,1,0,0,0,0,1,0,0,0,1,1
0,26.0,1,13.0,2.0,3,3,4,0,18.0,1.0,4.0,7.0,286.06,7.0,4.0,286.06,2.769,0,2.1,0,1,0,0,0,1,0,0,0,0,0,0,0,1,1,0,0
0,9.0,1,21.0,3.0,5,1,1,1,18.0,1.0,1.0,3.0,121.68,3.0,1.0,121.68,0.937,0,3.2,1,0,1,0,0,0,1,0,0,0,0,1,0,0,1,0,0
1,0.0,1,9.0,3.0,4,1,1,1,11.0,0.0,1.0,0.0,128.53,0.0,1.0,128.53,1.114,1,2.7,1,0,0,0,0,0,1,0,0,0,0,1,0,0,1,0,1
0,19.0,3,8.0,3.0,3,5,9,0,23.0,1.0,15.0,9.0,270.48,9.0,15.0,270.48,7.102,0,2.6,0,1,0,0,0,0,0,1,0,1,0,0,0,0,1,0,0
0,9.0,1,23.0,3.0,5,3,3,0,13.0,1.0,1.0,0.0,122.9,0.0,1.0,122.9,1.092,0,3.2,0,0,0,0,0,0,1,0,0,0,0,1,0,0,0,1,1
0,6.0,2,8.0,3.0,3,3,2,0,13.0,1.0,1.0,4.0,136.0,4.0,1.0,136.0,0.984,0,2.6,0,0,1,0,0,0,0,0,1,0,0,0,1,0,1,0,1
1,9.0,1,11.0,3.0,4,5,7,0,17.0,0.0,1.0,0.0,121.07,0.0,1.0,121.07,1.084,0,2.7,0,0,0,0,0,0,1,0,0,0,0,1,0,0,1,0,1
0,3.0,3,35.0,3.0,3,5,9,0,19.0,1.0,1.0,3.0,141.15,3.0,1.0,141.15,1.015,0,2.6,0,0,1,0,0,0,1,0,0,0,1,0,0,0,1,0,1
0,13.0,3,8.0,3.0,3,4,6,0,12.0,1.0,1.0,0.0,143.27,0.0,1.0,143.27,1.173,0,2.6,0,0,0,0,0,1,0,0,0,0,1,0,0,0,1,0,1
0,23.0,1,8.0,1.0,3,5,3,0,22.0,1.0,2.0,2.0,278.56,2.0,2.0,278.56,1.981,0,1.6,0,0,0,0,0,1,0,0,0,1,0,0,0,0,1,0,0
0,1.0,1,25.0,3.0,4,5,2,0,12.0,1.0,3.0,3.0,131.96,3.0,3.0,131.96,1.778,1,2.9,0,0,1,0,0,0,0,0,0,0,0,1,0,0,1,0,1
0,19.0,1,21.0,2.0,3,4,6,0,11.0,1.0,1.0,3.0,290.81,3.0,1.0,290.81,1.613,0,2.1,0,1,0,0,0,0,1,0,0,0,0,0,0,1,1,0,1
0,8.0,3,23.0,3.0,3,5,4,1,15.0,0.0,1.0,7.0,189.66,7.0,1.0,189.66,1.184,0,2.4,0,1,0,0,0,0,1,0,0,0,1,0,0,0,1,0,1
1,9.0,1,23.0,3.0,3,4,2,0,13.0,1.0,1.0,0.0,122.1,0.0,1.0,122.1,1.088,0,2.6,0,0,1,0,0,0,1,0,0,0,0,1,0,0,1,0,0
0,6.0,3,31.0,2.0,3,3,2,0,12.0,0.0,1.0,1.0,145.39,1.0,1.0,145.39,1.082,0,1.9,0,0,0,0,0,1,0,0,0,0,1,0,0,0,1,0,0
0,9.0,1,12.0,3.0,5,3,2,0,14.0,1.0,1.0,7.0,127.41,7.0,1.0,127.41,0.935,0,3.2,0,0,1,0,0,0,1,0,0,0,0,1,0,0,1,0,1
0,3.0,1,13.0,2.0,3,3,2,0,13.0,4.0,8.0,9.0,134.91,9.0,8.0,134.91,3.76,0,2.7,0,0,1,0,0,0,1,0,0,0,1,0,0,0,1,0,1
0,17.0,1,35.0,2.0,3,1,2,0,25.0,6.0,13.0,17.0,145.41,17.0,13.0,145.41,5.793,0,3.1,0,0,1,0,0,0,0,0,1,0,1,0,0,0,0,1,1
0,0.0,3,27.0,3.0,1,1,2,0,17.0,2.0,2.0,2.0,126.78,2.0,2.0,126.78,1.374,1,2.2,0,0,1,0,0,0,0,1,0,0,0,1,0,0,0,1,1
0,19.0,1,8.0,2.0,3,1,3,0,11.0,0.0,1.0,4.0,173.79,4.0,1.0,173.79,1.135,0,1.9,0,1,0,1,0,0,0,0,0,0,1,0,0,0,1,0,1
0,15.0,2,8.0,3.0,1,5,8,0,16.0,1.0,1.0,3.0,162.72,3.0,1.0,162.72,1.101,0,2.0,0,0,0,0,0,1,0,0,0,0,1,0,0,0,1,0,1
0,30.0,3,13.0,2.0,1,1,1,1,18.0,0.0,1.0,9.0,152.2,9.0,1.0,152.2,1.029,0,1.3,1,1,0,0,0,0,0,1,0,0,1,0,0,0,1,0,1
0,5.0,1,19.0,3.0,4,4,2,0,20.0,2.0,2.0,2.0,134.0,2.0,2.0,134.0,1.403,0,3.1,0,0,0,0,0,0,0,0,1,0,0,1,0,0,1,0,0
0,5.0,1,8.0,2.0,3,3,5,1,14.0,1.0,1.0,7.0,149.98,7.0,1.0,149.98,1.025,0,2.1,0,0,0,0,0,0,1,0,0,0,1,0,0,0,0,1,0
0,9.0,1,7.0,3.0,5,5,3,1,21.0,7.0,7.0,7.0,202.52,7.0,7.0,202.52,3.635,0,4.4,0,1,0,0,1,0,0,0,0,0,0,0,0,0,1,0,0
0,6.0,1,15.0,3.0,3,1,1,0,13.0,0.0,4.0,10.0,127.81,10.0,4.0,127.81,2.129,0,2.4,0,0,1,0,0,0,0,0,0,0,0,1,0,0,1,0,1
0,13.0,3,16.0,2.0,4,4,8,0,12.0,1.0,1.0,3.0,168.52,3.0,1.0,168.52,1.124,0,2.4,0,1,0,1,0,0,0,0,0,0,1,0,0,0,1,0,0
0,0.0,3,16.0,2.0,3,1,1,0,14.0,1.0,1.0,1.0,149.5,1.0,1.0,149.5,1.098,1,2.1,0,0,1,0,0,0,1,0,0,0,1,0,0,0,0,1,1
0,3.0,1,7.0,3.0,3,4,1,1,21.0,3.0,5.0,7.0,135.79,7.0,5.0,135.79,2.568,0,3.0,0,0,1,0,0,1,0,0,0,0,0,0,1,0,1,0,1
0,15.0,1,32.0,2.0,3,5,4,1,17.0,0.0,2.0,0.0,231.91000000000003,0.0,2.0,231.91000000000003,1.928,0,1.9,0,0,0,0,0,1,0,0,0,0,0,0,0,0,1,0,0
0,8.0,3,14.0,3.0,4,1,5,1,11.0,3.0,4.0,12.0,203.77,12.0,4.0,203.77,2.43,0,3.3,1,0,0,0,0,0,0,1,0,0,0,0,0,0,1,0,0
0,9.0,1,20.0,2.0,3,5,2,1,14.0,5.0,6.0,8.0,122.35,8.0,6.0,122.35,2.912,0,2.9,0,0,1,0,0,0,1,0,0,0,0,1,0,0,1,0,1
0,27.0,1,7.0,2.0,3,3,8,0,17.0,0.0,1.0,4.0,205.02,4.0,1.0,205.02,1.26,0,1.9,0,0,0,0,0,0,1,0,0,0,0,0,0,0,1,0,0
0,9.0,1,8.0,3.0,1,1,2,0,13.0,1.0,7.0,7.0,120.11000000000001,7.0,7.0,120.11000000000001,3.305,0,2.0,0,1,0,0,0,0,1,0,0,0,0,1,0,0,1,0,0
1,9.0,1,16.0,3.0,4,4,2,1,25.0,0.0,1.0,0.0,118.59,0.0,1.0,118.59,1.074,0,2.7,0,0,0,0,0,0,0,0,0,0,0,0,1,0,0,1,0
0,2.0,1,7.0,3.0,3,1,2,0,15.0,1.0,1.0,2.0,137.6,2.0,1.0,137.6,1.017,1,2.6,0,0,1,0,0,0,1,0,0,0,0,0,1,0,1,0,0
0,27.0,1,9.0,2.0,3,1,4,0,14.0,1.0,1.0,9.0,277.79,9.0,1.0,277.79,1.531,0,2.1,0,1,0,0,0,0,1,0,0,1,0,0,0,0,1,0,1
0,4.0,1,17.0,3.0,3,5,2,1,12.0,1.0,1.0,1.0,168.33,1.0,1.0,168.33,1.173,0,2.6,0,1,0,0,0,1,0,0,0,0,1,0,0,0,1,0,1
0,4.0,1,30.0,3.0,4,5,2,0,19.0,1.0,1.0,8.0,168.12,8.0,1.0,168.12,1.095,0,2.9,0,1,0,0,0,1,0,0,0,0,1,0,0,0,0,1,0
0,30.0,3,9.0,2.0,4,1,6,0,17.0,0.0,1.0,5.0,151.71,5.0,1.0,151.71,1.04,0,2.2,0,1,0,0,0,0,1,0,0,0,1,0,0,0,0,1,0
0,16.0,1,9.0,3.0,5,1,4,0,15.0,1.0,1.0,7.0,297.4,7.0,1.0,297.4,1.615,0,3.2,0,1,0,0,0,0,1,0,0,0,0,0,0,1,1,0,1
0,22.0,1,10.0,2.0,4,3,3,0,13.0,1.0,1.0,0.0,287.11,0.0,1.0,287.11,1.748,0,2.4,0,1,0,0,0,1,0,0,0,0,0,0,0,1,1,0,1
0,9.0,1,9.0,2.0,3,4,2,0,12.0,0.0,1.0,7.0,136.92,7.0,1.0,136.92,0.973,0,1.9,0,0,0,1,0,0,0,0,0,0,0,0,1,0,1,0,1
0,21.0,1,14.0,3.0,1,4,6,0,11.0,0.0,1.0,0.0,125.59,0.0,1.0,125.59,1.102,0,1.8,0,0,1,1,0,0,0,0,0,0,0,1,0,0,0,1,1
0,0.0,1,14.0,3.0,3,3,2,0,11.0,1.0,1.0,3.0,125.16999999999999,3.0,1.0,125.16999999999999,0.951,1,2.6,0,0,1,0,0,0,1,0,0,0,0,1,0,0,1,0,1
0,2.0,1,13.0,2.0,3,1,2,1,11.0,1.0,1.0,0.0,166.23,0.0,1.0,166.23,1.265,1,2.1,1,1,0,0,0,0,1,0,0,0,1,0,0,0,1,0,1
0,21.0,1,7.0,3.0,4,1,7,0,12.0,1.0,1.0,0.0,282.65,0.0,1.0,282.65,1.731,0,2.9,0,1,0,0,0,0,1,0,0,0,0,0,0,1,0,1,1
0,2.0,1,7.0,2.0,4,1,4,0,14.0,1.0,1.0,7.0,261.24,7.0,1.0,261.24,1.47,1,2.4,0,1,0,0,0,0,1,0,0,1,0,0,0,0,1,0,0
0,7.0,1,14.0,2.0,1,3,1,0,17.0,1.0,1.0,0.0,125.85,0.0,1.0,125.85,1.103,0,1.5,0,0,1,1,0,0,0,0,0,0,0,1,0,0,1,0,0
0,17.0,3,11.0,2.0,3,4,8,0,11.0,1.0,3.0,10.0,282.13,10.0,3.0,282.13,2.347,0,2.1,0,1,0,0,0,0,0,1,0,0,0,0,0,1,1,0,1
0,6.0,3,16.0,2.0,1,3,1,1,14.0,0.0,1.0,8.0,183.8,8.0,1.0,183.8,1.157,0,1.3,0,1,0,0,0,0,0,1,0,0,0,0,0,0,1,0,1
0,0.0,1,31.0,3.0,1,1,2,1,12.0,0.0,1.0,1.0,129.94,1.0,1.0,129.94,1.02,1,1.8,1,0,1,0,0,0,1,0,0,0,0,1,0,0,0,1,0
0,9.0,1,7.0,2.0,3,3,2,0,22.0,1.0,1.0,1.0,112.22999999999999,1.0,1.0,112.22999999999999,0.949,0,2.1,0,1,0,0,0,0,1,0,0,0,0,0,1,0,1,0,1
1,0.0,3,30.0,3.0,5,1,2,1,14.0,1.0,1.0,0.0,111.18,0.0,1.0,111.18,1.045,1,3.2,1,0,0,0,0,0,1,0,0,0,0,0,1,0,0,1,1
0,0.0,1,10.0,3.0,3,1,2,1,20.0,2.0,2.0,2.0,128.75,2.0,2.0,128.75,1.382,1,2.8,1,0,1,0,0,0,1,0,0,0,0,1,0,0,0,1,1
1,8.0,3,8.0,3.0,5,4,3,1,16.0,1.0,1.0,11.0,288.24,11.0,1.0,288.24,1.57,0,3.2,0,1,0,0,0,0,0,1,0,0,0,0,0,1,0,1,0
0,28.0,1,14.0,2.0,4,4,2,1,15.0,2.0,2.0,0.0,235.76999999999998,0.0,2.0,235.76999999999998,1.943,0,2.6,0,0,0,0,0,1,0,0,0,1,0,0,0,0,1,0,1
1,0.0,1,14.0,2.0,4,3,2,0,20.0,1.0,2.0,2.0,126.25,2.0,2.0,126.25,1.372,1,2.4,0,0,0,0,0,0,1,0,0,0,0,1,0,0,0,1,0
0,19.0,3,10.0,2.0,4,4,3,0,14.0,1.0,1.0,8.0,287.89,8.0,1.0,287.89,1.574,0,2.4,0,1,0,0,0,0,0,1,0,0,0,0,0,1,1,0,0
0,7.0,3,8.0,2.0,3,5,1,1,12.0,1.0,1.0,2.0,145.38,2.0,1.0,145.38,1.048,0,2.1,0,0,1,0,0,0,0,1,0,0,1,0,0,0,0,1,0
0,24.0,3,15.0,2.0,3,4,5,1,15.0,6.0,11.0,10.0,298.47,10.0,11.0,298.47,5.612,0,3.1,0,0,0,0,0,0,1,0,0,0,0,0,0,1,1,0,1
0,30.0,1,24.0,3.0,3,1,7,0,12.0,3.0,5.0,4.0,205.12,4.0,5.0,205.12,2.86,0,3.0,0,1,0,0,0,1,0,0,0,0,0,0,0,0,0,1,1
0,7.0,1,25.0,2.0,3,4,5,0,13.0,0.0,5.0,10.0,144.44,10.0,5.0,144.44,2.596,0,1.9,0,0,0,0,0,1,0,0,0,0,1,0,0,0,1,0,0
0,9.0,1,7.0,2.0,3,3,1,1,11.0,1.0,1.0,2.0,121.53999999999999,2.0,1.0,121.53999999999999,0.953,0,2.1,0,0,0,0,0,0,0,0,0,0,0,1,0,0,0,1,1
0,17.0,1,10.0,3.0,1,5,2,0,14.0,2.0,14.0,13.0,291.9,13.0,14.0,291.9,6.782,0,2.2,0,1,0,0,0,0,1,0,0,0,0,0,0,1,1,0,1
0,7.0,2,17.0,2.0,4,4,5,0,11.0,0.0,1.0,8.0,144.9,8.0,1.0,144.9,1.002,0,2.2,0,0,0,0,0,0,1,0,0,0,1,0,0,0,1,0,1
0,8.0,1,12.0,3.0,3,3,1,1,14.0,1.0,2.0,2.0,135.06,2.0,2.0,135.06,1.407,0,2.6,0,0,1,0,0,0,1,0,0,0,0,1,0,0,1,0,1
0,15.0,1,14.0,3.0,1,4,7,1,16.0,0.0,1.0,0.0,123.72,0.0,1.0,123.72,1.095,0,1.8,0,0,1,0,0,0,0,0,0,0,1,0,0,0,1,0,0
0,16.0,3,10.0,2.0,4,1,4,0,14.0,10.0,15.0,17.0,202.31,17.0,15.0,202.31,6.82,0,4.2,0,1,0,0,0,0,0,1,0,0,0,0,0,0,0,1,0
0,9.0,1,8.0,2.0,3,4,10,1,11.0,4.0,5.0,12.0,154.1,12.0,5.0,154.1,2.632,0,2.7,0,1,0,0,0,0,1,0,0,0,1,0,0,0,0,1,0
1,7.0,1,21.0,3.0,3,1,2,0,11.0,0.0,1.0,5.0,179.78,5.0,1.0,179.78,1.152,0,2.4,0,1,0,0,0,1,0,0,0,0,0,0,0,0,1,0,0
0,1.0,1,8.0,2.0,4,1,2,1,12.0,0.0,2.0,2.0,138.67,2.0,2.0,138.67,1.421,1,2.2,1,0,0,0,0,0,1,0,0,0,0,0,1,0,1,0,1
0,24.0,1,12.0,3.0,4,3,1,0,14.0,3.0,7.0,7.0,128.38,7.0,7.0,128.38,3.339,0,3.3,0,0,0,0,0,0,0,0,0,0,0,1,0,0,0,1,0
0,3.0,1,15.0,3.0,3,3,8,1,18.0,0.0,1.0,7.0,146.95,7.0,1.0,146.95,1.013,0,2.4,0,0,0,0,0,1,0,0,0,0,1,0,0,0,0,1,0
1,0.0,1,13.0,2.0,3,3,4,1,13.0,4.0,7.0,7.0,133.39,7.0,7.0,133.39,3.359,1,2.7,0,0,1,1,0,0,0,0,0,0,0,1,0,0,1,0,0
0,9.0,1,7.0,2.0,3,5,3,0,11.0,1.0,1.0,2.0,120.80000000000001,2.0,1.0,120.80000000000001,0.95,0,2.1,0,0,1,0,1,0,0,0,0,0,0,1,0,0,0,1,1
0,9.0,1,7.0,2.0,3,4,2,0,18.0,1.0,2.0,1.0,120.96000000000001,1.0,2.0,120.96000000000001,1.384,0,2.1,0,0,1,0,0,0,0,0,0,0,0,1,0,0,0,1,0
0,5.0,3,14.0,2.0,1,1,2,0,15.0,0.0,1.0,8.0,162.09,8.0,1.0,162.09,1.071,0,1.3,0,1,0,0,0,1,0,0,0,0,1,0,0,0,1,0,1
0,18.0,1,31.0,2.0,3,4,4,0,22.0,1.0,1.0,0.0,280.61,0.0,1.0,280.61,1.722,0,2.1,0,0,0,0,0,1,0,0,0,0,0,0,0,1,0,1,0
0,12.0,1,19.0,3.0,4,4,7,1,13.0,1.0,15.0,2.0,271.23,2.0,15.0,271.23,7.152,0,2.9,0,1,0,0,0,1,0,0,0,1,0,0,0,0,1,0,0
0,30.0,1,14.0,2.0,3,3,2,0,12.0,1.0,2.0,2.0,123.72,2.0,2.0,123.72,1.362,0,2.1,0,0,1,0,0,0,1,0,0,0,0,1,0,0,1,0,1
1,0.0,1,13.0,3.0,3,3,2,0,18.0,0.0,1.0,1.0,148.83,1.0,1.0,148.83,1.095,1,2.4,0,0,1,0,0,0,1,0,0,0,1,0,0,0,1,0,1
1,2.0,1,29.0,3.0,3,5,1,0,13.0,0.0,1.0,3.0,139.04,3.0,1.0,139.04,1.006,1,2.4,0,0,1,0,0,1,0,0,0,0,0,0,1,0,0,1,1
0,3.0,1,12.0,2.0,4,1,1,0,12.0,5.0,6.0,7.0,146.27,7.0,6.0,146.27,3.01,0,3.2,0,0,1,1,0,0,0,0,0,0,1,0,0,0,1,0,0
0,9.0,1,16.0,3.0,3,3,4,0,12.0,1.0,1.0,7.0,170.94,7.0,1.0,170.94,1.109,0,2.6,0,1,0,1,0,0,0,0,0,0,0,0,0,0,1,0,0
0,19.0,2,7.0,2.0,3,5,7,0,12.0,2.0,5.0,7.0,134.23,7.0,5.0,134.23,2.562,0,2.3,0,0,1,0,0,0,1,0,0,0,0,1,0,0,0,1,0
0,1.0,1,7.0,2.0,5,1,1,0,11.0,7.0,7.0,5.0,166.74,5.0,7.0,166.74,3.5,1,3.9,0,0,0,0,0,0,1,0,0,0,1,0,0,0,1,0,0
0,23.0,1,34.0,2.0,3,5,5,1,11.0,1.0,1.0,2.0,268.8,2.0,1.0,268.8,1.542,0,2.1,0,1,0,0,0,0,1,0,0,1,0,0,0,0,1,0,0
1,3.0,3,31.0,2.0,4,4,3,1,12.0,1.0,1.0,0.0,190.94,0.0,1.0,190.94,1.364,0,2.4,0,1,0,0,0,0,0,1,0,0,0,0,0,0,0,1,1
1,15.0,3,11.0,3.0,3,4,10,1,19.0,7.0,7.0,7.0,184.46,7.0,7.0,184.46,3.563,0,3.8,0,1,0,0,0,0,1,0,0,0,0,0,0,0,0,1,1
0,3.0,1,23.0,3.0,3,5,2,1,23.0,1.0,1.0,3.0,219.16000000000003,3.0,1.0,219.16000000000003,1.327,0,2.6,0,1,0,0,0,1,0,0,0,0,0,0,0,0,1,0,0
0,12.0,1,24.0,2.0,3,3,1,0,11.0,1.0,1.0,7.0,145.34,7.0,1.0,145.34,1.006,0,2.1,0,0,1,0,0,0,1,0,0,0,1,0,0,0,0,1,1
0,4.0,3,8.0,2.0,3,3,2,1,19.0,8.0,9.0,6.0,198.52,6.0,9.0,198.52,4.423,0,3.5,0,0,0,0,0,0,1,0,0,0,0,0,0,0,1,0,0
0,14.0,3,16.0,2.0,5,4,2,0,13.0,3.0,11.0,9.0,161.51,9.0,11.0,161.51,5.066,0,3.1,0,0,0,0,0,1,0,0,0,0,1,0,0,0,0,1,1
1,9.0,3,7.0,2.0,3,4,2,1,11.0,2.0,2.0,2.0,123.02000000000001,2.0,2.0,123.02000000000001,1.359,0,2.3,0,0,0,0,0,0,1,0,0,0,0,1,0,0,0,1,0
1,7.0,1,14.0,2.0,3,5,5,0,12.0,1.0,1.0,2.0,123.62,2.0,1.0,123.62,0.961,0,2.1,0,0,1,0,0,0,1,0,0,0,0,1,0,0,1,0,1
0,15.0,1,8.0,2.0,3,3,1,1,13.0,1.0,2.0,10.0,278.61,10.0,2.0,278.61,1.933,0,2.1,0,0,0,0,0,0,1,0,0,1,0,0,0,0,1,0,1
0,28.0,1,8.0,2.0,5,3,5,0,14.0,1.0,9.0,11.0,291.87,11.0,9.0,291.87,4.784,0,2.7,0,1,0,0,0,1,0,0,0,0,0,0,0,1,1,0,0
0,29.0,2,14.0,3.0,3,4,7,0,15.0,2.0,7.0,7.0,297.17,7.0,7.0,297.17,4.014,0,2.8,0,1,0,0,0,0,1,0,0,0,0,0,0,1,0,1,1
0,13.0,1,22.0,3.0,3,3,10,0,16.0,1.0,1.0,0.0,135.44,0.0,1.0,135.44,1.142,0,2.6,0,0,0,0,0,0,1,0,0,0,0,1,0,0,1,0,1
0,7.0,1,15.0,2.0,3,1,1,0,11.0,0.0,1.0,6.0,185.0,6.0,1.0,185.0,1.169,0,1.9,0,1,0,0,0,0,1,0,0,0,0,0,0,0,1,0,1
0,13.0,1,8.0,3.0,3,1,2,0,13.0,3.0,8.0,8.0,146.61,8.0,8.0,146.61,3.809,0,3.0,0,0,1,0,0,0,1,0,0,0,1,0,0,0,0,1,1
0,14.0,3,7.0,3.0,3,5,1,0,17.0,0.0,1.0,7.0,141.03,7.0,1.0,141.03,0.989,0,2.4,0,0,0,0,0,0,0,1,0,0,1,0,0,0,1,0,0
0,8.0,1,10.0,2.0,3,3,2,1,11.0,1.0,1.0,1.0,142.49,1.0,1.0,142.49,1.07,0,2.1,0,0,0,0,0,0,1,0,0,0,1,0,0,0,0,1,1
0,24.0,2,11.0,2.0,3,4,2,1,11.0,0.0,2.0,10.0,240.26,10.0,2.0,240.26,1.779,0,1.9,0,1,0,0,0,0,1,0,0,1,0,0,0,0,1,0,1
0,11.0,3,8.0,2.0,3,5,4,0,15.0,0.0,1.0,7.0,168.93,7.0,1.0,168.93,1.101,0,1.9,0,1,0,0,0,0,1,0,0,0,1,0,0,0,1,0,0
0,7.0,3,21.0,3.0,3,5,2,0,12.0,4.0,9.0,6.0,161.25,6.0,9.0,161.25,4.274,0,3.2,0,1,0,0,0,1,0,0,0,0,1,0,0,0,0,1,0
0,0.0,1,25.0,3.0,3,1,4,0,11.0,0.0,1.0,2.0,136.69,2.0,1.0,136.69,1.013,1,2.4,0,0,1,0,0,1,0,0,0,0,0,0,1,0,1,0,1
1,20.0,1,13.0,2.0,4,5,8,1,14.0,1.0,5.0,9.0,200.08,9.0,5.0,200.08,2.82,0,2.4,0,1,0,0,0,1,0,0,0,0,0,0,0,0,1,0,0
0,13.0,1,14.0,2.0,3,4,4,0,22.0,1.0,1.0,3.0,123.87,3.0,1.0,123.87,0.945,0,2.1,0,0,1,0,0,0,1,0,0,0,0,1,0,0,1,0,1
0,9.0,3,13.0,2.0,1,5,3,0,16.0,5.0,6.0,13.0,146.39,13.0,6.0,146.39,3.0,0,2.3,0,0,0,0,0,0,0,1,0,0,1,0,0,0,1,0,0
0,21.0,1,10.0,2.0,3,1,2,0,11.0,1.0,1.0,8.0,178.98,8.0,1.0,178.98,1.138,0,2.1,0,1,0,0,0,0,1,0,0,0,0,0,0,0,0,1,1
0,0.0,3,14.0,3.0,1,1,9,0,14.0,0.0,1.0,0.0,125.34,0.0,1.0,125.34,1.101,1,1.8,0,0,1,0,0,0,0,0,0,0,0,1,0,0,1,0,0
0,24.0,1,17.0,2.0,4,4,4,0,16.0,0.0,1.0,3.0,231.42000000000002,3.0,1.0,231.42000000000002,1.376,0,2.2,0,1,0,0,1,0,0,0,0,1,0,0,0,0,0,1,0
0,9.0,1,7.0,3.0,3,1,2,0,15.0,1.0,1.0,0.0,116.11000000000001,0.0,1.0,116.11000000000001,1.064,0,2.6,0,0,0,0,0,0,1,0,0,0,0,0,1,0,0,1,0
0,8.0,1,7.0,2.0,4,1,1,0,12.0,0.0,1.0,0.0,153.63,0.0,1.0,153.63,1.215,0,2.2,0,1,0,0,0,1,0,0,0,0,1,0,0,0,1,0,0
0,0.0,3,8.0,2.0,5,1,4,0,20.0,0.0,1.0,0.0,150.71,0.0,1.0,150.71,1.203,1,2.5,0,0,0,0,0,0,1,0,0,0,1,0,0,0,0,1,1
1,18.0,3,19.0,2.0,1,3,7,1,17.0,1.0,2.0,8.0,236.95,8.0,2.0,236.95,1.77,0,1.5,0,1,0,0,0,0,0,1,0,1,0,0,0,0,0,1,1
0,29.0,1,29.0,3.0,3,4,5,1,12.0,13.0,2.0,9.0,234.01999999999998,9.0,2.0,234.01999999999998,1.756,0,5.0,0,1,0,0,0,0,1,0,0,1,0,0,0,0,1,0,1
0,9.0,1,32.0,3.0,4,3,2,0,20.0,1.0,1.0,0.0,120.28999999999999,0.0,1.0,120.28999999999999,1.081,0,2.9,0,0,0,0,1,0,0,0,0,0,0,1,0,0,1,0,0
0,13.0,1,8.0,2.0,1,3,6,0,20.0,6.0,11.0,8.0,163.77,8.0,11.0,163.77,5.077,0,2.5,0,1,0,0,0,1,0,0,0,0,1,0,0,0,1,0,0
0,7.0,1,35.0,2.0,3,3,5,0,13.0,5.0,7.0,7.0,154.29,7.0,7.0,154.29,3.442,0,2.9,0,1,0,0,0,1,0,0,0,0,1,0,0,0,1,0,1
1,0.0,3,8.0,3.0,4,1,8,0,14.0,0.0,1.0,0.0,127.85,0.0,1.0,127.85,1.111,1,2.7,0,0,0,0,0,0,1,0,0,0,0,1,0,0,0,1,0
1,0.0,3,24.0,3.0,3,3,1,1,18.0,0.0,3.0,2.0,146.14,2.0,3.0,146.14,1.851,1,2.4,0,0,0,0,0,0,0,1,0,0,1,0,0,0,1,0,0
0,11.0,1,14.0,2.0,1,3,2,0,11.0,0.0,1.0,3.0,126.1,3.0,1.0,126.1,0.954,0,1.3,0,0,0,0,0,0,1,0,0,0,0,1,0,0,1,0,1
0,7.0,1,8.0,3.0,3,1,2,0,11.0,4.0,4.0,11.0,166.87,11.0,4.0,166.87,2.284,0,3.2,0,1,0,1,0,0,0,0,0,0,1,0,0,0,0,1,0
0,1.0,3,32.0,2.0,4,5,2,0,11.0,1.0,1.0,4.0,147.24,4.0,1.0,147.24,1.029,1,2.4,0,0,1,0,0,0,1,0,0,0,1,0,0,0,1,0,1
1,0.0,1,28.0,3.0,3,3,2,1,15.0,5.0,6.0,7.0,161.79,7.0,6.0,161.79,3.072,1,3.4,0,1,0,0,0,1,0,0,0,0,1,0,0,0,1,0,1
0,12.0,3,27.0,2.0,4,1,4,1,12.0,0.0,1.0,4.0,161.2,4.0,1.0,161.2,1.085,0,2.2,1,1,0,0,0,0,1,0,0,0,1,0,0,0,1,0,1
0,24.0,3,8.0,2.0,3,4,3,0,11.0,3.0,3.0,2.0,205.96,2.0,3.0,205.96,2.091,0,2.5,0,0,0,0,0,0,0,1,0,0,0,0,0,0,1,0,1
0,14.0,1,28.0,3.0,3,1,4,1,14.0,2.0,3.0,3.0,154.67,3.0,3.0,154.67,1.869,0,2.8,1,0,0,0,0,0,1,0,0,0,1,0,0,0,1,0,0
0,10.0,1,10.0,3.0,3,3,8,1,15.0,1.0,1.0,3.0,129.96,3.0,1.0,129.96,0.97,0,2.6,0,0,1,0,0,0,1,0,0,0,0,1,0,0,1,0,1
0,6.0,3,11.0,3.0,3,1,7,0,13.0,1.0,1.0,2.0,199.98,2.0,1.0,199.98,1.267,0,2.6,0,0,0,0,0,0,1,0,0,0,1,0,0,0,1,0,1
0,5.0,3,8.0,2.0,3,4,1,1,13.0,1.0,1.0,2.0,140.78,2.0,1.0,140.78,1.03,0,2.1,0,0,1,0,0,0,0,1,0,0,1,0,0,0,1,0,1
0,12.0,1,31.0,3.0,3,3,4,0,21.0,0.0,1.0,3.0,209.2,3.0,1.0,209.2,1.287,0,2.4,0,0,0,0,0,0,1,0,0,0,0,0,0,0,1,0,1
0,0.0,3,24.0,3.0,1,3,3,0,11.0,1.0,1.0,2.0,162.32,2.0,1.0,162.32,1.116,1,2.0,0,1,0,0,0,0,1,0,0,0,1,0,0,0,1,0,1
0,25.0,1,34.0,2.0,1,3,3,1,11.0,1.0,2.0,2.0,232.47000000000003,2.0,2.0,232.47000000000003,1.797,0,1.5,0,0,0,0,0,1,0,0,0,1,0,0,0,0,1,0,0
0,16.0,1,12.0,3.0,4,3,2,1,14.0,0.0,1.0,8.0,140.81,8.0,1.0,140.81,0.985,0,2.7,0,0,1,0,0,1,0,0,0,0,1,0,0,0,0,1,0
0,0.0,3,16.0,3.0,4,1,2,1,11.0,1.0,4.0,4.0,157.69,4.0,4.0,157.69,2.271,1,2.9,1,1,0,0,0,0,0,1,0,0,1,0,0,0,1,0,0
1,0.0,1,14.0,2.0,3,3,2,1,13.0,4.0,7.0,7.0,123.94,7.0,7.0,123.94,3.321,1,2.7,0,0,1,0,0,0,1,0,0,0,0,1,0,0,0,1,0
0,0.0,1,8.0,2.0,4,1,1,0,12.0,1.0,1.0,1.0,139.04,1.0,1.0,139.04,1.056,1,2.4,0,0,1,0,0,1,0,0,0,0,0,0,1,0,0,1,1
0,15.0,2,16.0,2.0,3,5,1,0,14.0,1.0,1.0,9.0,267.99,9.0,1.0,267.99,1.492,0,2.1,0,1,0,0,0,0,0,0,1,1,0,0,0,0,1,0,0
0,25.0,1,14.0,3.0,3,5,10,0,13.0,1.0,1.0,4.0,129.5,4.0,1.0,129.5,0.958,0,2.6,0,0,1,0,0,0,0,0,1,0,0,1,0,0,1,0,0
0,10.0,1,17.0,3.0,3,3,5,0,18.0,1.0,1.0,2.0,136.29,2.0,1.0,136.29,1.012,0,2.6,0,0,1,0,0,1,0,0,0,0,0,0,1,0,0,1,0
0,8.0,1,24.0,2.0,3,1,3,0,11.0,2.0,2.0,2.0,193.62,2.0,2.0,193.62,1.641,0,2.3,0,0,0,0,0,0,1,0,0,0,0,0,0,0,0,1,1
0,0.0,1,7.0,2.0,3,1,5,0,11.0,0.0,1.0,2.0,132.29,2.0,1.0,132.29,0.996,1,1.9,0,0,1,1,0,0,0,0,0,0,0,1,0,0,1,0,1
0,0.0,1,13.0,3.0,1,5,1,0,12.0,0.0,1.0,7.0,135.78,7.0,1.0,135.78,0.968,1,1.8,0,0,1,0,0,0,0,0,1,0,0,0,1,0,0,1,1
0,2.0,2,23.0,2.0,4,5,2,0,13.0,0.0,1.0,9.0,179.88,9.0,1.0,179.88,1.14,1,2.2,0,1,0,0,0,0,0,0,1,0,0,0,0,0,0,1,1
1,12.0,1,34.0,3.0,4,5,4,0,20.0,0.0,1.0,3.0,142.84,3.0,1.0,142.84,1.021,0,2.7,0,0,0,0,0,0,1,0,0,0,1,0,0,0,0,1,1
1,0.0,1,20.0,2.0,3,1,1,1,12.0,4.0,7.0,7.0,175.53,7.0,7.0,175.53,3.527,1,2.7,1,0,0,0,0,0,0,0,1,0,0,0,0,0,0,1,0
0,27.0,1,7.0,2.0,3,1,7,0,19.0,1.0,12.0,7.0,273.28,7.0,12.0,273.28,5.918,0,2.1,0,1,0,0,0,1,0,0,0,1,0,0,0,0,0,1,0
0,30.0,1,7.0,3.0,3,5,4,1,15.0,1.0,1.0,5.0,297.01,5.0,1.0,297.01,1.621,0,2.6,0,1,0,0,0,1,0,0,0,0,0,0,0,1,1,0,0
0,28.0,1,7.0,2.0,1,1,3,0,13.0,0.0,2.0,0.0,247.32,0.0,2.0,247.32,1.989,0,1.3,0,1,0,0,0,1,0,0,0,1,0,0,0,0,1,0,1
0,9.0,3,9.0,3.0,3,4,4,1,16.0,0.0,1.0,1.0,192.78,1.0,1.0,192.78,1.271,0,2.4,0,1,0,0,0,0,0,1,0,0,1,0,0,0,0,1,0
1,9.0,3,7.0,2.0,5,3,2,0,12.0,0.0,1.0,0.0,113.59,0.0,1.0,113.59,1.054,0,2.5,0,0,0,0,0,0,1,0,0,0,0,0,1,0,0,1,0
0,3.0,3,13.0,3.0,3,5,8,0,14.0,1.0,1.0,2.0,147.79,2.0,1.0,147.79,1.058,0,2.6,0,0,1,0,0,0,0,1,0,0,1,0,0,0,1,0,0
0,4.0,1,14.0,3.0,3,4,4,0,11.0,1.0,1.0,0.0,264.22,0.0,1.0,264.22,1.657,0,2.6,0,1,0,0,0,0,1,0,0,1,0,0,0,0,0,1,0
0,7.0,1,7.0,3.0,3,5,6,0,14.0,1.0,1.0,3.0,129.96,3.0,1.0,129.96,0.97,0,2.6,0,0,0,0,0,0,0,0,1,0,0,1,0,0,1,0,1
1,9.0,1,14.0,2.0,4,4,2,0,12.0,0.0,1.0,0.0,112.61000000000001,0.0,1.0,112.61000000000001,1.05,0,2.2,0,1,0,0,0,0,1,0,0,0,0,0,1,0,0,1,0
0,9.0,1,17.0,3.0,3,5,1,0,14.0,1.0,1.0,4.0,120.99000000000001,4.0,1.0,120.99000000000001,0.924,0,2.6,0,0,1,0,0,0,1,0,0,0,0,1,0,0,1,0,1
0,9.0,1,10.0,2.0,4,1,2,0,16.0,0.0,1.0,8.0,158.1,8.0,1.0,158.1,1.055,0,2.2,0,1,0,0,0,0,1,0,0,0,1,0,0,0,0,1,1
0,9.0,3,22.0,3.0,4,5,5,0,13.0,1.0,1.0,2.0,156.47,2.0,1.0,156.47,1.093,0,2.9,0,1,0,0,0,0,0,1,0,0,1,0,0,0,1,0,0
0,20.0,1,7.0,3.0,3,1,8,0,12.0,1.0,1.0,2.0,134.2,2.0,1.0,134.2,1.003,0,2.6,0,0,1,1,0,0,0,0,0,0,0,1,0,0,1,0,1
1,0.0,3,15.0,3.0,4,5,4,0,12.0,2.0,2.0,2.0,144.0,2.0,2.0,144.0,1.443,1,3.1,0,0,1,0,0,0,1,0,0,0,0,0,1,0,1,0,1
0,10.0,1,11.0,2.0,1,3,1,0,14.0,0.0,1.0,3.0,135.0,3.0,1.0,135.0,0.99,0,1.3,0,0,0,1,0,0,0,0,0,0,0,1,0,0,0,1,1
0,9.0,1,7.0,2.0,3,5,3,0,22.0,0.0,1.0,0.0,120.66,0.0,1.0,120.66,1.083,0,1.9,0,0,1,0,0,0,1,0,0,0,0,1,0,0,1,0,0
0,20.0,1,8.0,2.0,3,3,4,0,19.0,1.0,5.0,6.0,271.69,6.0,5.0,271.69,3.115,0,2.1,0,1,0,0,0,1,0,0,0,1,0,0,0,0,1,0,0
0,0.0,3,10.0,2.0,3,3,2,1,12.0,1.0,1.0,3.0,141.62,3.0,1.0,141.62,1.016,1,2.1,0,0,1,0,0,1,0,0,0,0,1,0,0,0,1,0,0
0,5.0,3,13.0,3.0,3,1,5,0,12.0,0.0,1.0,3.0,192.04,3.0,1.0,192.04,1.218,0,2.4,0,1,0,0,0,0,0,1,0,0,1,0,0,0,1,0,1
0,7.0,1,7.0,2.0,4,4,6,0,17.0,1.0,1.0,2.0,132.94,2.0,1.0,132.94,0.998,0,2.4,0,0,1,0,0,0,1,0,0,0,0,1,0,0,1,0,0
0,9.0,1,11.0,2.0,1,3,3,1,12.0,0.0,1.0,3.0,121.27000000000001,3.0,1.0,121.27000000000001,0.935,0,1.3,0,0,1,0,0,0,0,0,0,0,0,1,0,0,1,0,1
0,13.0,1,15.0,2.0,3,3,4,0,11.0,0.0,1.0,7.0,139.75,7.0,1.0,139.75,0.984,0,1.9,0,0,0,0,0,0,0,0,1,0,1,0,0,0,1,0,1
0,4.0,3,14.0,2.0,3,1,2,0,18.0,2.0,9.0,9.0,207.93,9.0,9.0,207.93,4.452,0,2.3,0,1,0,0,0,0,1,0,0,0,0,0,0,0,1,0,1
1,9.0,3,15.0,2.0,3,1,5,0,11.0,4.0,4.0,3.0,200.96,3.0,4.0,200.96,2.454,0,2.7,0,1,0,0,0,0,0,1,0,0,0,0,0,0,1,0,1
1,2.0,1,8.0,2.0,4,5,3,1,23.0,0.0,1.0,0.0,136.46,0.0,1.0,136.46,1.146,1,2.2,0,0,0,0,0,0,1,0,0,0,0,0,1,0,0,1,0
1,0.0,1,7.0,3.0,1,4,2,0,11.0,1.0,4.0,7.0,174.46,7.0,4.0,174.46,2.323,1,2.0,0,0,0,0,0,0,1,0,0,0,0,0,0,0,0,1,0
0,18.0,1,26.0,3.0,5,5,3,1,18.0,1.0,1.0,7.0,208.51,7.0,1.0,208.51,1.259,0,3.2,0,1,0,0,0,1,0,0,0,0,0,0,0,0,1,0,1
0,9.0,2,14.0,3.0,1,4,10,0,18.0,1.0,1.0,2.0,121.09,2.0,1.0,121.09,0.951,0,2.0,0,0,1,0,0,0,0,0,0,0,0,1,0,0,0,1,0
1,0.0,1,8.0,3.0,3,1,7,1,13.0,0.0,2.0,2.0,137.22,2.0,2.0,137.22,1.416,1,2.4,1,0,0,0,0,0,1,0,0,0,0,0,1,0,1,0,1
0,18.0,1,35.0,2.0,3,1,5,1,18.0,1.0,1.0,2.0,193.8,2.0,1.0,193.8,1.242,0,2.1,1,1,0,0,1,0,0,0,0,0,0,0,0,0,1,0,1
0,21.0,3,13.0,3.0,3,5,5,0,11.0,0.0,2.0,2.0,154.86,2.0,2.0,154.86,1.486,0,2.4,0,1,0,0,0,0,0,1,0,0,1,0,0,0,1,0,1
1,0.0,2,15.0,3.0,3,3,2,0,15.0,2.0,2.0,2.0,127.41999999999999,2.0,2.0,127.41999999999999,1.376,1,2.8,0,0,1,1,0,0,0,0,0,0,0,1,0,0,1,0,0
0,13.0,1,14.0,2.0,4,4,3,0,11.0,4.0,2.0,8.0,237.57,8.0,2.0,237.57,1.773,0,3.0,0,0,0,0,0,1,0,0,0,0,0,0,0,0,1,0,1
0,1.0,3,11.0,2.0,3,5,1,0,18.0,0.0,1.0,3.0,184.63,3.0,1.0,184.63,1.189,1,1.9,0,1,0,0,0,1,0,0,0,0,1,0,0,0,0,1,1
0,17.0,1,11.0,2.0,4,3,4,0,14.0,0.0,1.0,3.0,131.62,3.0,1.0,131.62,0.976,0,2.2,0,0,0,0,0,0,1,0,0,0,0,1,0,0,0,1,1
0,26.0,1,8.0,2.0,1,4,5,0,12.0,1.0,8.0,8.0,265.98,8.0,8.0,265.98,4.286,0,1.5,0,1,0,0,0,1,0,0,0,1,0,0,0,0,0,1,1
0,22.0,1,11.0,3.0,3,3,3,0,14.0,0.0,1.0,2.0,166.51,2.0,1.0,166.51,1.133,0,2.4,0,1,0,1,0,0,0,0,0,0,1,0,0,0,1,0,1
0,13.0,1,14.0,3.0,3,3,3,0,14.0,1.0,1.0,2.0,123.44999999999999,2.0,1.0,123.44999999999999,0.96,0,2.6,0,0,1,0,0,0,0,0,0,0,0,1,0,0,1,0,1
0,17.0,1,26.0,2.0,3,4,2,0,13.0,1.0,1.0,3.0,134.2,3.0,1.0,134.2,0.987,0,2.1,0,0,1,0,0,0,1,0,0,0,0,1,0,0,0,1,1
0,6.0,3,13.0,2.0,3,5,1,0,14.0,1.0,1.0,3.0,143.73,3.0,1.0,143.73,1.025,0,2.1,0,0,0,0,0,1,0,0,0,0,1,0,0,0,1,0,1
0,7.0,3,9.0,2.0,5,5,4,0,18.0,2.0,3.0,12.0,147.59,12.0,3.0,147.59,1.806,0,2.9,0,0,1,0,0,0,0,0,1,0,1,0,0,0,0,1,1
0,3.0,3,22.0,3.0,3,3,9,0,15.0,1.0,2.0,2.0,153.01,2.0,2.0,153.01,1.479,0,2.6,0,1,0,0,0,0,1,0,0,0,1,0,0,0,1,0,1
0,15.0,1,15.0,3.0,3,1,2,0,13.0,0.0,5.0,8.0,136.73,8.0,5.0,136.73,2.569,0,2.4,0,0,0,0,0,1,0,0,0,0,0,0,1,0,0,1,0
0,17.0,3,7.0,3.0,3,3,8,0,12.0,0.0,1.0,0.0,147.68,0.0,1.0,147.68,1.191,0,2.4,0,0,0,0,0,0,0,1,0,0,1,0,0,0,1,0,0
0,9.0,1,13.0,3.0,3,3,2,0,13.0,0.0,1.0,0.0,112.74000000000001,0.0,1.0,112.74000000000001,1.051,0,2.4,0,0,0,0,1,0,0,0,0,0,0,0,1,0,1,0,1
0,30.0,1,7.0,3.0,1,3,1,0,24.0,1.0,2.0,8.0,149.0,8.0,2.0,149.0,1.418,0,2.0,0,0,1,0,0,0,1,0,0,0,1,0,0,0,1,0,1
0,22.0,1,13.0,2.0,3,4,4,0,14.0,0.0,1.0,7.0,204.66,7.0,1.0,204.66,1.244,0,1.9,0,1,0,0,0,0,1,0,0,0,0,0,0,0,1,0,1
0,7.0,1,21.0,3.0,3,5,8,0,14.0,1.0,6.0,9.0,270.07,9.0,6.0,270.07,3.5,0,2.6,0,0,0,0,0,1,0,0,0,1,0,0,0,0,1,0,1
1,0.0,3,7.0,3.0,3,3,4,0,15.0,1.0,1.0,2.0,129.09,2.0,1.0,129.09,0.983,1,2.6,0,0,0,1,0,0,0,0,0,0,0,1,0,0,1,0,1
1,0.0,3,19.0,2.0,3,4,6,0,11.0,1.0,1.0,0.0,157.65,0.0,1.0,157.65,1.231,1,2.1,0,0,0,1,0,0,0,0,0,0,1,0,0,0,0,1,0
1,0.0,3,30.0,2.0,4,4,1,1,23.0,4.0,10.0,10.0,145.99,10.0,10.0,145.99,4.602,1,3.0,0,0,1,0,0,1,0,0,0,0,1,0,0,0,0,1,0
0,8.0,3,14.0,3.0,3,3,2,0,13.0,0.0,1.0,0.0,124.03999999999999,0.0,1.0,124.03999999999999,1.096,0,2.4,0,0,1,0,0,0,1,0,0,0,0,1,0,0,1,0,1
1,0.0,1,15.0,2.0,3,5,3,1,11.0,0.0,1.0,0.0,131.72,0.0,1.0,131.72,1.127,1,1.9,0,0,0,0,0,0,0,0,0,0,0,1,0,0,0,1,1
0,9.0,3,19.0,3.0,3,4,2,0,13.0,0.0,1.0,0.0,120.33000000000001,0.0,1.0,120.33000000000001,1.081,0,2.4,0,0,0,0,0,0,1,0,0,0,0,1,0,0,1,0,0
0,17.0,1,8.0,2.0,3,3,6,1,18.0,2.0,2.0,2.0,202.09,2.0,2.0,202.09,1.675,0,2.3,0,0,0,0,0,1,0,0,0,0,0,0,0,0,0,1,1
0,2.0,3,25.0,3.0,4,3,2,0,14.0,1.0,1.0,4.0,186.2,4.0,1.0,186.2,1.185,1,2.9,0,1,0,0,0,0,1,0,0,0,1,0,0,0,1,0,1
0,9.0,2,7.0,2.0,3,3,1,0,21.0,0.0,1.0,3.0,120.63999999999999,3.0,1.0,120.63999999999999,0.933,0,1.9,0,0,1,0,0,0,1,0,0,0,0,1,0,0,1,0,1
0,28.0,1,10.0,1.0,3,3,1,1,16.0,1.0,1.0,2.0,140.35,2.0,1.0,140.35,1.028,0,1.6,0,0,1,0,0,0,1,0,0,0,1,0,0,0,1,0,1
0,6.0,1,10.0,2.0,4,4,9,0,11.0,1.0,1.0,2.0,138.38,2.0,1.0,138.38,1.02,0,2.4,0,0,1,0,0,1,0,0,0,0,0,0,1,0,1,0,0
0,20.0,3,20.0,3.0,3,3,4,1,17.0,1.0,1.0,2.0,145.91,2.0,1.0,145.91,1.05,0,2.6,0,0,1,0,0,1,0,0,0,0,1,0,0,0,1,0,0
1,0.0,1,14.0,2.0,4,5,8,0,11.0,1.0,1.0,0.0,125.61000000000001,0.0,1.0,125.61000000000001,1.102,1,2.4,0,0,0,0,0,0,0,0,0,0,0,1,0,0,0,1,1
0,9.0,1,7.0,3.0,4,3,2,0,14.0,0.0,1.0,0.0,115.63,0.0,1.0,115.63,1.063,0,2.7,0,1,0,0,0,0,1,0,0,0,0,0,1,0,1,0,1
0,1.0,3,13.0,2.0,3,5,1,0,14.0,1.0,1.0,3.0,148.98,3.0,1.0,148.98,1.046,1,2.1,0,0,0,0,0,0,1,0,0,0,1,0,0,0,0,1,1
0,22.0,1,9.0,2.0,4,5,5,0,25.0,0.0,1.0,2.0,147.89,2.0,1.0,147.89,1.058,0,2.2,0,0,1,0,0,1,0,0,0,0,1,0,0,0,1,0,0
0,2.0,1,8.0,3.0,3,4,1,0,13.0,1.0,1.0,2.0,131.8,2.0,1.0,131.8,0.994,1,2.6,0,0,0,0,0,0,1,0,0,0,0,1,0,0,1,0,0
0,1.0,1,35.0,3.0,5,4,2,0,14.0,0.0,1.0,7.0,165.49,7.0,1.0,165.49,1.087,1,3.0,0,1,0,0,0,0,1,0,0,0,1,0,0,0,1,0,1
0,6.0,1,14.0,3.0,3,3,3,1,17.0,1.0,1.0,0.0,163.88,0.0,1.0,163.88,1.256,0,2.6,0,1,0,0,0,0,1,0,0,0,1,0,0,0,0,1,1
0,5.0,1,16.0,3.0,3,1,3,0,25.0,0.0,1.0,3.0,212.44,3.0,1.0,212.44,1.3,0,2.4,0,1,0,0,0,1,0,0,0,0,0,0,0,0,0,1,1
0,27.0,1,17.0,2.0,3,1,4,0,20.0,0.0,2.0,12.0,260.32,12.0,2.0,260.32,1.857,0,1.9,0,0,0,0,0,1,0,0,0,1,0,0,0,0,1,0,0
1,0.0,1,14.0,3.0,4,5,7,0,13.0,1.0,1.0,7.0,123.62,7.0,1.0,123.62,0.919,1,2.9,0,0,1,1,0,0,0,0,0,0,0,1,0,0,0,1,1
0,17.0,1,34.0,2.0,3,5,4,0,13.0,1.0,14.0,17.0,263.28,17.0,14.0,263.28,6.664,0,2.1,0,1,0,0,0,0,1,0,0,1,0,0,0,0,1,0,1
0,12.0,1,12.0,2.0,3,4,5,0,18.0,2.0,2.0,2.0,183.76,2.0,2.0,183.76,1.602,0,2.3,0,1,0,0,0,0,1,0,0,0,0,0,0,0,0,1,0
0,19.0,3,9.0,2.0,3,4,9,0,12.0,1.0,5.0,1.0,266.06,1.0,5.0,266.06,3.164,0,2.1,0,1,0,0,0,0,1,0,0,1,0,0,0,0,1,0,0
0,8.0,1,22.0,3.0,4,4,2,0,19.0,3.0,3.0,3.0,186.06,3.0,3.0,186.06,1.994,0,3.3,0,1,0,0,0,0,1,0,0,0,0,0,0,0,0,1,0
0,9.0,1,26.0,3.0,3,3,1,0,14.0,1.0,1.0,2.0,122.72,2.0,1.0,122.72,0.958,0,2.6,0,0,1,0,0,0,1,0,0,0,1,0,0,0,0,1,1
1,9.0,1,15.0,2.0,3,5,4,0,14.0,1.0,1.0,0.0,120.18,0.0,1.0,120.18,1.081,0,2.1,0,1,0,0,0,0,1,0,0,0,0,1,0,0,0,1,1
0,7.0,3,7.0,3.0,4,3,2,1,14.0,7.0,8.0,6.0,170.83,6.0,8.0,170.83,3.912,0,4.1,0,1,0,1,0,0,0,0,0,0,0,0,0,0,1,0,1
1,0.0,1,9.0,2.0,3,3,2,0,12.0,2.0,7.0,7.0,140.84,7.0,7.0,140.84,3.388,1,2.3,0,0,0,0,0,0,1,0,0,0,0,0,1,0,0,1,0
0,23.0,1,28.0,2.0,5,1,2,1,13.0,1.0,2.0,9.0,244.11,9.0,2.0,244.11,1.796,0,2.7,1,0,0,0,0,1,0,0,0,1,0,0,0,0,0,1,1
0,9.0,3,13.0,2.0,3,3,1,1,25.0,3.0,5.0,7.0,123.08000000000001,7.0,5.0,123.08000000000001,2.517,0,2.5,0,0,1,1,0,0,0,0,0,0,0,1,0,0,1,0,1
0,15.0,1,8.0,3.0,4,4,5,0,14.0,0.0,1.0,0.0,148.41,0.0,1.0,148.41,1.194,0,2.7,0,0,1,0,0,1,0,0,0,0,0,0,1,0,1,0,1
0,10.0,1,19.0,2.0,3,1,2,0,17.0,2.0,3.0,7.0,142.85,7.0,3.0,142.85,1.796,0,2.3,0,0,1,0,0,1,0,0,0,0,1,0,0,0,1,0,1
0,2.0,1,14.0,2.0,5,5,4,0,13.0,1.0,1.0,7.0,197.15,7.0,1.0,197.15,1.214,1,2.7,0,1,0,0,0,0,0,0,1,0,1,0,0,0,1,0,0
0,6.0,1,31.0,2.0,4,4,2,0,13.0,1.0,1.0,2.0,143.2,2.0,1.0,143.2,1.039,0,2.4,0,0,1,0,0,0,1,0,0,0,1,0,0,0,0,1,1
0,9.0,1,34.0,3.0,3,1,5,0,20.0,1.0,1.0,3.0,121.32,3.0,1.0,121.32,0.935,0,2.6,0,0,1,0,1,0,0,0,0,0,0,1,0,0,1,0,1
0,15.0,1,8.0,2.0,3,1,3,1,14.0,4.0,13.0,9.0,201.24,9.0,13.0,201.24,6.025,0,2.7,1,0,0,0,0,0,1,0,0,0,0,0,0,0,1,0,1
0,13.0,3,15.0,2.0,3,5,1,0,12.0,7.0,7.0,1.0,154.73,1.0,7.0,154.73,3.519,0,3.3,0,1,0,0,0,1,0,0,0,0,1,0,0,0,1,0,1
0,6.0,1,34.0,3.0,3,3,2,1,12.0,4.0,5.0,7.0,152.07,7.0,5.0,152.07,2.633,0,3.2,0,1,0,0,0,0,1,0,0,0,1,0,0,0,1,0,1
0,13.0,2,12.0,2.0,3,1,2,1,21.0,1.0,7.0,7.0,264.37,7.0,7.0,264.37,3.882,0,2.1,1,1,0,0,0,1,0,0,0,1,0,0,0,0,0,1,1
0,9.0,1,27.0,2.0,4,5,1,0,14.0,0.0,1.0,0.0,122.96000000000001,0.0,1.0,122.96000000000001,1.092,0,2.2,0,0,1,1,0,0,0,0,0,0,0,1,0,0,1,0,1
0,13.0,1,14.0,3.0,3,1,4,1,18.0,1.0,2.0,2.0,140.69,2.0,2.0,140.69,1.429,0,2.6,1,0,0,0,0,0,1,0,0,0,1,0,0,0,1,0,1
0,18.0,1,7.0,3.0,3,4,2,0,12.0,3.0,7.0,7.0,174.41,7.0,7.0,174.41,3.523,0,3.0,0,1,0,1,0,0,0,0,0,0,0,0,0,0,1,0,1
0,8.0,3,14.0,3.0,4,3,1,0,23.0,2.0,4.0,2.0,124.30000000000001,2.0,4.0,124.30000000000001,2.164,0,3.1,0,0,1,0,0,0,1,0,0,0,0,1,0,0,1,0,0
0,5.0,1,11.0,3.0,4,4,4,0,12.0,1.0,2.0,5.0,158.78,5.0,2.0,158.78,1.468,0,2.9,0,1,0,0,0,0,1,0,0,0,1,0,0,0,1,0,0
0,9.0,3,14.0,3.0,3,1,4,1,21.0,1.0,1.0,2.0,126.44,2.0,1.0,126.44,0.972,0,2.6,1,0,1,0,0,0,1,0,0,0,0,1,0,0,0,1,1
0,21.0,3,22.0,3.0,3,3,9,0,14.0,7.0,7.0,7.0,164.39,7.0,7.0,164.39,3.483,0,3.8,0,1,0,0,0,0,1,0,0,0,1,0,0,0,1,0,0
0,2.0,1,14.0,3.0,1,3,7,0,18.0,0.0,1.0,0.0,124.50999999999999,0.0,1.0,124.50999999999999,1.098,1,1.8,0,0,1,0,0,0,1,0,0,0,0,1,0,0,1,0,1
0,6.0,3,14.0,2.0,3,5,3,0,13.0,2.0,2.0,2.0,163.92,2.0,2.0,163.92,1.522,0,2.3,0,1,0,0,0,0,1,0,0,0,1,0,0,0,1,0,1
1,0.0,3,7.0,3.0,4,5,2,0,11.0,1.0,6.0,7.0,197.14,7.0,6.0,197.14,3.214,1,2.9,0,1,0,0,0,0,1,0,0,0,1,0,0,0,1,0,1
0,11.0,2,16.0,3.0,3,3,4,0,11.0,0.0,1.0,2.0,160.77,2.0,1.0,160.77,1.11,0,2.4,0,0,0,0,0,0,0,0,1,0,1,0,0,0,1,0,1
0,8.0,1,14.0,3.0,4,5,2,0,19.0,1.0,1.0,2.0,124.5,2.0,1.0,124.5,0.965,0,2.9,0,0,1,0,0,0,0,0,0,0,0,1,0,0,0,1,1
0,7.0,3,35.0,2.0,3,4,4,0,12.0,1.0,1.0,3.0,192.5,3.0,1.0,192.5,1.22,0,2.1,0,1,0,1,0,0,0,0,0,0,0,0,0,0,1,0,1
1,9.0,1,8.0,3.0,3,5,2,1,12.0,1.0,1.0,0.0,120.74000000000001,0.0,1.0,120.74000000000001,1.083,0,2.6,0,0,1,0,0,0,1,0,0,0,0,1,0,0,1,0,0
1,16.0,1,8.0,3.0,4,1,1,0,16.0,0.0,1.0,9.0,201.69,9.0,1.0,201.69,1.227,0,2.7,0,1,0,0,1,0,0,0,0,0,0,0,0,0,1,0,0
1,1.0,1,8.0,2.0,3,4,5,0,11.0,1.0,1.0,4.0,148.55,4.0,1.0,148.55,1.034,1,2.1,0,0,1,0,0,1,0,0,0,0,1,0,0,0,1,0,1
0,5.0,1,7.0,3.0,3,5,5,0,14.0,0.0,1.0,2.0,140.87,2.0,1.0,140.87,1.03,0,2.4,0,0,0,1,0,0,0,0,0,0,1,0,0,0,1,0,1
0,21.0,1,14.0,3.0,3,5,9,0,12.0,6.0,7.0,6.0,123.66999999999999,6.0,7.0,123.66999999999999,3.323,0,3.6,0,0,1,0,0,0,0,0,1,0,0,1,0,0,1,0,0
0,7.0,1,13.0,3.0,3,1,2,0,13.0,0.0,1.0,0.0,129.72,0.0,1.0,129.72,1.119,0,2.4,0,0,1,0,0,0,0,0,0,0,0,1,0,0,0,1,1
0,28.0,3,32.0,2.0,4,1,2,0,15.0,0.0,2.0,13.0,295.86,13.0,2.0,295.86,1.998,0,2.2,0,1,0,0,0,0,0,1,0,0,0,0,0,1,1,0,1
0,7.0,1,7.0,2.0,3,1,10,0,17.0,0.0,2.0,1.0,154.84,1.0,2.0,154.84,1.519,0,1.9,0,1,0,0,0,0,1,0,0,0,1,0,0,0,1,0,1
0,9.0,1,9.0,2.0,3,1,2,0,21.0,1.0,1.0,0.0,120.61000000000001,0.0,1.0,120.61000000000001,1.082,0,2.1,0,0,1,0,0,0,1,0,0,0,0,1,0,0,1,0,0
0,11.0,3,20.0,3.0,3,4,1,0,11.0,3.0,7.0,7.0,199.24,7.0,7.0,199.24,3.622,0,3.0,0,1,0,0,0,0,1,0,0,0,1,0,0,0,1,0,1
0,11.0,3,22.0,2.0,3,4,3,0,12.0,1.0,1.0,2.0,141.98,2.0,1.0,141.98,1.035,0,2.1,0,0,1,0,0,0,1,0,0,0,1,0,0,0,0,1,0
0,9.0,3,7.0,3.0,3,3,7,0,13.0,1.0,1.0,0.0,168.15,0.0,1.0,168.15,1.273,0,2.6,0,1,0,0,0,0,1,0,0,0,1,0,0,0,0,1,0
0,2.0,1,9.0,2.0,3,5,2,1,18.0,0.0,1.0,5.0,147.23,5.0,1.0,147.23,1.022,1,1.9,0,0,1,0,0,1,0,0,0,0,0,0,1,0,0,1,1
0,8.0,1,16.0,2.0,3,3,4,1,16.0,0.0,1.0,4.0,161.42,4.0,1.0,161.42,1.086,0,1.9,0,1,0,0,0,1,0,0,0,0,1,0,0,0,0,1,0
0,12.0,3,12.0,2.0,1,3,3,0,11.0,3.0,7.0,6.0,182.37,6.0,7.0,182.37,3.558,0,1.9,0,1,0,0,0,1,0,0,0,0,0,0,0,0,1,0,1
0,2.0,1,8.0,2.0,3,1,2,0,19.0,1.0,1.0,3.0,188.53,3.0,1.0,188.53,1.204,1,2.1,0,0,0,0,0,0,1,0,0,0,1,0,0,0,1,0,1
0,23.0,3,15.0,2.0,3,3,5,1,15.0,0.0,1.0,0.0,293.31,0.0,1.0,293.31,1.773,0,1.9,0,1,0,0,0,0,0,1,0,0,0,0,0,1,1,0,1
0,9.0,1,16.0,2.0,1,3,3,0,16.0,0.0,2.0,2.0,120.72999999999999,2.0,2.0,120.72999999999999,1.35,0,1.3,0,0,1,0,1,0,0,0,0,0,0,1,0,0,1,0,1
0,9.0,1,12.0,3.0,1,5,4,1,13.0,0.0,1.0,2.0,155.62,2.0,1.0,155.62,1.089,0,1.8,0,0,0,0,0,0,1,0,0,0,1,0,0,0,1,0,1
0,15.0,1,15.0,3.0,4,1,9,0,15.0,1.0,1.0,1.0,296.13,1.0,1.0,296.13,1.685,0,2.9,0,1,0,0,0,0,0,0,1,0,0,0,0,1,0,1,1
0,8.0,1,34.0,2.0,1,3,2,0,17.0,6.0,6.0,8.0,134.07,8.0,6.0,134.07,2.959,0,2.5,0,0,1,0,0,0,1,0,0,0,1,0,0,0,1,0,1
0,7.0,1,16.0,3.0,4,3,2,0,14.0,1.0,7.0,7.0,150.63,7.0,7.0,150.63,3.428,0,2.9,0,0,0,1,0,0,0,0,0,0,1,0,0,0,1,0,1
0,13.0,3,20.0,2.0,3,5,2,0,15.0,0.0,1.0,2.0,146.39,2.0,1.0,146.39,1.052,0,1.9,0,0,1,0,0,0,1,0,0,0,1,0,0,0,1,0,0
0,16.0,1,33.0,2.0,1,4,6,0,12.0,1.0,1.0,2.0,148.76,2.0,1.0,148.76,1.062,0,1.5,0,0,1,1,0,0,0,0,0,0,0,0,1,0,1,0,1
0,8.0,1,13.0,3.0,4,1,2,0,18.0,1.0,1.0,1.0,126.9,1.0,1.0,126.9,1.008,0,2.9,0,0,1,0,0,0,1,0,0,0,0,1,0,0,1,0,1
0,19.0,3,7.0,2.0,1,5,2,0,15.0,1.0,1.0,12.0,275.67,12.0,1.0,275.67,1.518,0,1.5,0,1,0,0,0,0,1,0,0,1,0,0,0,0,0,1,1
1,0.0,1,14.0,2.0,3,4,2,1,17.0,0.0,1.0,0.0,124.08000000000001,0.0,1.0,124.08000000000001,1.096,1,1.9,0,0,1,0,0,0,0,0,0,0,0,1,0,0,1,0,1
0,0.0,1,32.0,3.0,4,3,2,1,14.0,1.0,1.0,3.0,128.14,3.0,1.0,128.14,0.963,1,2.9,0,0,0,0,0,0,0,0,1,0,0,1,0,0,1,0,0
0,23.0,1,26.0,2.0,3,3,3,1,15.0,0.0,12.0,3.0,212.45,3.0,12.0,212.45,5.7,0,1.9,0,0,0,0,0,1,0,0,0,1,0,0,0,0,1,0,1
0,5.0,1,11.0,2.0,1,1,4,0,17.0,1.0,1.0,2.0,133.12,2.0,1.0,133.12,0.999,0,1.5,0,0,1,0,0,0,0,0,1,0,0,1,0,0,1,0,0
0,17.0,1,13.0,2.0,3,1,1,1,14.0,1.0,1.0,10.0,290.49,10.0,1.0,290.49,1.58,0,2.1,1,1,0,0,0,1,0,0,0,0,0,0,0,1,1,0,0
0,9.0,1,13.0,2.0,4,4,2,0,12.0,1.0,1.0,1.0,121.41,1.0,1.0,121.41,0.986,0,2.4,0,0,1,0,0,0,0,0,0,0,0,1,0,0,1,0,1
0,18.0,1,11.0,2.0,5,5,2,1,14.0,0.0,1.0,4.0,157.69,4.0,1.0,157.69,1.071,0,2.5,0,1,0,0,0,1,0,0,0,0,1,0,0,0,0,1,0
0,18.0,3,32.0,2.0,4,5,2,0,15.0,3.0,4.0,5.0,143.85,5.0,4.0,143.85,2.209,0,2.8,0,0,0,0,0,0,0,1,0,0,1,0,0,0,1,0,1
0,4.0,3,8.0,2.0,3,5,8,0,13.0,1.0,1.0,3.0,153.32,3.0,1.0,153.32,1.063,0,2.1,0,0,0,0,0,0,0,0,1,0,1,0,0,0,0,1,1
0,9.0,1,18.0,3.0,3,3,10,1,12.0,0.0,1.0,1.0,146.63,1.0,1.0,146.63,1.087,0,2.4,0,0,1,0,0,0,1,0,0,0,1,0,0,0,1,0,0
0,7.0,1,16.0,2.0,1,1,2,0,13.0,3.0,7.0,2.0,147.24,2.0,7.0,147.24,3.456,0,1.9,0,0,0,0,0,0,1,0,0,0,1,0,0,0,1,0,1
0,22.0,1,31.0,2.0,3,5,2,0,14.0,1.0,1.0,4.0,132.11,4.0,1.0,132.11,0.968,0,2.1,0,0,1,0,0,0,1,0,0,0,0,1,0,0,1,0,0
0,12.0,1,16.0,3.0,3,5,3,0,13.0,3.0,7.0,7.0,153.77,7.0,7.0,153.77,3.44,0,3.0,0,1,0,0,0,1,0,0,0,0,1,0,0,0,1,0,1
0,0.0,1,25.0,3.0,4,5,2,0,11.0,0.0,1.0,7.0,140.66,7.0,1.0,140.66,0.988,1,2.7,0,0,1,0,0,0,0,0,1,0,0,0,1,0,1,0,1
0,8.0,1,24.0,2.0,1,5,2,0,11.0,1.0,1.0,10.0,152.08,10.0,1.0,152.08,1.027,0,1.5,0,1,0,0,0,0,1,0,0,0,1,0,0,0,1,0,1
0,1.0,1,33.0,2.0,5,5,1,0,21.0,1.0,1.0,0.0,148.77,0.0,1.0,148.77,1.195,1,2.7,0,0,1,0,0,1,0,0,0,0,1,0,0,0,1,0,0
0,0.0,1,11.0,3.0,3,1,2,0,18.0,0.0,2.0,2.0,131.17,2.0,2.0,131.17,1.391,1,2.4,0,0,1,0,0,0,0,0,0,0,0,1,0,0,0,1,1
1,9.0,3,9.0,3.0,3,1,2,1,12.0,1.0,1.0,0.0,115.69,0.0,1.0,115.69,1.063,0,2.6,1,0,0,0,0,1,0,0,0,0,0,0,1,0,0,1,0
0,20.0,2,32.0,3.0,3,3,4,0,15.0,1.0,1.0,0.0,296.58,0.0,1.0,296.58,1.786,0,2.6,0,1,0,0,0,0,1,0,0,0,0,0,0,1,1,0,0
0,12.0,1,9.0,3.0,4,3,1,0,15.0,0.0,1.0,7.0,130.69,7.0,1.0,130.69,0.948,0,2.7,0,0,1,0,0,0,0,0,0,0,1,0,0,0,1,0,1
0,13.0,1,21.0,3.0,4,3,2,0,13.0,6.0,14.0,12.0,204.35,12.0,14.0,204.35,6.433,0,3.9,0,1,0,0,0,0,1,0,0,0,0,0,0,0,1,0,0
0,8.0,1,14.0,2.0,3,3,2,0,12.0,0.0,2.0,9.0,141.48,9.0,2.0,141.48,1.386,0,1.9,0,0,0,0,0,0,1,0,0,0,1,0,0,0,1,0,0
0,10.0,1,25.0,2.0,3,3,4,0,17.0,0.0,1.0,2.0,157.68,2.0,1.0,157.68,1.097,0,1.9,0,1,0,0,0,0,1,0,0,0,1,0,0,0,1,0,1
0,12.0,1,10.0,2.0,3,3,1,0,13.0,3.0,3.0,8.0,150.42,8.0,3.0,150.42,1.824,0,2.5,0,0,0,0,0,1,0,0,0,0,1,0,0,0,0,1,0
0,18.0,1,8.0,2.0,4,1,2,0,19.0,3.0,3.0,9.0,157.7,9.0,3.0,157.7,1.851,0,2.8,0,1,0,0,0,0,0,0,1,0,1,0,0,0,1,0,0
0,11.0,1,8.0,2.0,4,3,4,1,19.0,0.0,1.0,2.0,177.56,2.0,1.0,177.56,1.177,0,2.2,0,1,0,0,0,1,0,0,0,0,0,0,0,0,1,0,0
1,0.0,3,16.0,2.0,4,5,10,0,17.0,0.0,6.0,0.0,203.06,0.0,6.0,203.06,3.412,1,2.2,0,1,0,0,0,1,0,0,0,0,0,0,0,0,1,0,1
0,10.0,1,16.0,3.0,3,4,2,0,11.0,4.0,7.0,7.0,139.36,7.0,7.0,139.36,3.382,0,3.2,0,0,1,0,0,1,0,0,0,0,0,0,1,0,1,0,0
0,13.0,1,22.0,2.0,3,1,7,1,15.0,3.0,3.0,3.0,179.45,3.0,3.0,179.45,1.968,0,2.5,1,1,0,0,0,0,1,0,0,0,0,0,0,0,0,1,0
0,17.0,2,7.0,2.0,3,1,5,1,11.0,1.0,1.0,2.0,157.43,2.0,1.0,157.43,1.096,0,2.1,1,0,0,0,0,0,0,0,1,0,1,0,0,0,1,0,1
0,21.0,1,10.0,2.0,4,1,3,0,25.0,0.0,2.0,2.0,252.01999999999998,2.0,2.0,252.01999999999998,1.875,0,2.2,0,0,0,0,0,1,0,0,0,1,0,0,0,0,1,0,1
1,0.0,3,21.0,2.0,5,1,7,1,14.0,0.0,2.0,2.0,154.4,2.0,2.0,154.4,1.484,1,2.5,1,1,0,0,0,1,0,0,0,0,1,0,0,0,1,0,1
0,0.0,1,8.0,2.0,3,1,2,1,13.0,0.0,1.0,3.0,137.6,3.0,1.0,137.6,1.0,1,1.9,1,0,0,1,0,0,0,0,0,0,0,0,1,0,0,1,0
0,0.0,1,14.0,2.0,1,3,8,0,17.0,0.0,1.0,2.0,135.17,2.0,1.0,135.17,1.007,1,1.3,0,0,1,0,0,1,0,0,0,0,0,1,0,0,1,0,0
0,0.0,1,14.0,2.0,3,1,3,0,13.0,0.0,1.0,2.0,125.80000000000001,2.0,1.0,125.80000000000001,0.97,1,1.9,0,0,0,0,0,0,0,0,0,0,0,1,0,0,0,1,1
1,9.0,1,13.0,3.0,3,5,4,1,14.0,0.0,1.0,3.0,121.66,3.0,1.0,121.66,0.937,0,2.4,0,0,1,0,0,0,1,0,0,0,0,1,0,0,0,1,1
0,2.0,3,16.0,2.0,4,3,10,0,11.0,1.0,1.0,4.0,158.69,4.0,1.0,158.69,1.075,1,2.4,0,1,0,0,0,1,0,0,0,0,1,0,0,0,0,1,1
0,9.0,1,11.0,2.0,3,5,5,0,12.0,1.0,1.0,2.0,180.08,2.0,1.0,180.08,1.187,0,2.1,0,1,0,0,0,0,1,0,0,0,0,0,0,0,1,0,0
0,0.0,1,8.0,3.0,1,3,2,0,17.0,1.0,1.0,7.0,152.06,7.0,1.0,152.06,1.033,1,2.0,0,0,0,0,0,0,1,0,0,0,1,0,0,0,1,0,1
0,12.0,1,18.0,3.0,3,4,5,0,21.0,1.0,1.0,0.0,152.95,0.0,1.0,152.95,1.212,0,2.6,0,1,0,0,0,1,0,0,0,0,1,0,0,0,1,0,1
0,22.0,1,28.0,3.0,3,4,4,0,16.0,1.0,1.0,2.0,264.13,2.0,1.0,264.13,1.523,0,2.6,0,1,0,0,0,0,0,0,1,1,0,0,0,0,1,0,0
0,23.0,1,23.0,2.0,4,5,6,0,15.0,0.0,2.0,11.0,232.69,11.0,2.0,232.69,1.747,0,2.2,0,1,0,0,0,0,1,0,0,0,0,0,0,0,1,0,0
0,0.0,3,8.0,3.0,3,3,2,0,19.0,0.0,2.0,2.0,127.83000000000001,2.0,2.0,127.83000000000001,1.378,1,2.4,0,0,1,0,0,0,0,0,0,0,0,1,0,0,0,1,0
0,7.0,1,9.0,3.0,3,4,2,0,12.0,1.0,7.0,9.0,154.33,9.0,7.0,154.33,3.437,0,2.6,0,1,0,0,0,0,1,0,0,0,1,0,0,0,1,0,0
0,9.0,1,13.0,3.0,3,4,3,0,11.0,0.0,1.0,3.0,120.13,3.0,1.0,120.13,0.931,0,2.4,0,1,0,0,0,0,1,0,0,0,0,1,0,0,0,1,1
0,22.0,1,12.0,2.0,4,3,3,1,19.0,2.0,2.0,12.0,239.66000000000003,12.0,2.0,239.66000000000003,1.774,0,2.6,0,1,0,0,0,0,1,0,0,1,0,0,0,0,1,0,0
0,9.0,1,7.0,2.0,4,3,1,0,15.0,0.0,1.0,2.0,143.74,2.0,1.0,143.74,1.042,0,2.2,0,0,0,0,0,1,0,0,0,0,1,0,0,0,1,0,0
0,9.0,1,9.0,3.0,1,5,7,0,20.0,0.0,1.0,4.0,168.42,4.0,1.0,168.42,1.114,0,1.8,0,1,0,0,0,0,1,0,0,0,1,0,0,0,1,0,1
0,27.0,1,28.0,3.0,3,3,4,0,25.0,1.0,4.0,7.0,274.26,7.0,4.0,274.26,2.722,0,2.6,0,1,0,0,0,1,0,0,0,1,0,0,0,0,1,0,0
0,16.0,1,21.0,3.0,4,3,2,0,24.0,1.0,6.0,11.0,276.03,11.0,6.0,276.03,3.521,0,2.9,0,1,0,0,0,0,1,0,0,1,0,0,0,0,1,0,1
1,0.0,3,18.0,2.0,3,1,4,1,24.0,5.0,6.0,7.0,145.81,7.0,6.0,145.81,3.008,1,2.9,1,0,0,0,0,0,0,0,1,0,1,0,0,0,0,1,1
0,11.0,1,7.0,2.0,3,1,8,0,15.0,1.0,2.0,9.0,147.35,9.0,2.0,147.35,1.409,0,2.1,0,0,0,0,0,0,1,0,0,0,1,0,0,0,1,0,1
0,2.0,3,11.0,2.0,4,4,2,1,13.0,0.0,1.0,9.0,141.87,9.0,1.0,141.87,0.987,1,2.2,0,0,1,0,0,1,0,0,0,0,1,0,0,0,1,0,1
0,6.0,3,8.0,3.0,3,1,2,0,14.0,1.0,1.0,4.0,155.05,4.0,1.0,155.05,1.06,0,2.6,0,1,0,0,0,1,0,0,0,0,1,0,0,0,1,0,1
0,5.0,1,8.0,2.0,3,4,1,0,13.0,1.0,1.0,6.0,154.7,6.0,1.0,154.7,1.047,0,2.1,0,1,0,0,0,1,0,0,0,0,1,0,0,0,1,0,1
0,4.0,3,11.0,3.0,3,1,2,0,11.0,0.0,1.0,2.0,154.76,2.0,1.0,154.76,1.086,0,2.4,0,1,0,0,0,0,1,0,0,0,1,0,0,0,1,0,0
0,22.0,1,14.0,3.0,3,5,5,1,16.0,0.0,2.0,2.0,125.87,2.0,2.0,125.87,1.37,0,2.4,0,0,1,0,0,0,0,0,0,0,0,1,0,0,1,0,0
0,11.0,1,14.0,2.0,4,4,2,0,22.0,0.0,3.0,3.0,124.4,3.0,3.0,124.4,1.748,0,2.2,0,0,0,0,0,0,0,0,0,0,0,1,0,0,0,1,0
0,20.0,3,8.0,2.0,1,4,7,0,14.0,1.0,2.0,2.0,259.72,2.0,2.0,259.72,1.906,0,1.5,0,1,0,0,0,0,1,0,0,1,0,0,0,0,1,0,0
0,22.0,1,7.0,2.0,3,3,5,0,14.0,1.0,2.0,0.0,253.79000000000002,0.0,2.0,253.79000000000002,2.015,0,2.1,0,1,0,0,0,0,1,0,0,1,0,0,0,0,0,1,1
0,14.0,3,29.0,3.0,3,3,4,1,16.0,0.0,1.0,2.0,170.82,2.0,1.0,170.82,1.15,0,2.4,0,1,0,0,0,0,1,0,0,0,0,0,0,0,0,1,1
0,0.0,3,15.0,3.0,3,5,2,0,11.0,0.0,1.0,2.0,127.28,2.0,1.0,127.28,0.976,1,2.4,0,0,1,0,0,0,1,0,0,0,0,1,0,0,0,1,1
0,6.0,3,22.0,2.0,3,1,2,1,25.0,0.0,1.0,2.0,153.68,2.0,1.0,153.68,1.081,0,1.9,1,0,0,0,0,0,1,0,0,0,1,0,0,0,1,0,0
0,9.0,1,32.0,3.0,3,3,7,0,14.0,1.0,1.0,2.0,153.47,2.0,1.0,153.47,1.081,0,2.6,0,1,0,0,0,0,1,0,0,0,1,0,0,0,1,0,1
0,17.0,2,7.0,2.0,3,1,5,1,18.0,2.0,2.0,2.0,131.95,2.0,2.0,131.95,1.394,0,2.3,1,0,1,0,0,0,1,0,0,0,0,1,0,0,1,0,0
1,0.0,1,14.0,3.0,4,3,2,1,11.0,1.0,1.0,2.0,139.89,2.0,1.0,139.89,1.026,1,2.9,0,0,1,0,0,1,0,0,0,0,0,0,1,0,0,1,1
0,11.0,1,10.0,2.0,3,3,8,0,19.0,0.0,1.0,0.0,133.06,0.0,1.0,133.06,1.132,0,1.9,0,0,1,0,0,0,0,0,0,0,0,1,0,0,1,0,0
0,26.0,1,30.0,2.0,1,1,4,0,15.0,0.0,1.0,2.0,170.05,2.0,1.0,170.05,1.147,0,1.3,0,1,0,0,0,1,0,0,0,0,0,0,0,0,1,0,1
1,11.0,3,14.0,3.0,3,3,3,1,11.0,1.0,7.0,7.0,126.55000000000001,7.0,7.0,126.55000000000001,3.331,0,2.6,0,0,0,0,0,0,0,0,0,0,0,1,0,0,1,0,0
1,9.0,1,8.0,3.0,3,4,2,0,12.0,0.0,1.0,0.0,113.93,0.0,1.0,113.93,1.056,0,2.4,0,1,0,0,0,0,1,0,0,0,0,0,1,0,0,1,1
0,0.0,1,14.0,3.0,3,1,2,0,20.0,0.0,5.0,7.0,125.69999999999999,7.0,5.0,125.69999999999999,2.528,1,2.4,0,0,0,0,0,0,0,0,0,0,0,1,0,0,0,1,1
0,28.0,1,28.0,3.0,4,4,6,0,12.0,1.0,1.0,2.0,135.37,2.0,1.0,135.37,1.008,0,2.9,0,0,1,1,0,0,0,0,0,0,0,1,0,0,1,0,1
0,7.0,1,11.0,2.0,4,1,2,0,14.0,0.0,4.0,13.0,139.86,13.0,4.0,139.86,2.174,0,2.2,0,0,1,0,0,1,0,0,0,0,1,0,0,0,1,0,1
0,30.0,1,7.0,3.0,5,1,4,0,20.0,1.0,1.0,0.0,208.82999999999998,0.0,1.0,208.82999999999998,1.435,0,3.2,0,1,0,0,0,1,0,0,0,0,0,0,0,0,1,0,1
0,9.0,1,27.0,3.0,1,4,2,0,18.0,0.0,2.0,13.0,120.28,13.0,2.0,120.28,1.295,0,1.8,0,0,1,0,0,0,0,0,0,0,0,1,0,0,1,0,1
0,10.0,3,7.0,2.0,5,1,2,0,14.0,1.0,1.0,3.0,195.25,3.0,1.0,195.25,1.231,0,2.7,0,0,0,0,0,1,0,0,0,0,1,0,0,0,1,0,1
0,7.0,1,25.0,3.0,4,1,2,0,12.0,1.0,8.0,7.0,129.29,7.0,8.0,129.29,3.742,0,2.9,0,0,1,0,0,0,1,0,0,0,0,1,0,0,1,0,0
1,9.0,3,13.0,3.0,3,1,2,1,21.0,1.0,1.0,2.0,122.75,2.0,1.0,122.75,0.958,0,2.6,1,0,1,0,0,0,1,0,0,0,0,1,0,0,1,0,1
0,17.0,1,8.0,3.0,1,1,2,1,19.0,1.0,6.0,7.0,178.79,7.0,6.0,178.79,3.14,0,2.0,1,1,0,0,0,0,1,0,0,0,0,0,0,0,1,0,0
0,8.0,1,8.0,3.0,4,1,1,1,14.0,1.0,1.0,4.0,149.3,4.0,1.0,149.3,1.037,0,2.9,1,0,0,0,0,1,0,0,0,0,0,0,1,0,0,1,1
0,16.0,3,8.0,3.0,3,1,2,1,17.0,3.0,8.0,8.0,178.47,8.0,8.0,178.47,3.936,0,3.0,1,1,0,0,0,1,0,0,0,0,1,0,0,0,1,0,1
0,0.0,1,15.0,3.0,1,3,2,0,16.0,0.0,1.0,4.0,144.01,4.0,1.0,144.01,1.016,1,1.8,0,0,1,0,0,1,0,0,0,0,0,0,1,0,1,0,1
0,14.0,3,12.0,2.0,3,3,2,0,12.0,3.0,8.0,7.0,192.41,7.0,8.0,192.41,3.995,0,2.5,0,1,0,0,0,0,0,1,0,0,0,0,0,0,0,1,1
0,2.0,1,15.0,3.0,3,3,10,0,17.0,0.0,1.0,2.0,129.74,2.0,1.0,129.74,0.986,1,2.4,0,0,1,0,0,0,0,0,0,0,0,1,0,0,1,0,0
0,9.0,3,8.0,2.0,3,1,4,0,15.0,6.0,6.0,7.0,145.02,7.0,6.0,145.02,3.005,0,3.1,0,0,1,0,0,0,1,0,0,0,1,0,0,0,0,1,0
0,18.0,1,7.0,3.0,4,3,4,0,23.0,4.0,14.0,4.0,207.48000000000002,4.0,14.0,207.48000000000002,6.47,0,3.5,0,0,0,0,0,0,1,0,0,0,0,0,0,0,1,0,1
1,9.0,2,28.0,2.0,5,3,2,0,11.0,0.0,1.0,0.0,115.55000000000001,0.0,1.0,115.55000000000001,1.062,0,2.5,0,1,0,0,0,0,0,0,1,0,0,0,1,0,1,0,1
1,10.0,3,15.0,2.0,5,3,8,0,11.0,6.0,14.0,3.0,229.36,3.0,14.0,229.36,6.567,0,3.7,0,0,0,0,0,0,1,0,0,1,0,0,0,0,1,0,1
0,9.0,1,23.0,3.0,5,3,2,0,15.0,1.0,1.0,2.0,123.05000000000001,2.0,1.0,123.05000000000001,0.959,0,3.2,0,0,1,0,0,0,0,0,0,0,0,1,0,0,1,0,1
0,18.0,1,34.0,2.0,4,4,2,0,11.0,1.0,8.0,6.0,267.04,6.0,8.0,267.04,4.297,0,2.4,0,1,0,0,1,0,0,0,0,1,0,0,0,0,0,1,0
0,5.0,1,16.0,2.0,3,3,7,0,13.0,0.0,1.0,3.0,134.33,3.0,1.0,134.33,0.987,0,1.9,0,0,0,0,0,0,1,0,0,0,0,1,0,0,1,0,1
0,4.0,1,8.0,3.0,3,3,2,0,14.0,1.0,1.0,3.0,134.77,3.0,1.0,134.77,0.989,0,2.6,0,0,1,0,0,0,1,0,0,0,0,1,0,0,1,0,1
0,14.0,2,10.0,2.0,5,4,7,0,19.0,0.0,1.0,2.0,164.3,2.0,1.0,164.3,1.124,0,2.5,0,0,0,0,0,0,0,0,1,0,1,0,0,0,1,0,1
0,13.0,1,14.0,3.0,3,5,3,1,16.0,1.0,1.0,0.0,165.16,0.0,1.0,165.16,1.261,0,2.6,0,1,0,0,0,0,1,0,0,0,1,0,0,0,1,0,0
0,0.0,1,35.0,3.0,3,5,2,0,13.0,1.0,1.0,2.0,139.07,2.0,1.0,139.07,1.023,1,2.6,0,0,1,0,0,1,0,0,0,0,0,0,1,0,1,0,1
0,19.0,1,19.0,2.0,3,4,7,0,14.0,1.0,1.0,9.0,155.62,9.0,1.0,155.62,1.042,0,2.1,0,1,0,0,0,0,1,0,0,0,1,0,0,0,0,1,1
0,8.0,1,33.0,2.0,3,3,3,0,16.0,1.0,1.0,7.0,168.83,7.0,1.0,168.83,1.1,0,2.1,0,1,0,0,0,0,1,0,0,0,1,0,0,0,1,0,1
0,3.0,1,22.0,3.0,3,1,2,0,12.0,0.0,1.0,8.0,128.62,8.0,1.0,128.62,0.937,0,2.4,0,0,1,0,0,0,1,0,0,0,0,1,0,0,1,0,1
0,20.0,3,8.0,2.0,3,4,8,0,11.0,0.0,1.0,0.0,149.78,0.0,1.0,149.78,1.199,0,1.9,0,0,0,0,0,0,0,1,0,0,1,0,0,0,1,0,1
0,19.0,3,8.0,3.0,3,1,5,1,12.0,0.0,1.0,3.0,203.68,3.0,1.0,203.68,1.265,0,2.4,1,1,0,0,0,0,1,0,0,0,0,0,0,0,1,0,1
1,0.0,3,19.0,3.0,4,5,6,1,13.0,1.0,2.0,2.0,161.34,2.0,2.0,161.34,1.512,1,2.9,0,1,0,0,0,0,0,1,0,0,1,0,0,0,1,0,1
1,0.0,3,7.0,2.0,5,4,7,0,15.0,0.0,1.0,0.0,167.35,0.0,1.0,167.35,1.269,1,2.5,0,1,0,0,0,0,1,0,0,0,1,0,0,0,0,1,1
0,0.0,1,10.0,2.0,3,4,2,0,13.0,0.0,1.0,2.0,132.95,2.0,1.0,132.95,0.998,1,1.9,0,0,1,0,0,0,0,0,0,0,0,1,0,0,0,1,0
0,4.0,1,30.0,1.0,3,1,3,0,20.0,0.0,1.0,4.0,152.38,4.0,1.0,152.38,1.05,0,1.4,0,0,0,1,0,0,0,0,0,0,1,0,0,0,0,1,0
0,12.0,1,7.0,3.0,3,1,2,1,15.0,0.0,5.0,8.0,164.72,8.0,5.0,164.72,2.681,0,2.4,1,0,0,0,0,0,1,0,0,0,1,0,0,0,1,0,1
0,5.0,3,25.0,3.0,5,3,4,0,13.0,0.0,1.0,2.0,196.1,2.0,1.0,196.1,1.251,0,3.0,0,1,0,0,0,0,1,0,0,0,0,0,0,0,1,0,1
0,13.0,3,13.0,2.0,3,4,2,0,15.0,12.0,12.0,8.0,298.33,8.0,12.0,298.33,6.016,0,4.3,0,1,0,0,0,1,0,0,0,0,0,0,0,1,0,1,1
0,18.0,2,10.0,2.0,5,3,5,0,21.0,1.0,1.0,3.0,197.56,3.0,1.0,197.56,1.24,0,2.7,0,1,0,0,0,0,1,0,0,0,0,0,0,0,1,0,0
0,3.0,1,8.0,3.0,4,5,1,0,16.0,0.0,1.0,7.0,149.68,7.0,1.0,149.68,1.024,0,2.7,0,0,0,1,0,0,0,0,0,0,0,0,1,0,0,1,0
0,9.0,2,16.0,2.0,3,1,1,0,14.0,0.0,2.0,1.0,121.44999999999999,1.0,2.0,121.44999999999999,1.386,0,1.9,0,0,0,0,0,0,0,0,0,0,0,1,0,0,1,0,1
1,9.0,2,14.0,3.0,4,1,7,0,11.0,1.0,1.0,2.0,121.80000000000001,2.0,1.0,121.80000000000001,0.954,0,2.9,0,0,0,0,0,0,0,0,1,0,0,1,0,0,1,0,0
0,4.0,3,11.0,2.0,3,3,2,0,19.0,1.0,1.0,2.0,183.46,2.0,1.0,183.46,1.201,0,2.1,0,1,0,1,0,0,0,0,0,0,1,0,0,0,1,0,1
0,0.0,1,14.0,3.0,3,1,2,0,11.0,0.0,1.0,4.0,134.45,4.0,1.0,134.45,0.978,1,2.4,0,0,1,0,0,0,0,0,0,0,0,1,0,0,0,1,0
1,0.0,3,15.0,3.0,5,4,2,0,13.0,2.0,2.0,2.0,127.6,2.0,2.0,127.6,1.377,1,3.4,0,0,1,0,0,0,0,1,0,0,0,1,0,0,0,1,0
0,2.0,1,7.0,3.0,1,3,9,1,12.0,1.0,1.0,2.0,162.94,2.0,1.0,162.94,1.118,1,2.0,0,0,0,0,0,0,1,0,0,0,1,0,0,0,0,1,1
0,3.0,3,21.0,3.0,4,5,3,0,11.0,1.0,1.0,7.0,171.4,7.0,1.0,171.4,1.111,0,2.9,0,1,0,0,0,0,0,1,0,0,0,0,0,0,1,0,1
0,7.0,1,8.0,3.0,1,1,1,1,14.0,1.0,1.0,2.0,129.32,2.0,1.0,129.32,0.984,0,2.0,1,0,1,0,0,0,0,0,0,0,0,1,0,0,1,0,1
0,6.0,3,8.0,3.0,3,4,9,0,15.0,1.0,1.0,7.0,151.47,7.0,1.0,151.47,1.031,0,2.6,0,0,0,0,0,0,0,1,0,0,1,0,0,0,0,1,0
0,22.0,3,17.0,3.0,3,1,4,0,12.0,0.0,1.0,4.0,145.07,4.0,1.0,145.07,1.02,0,2.4,0,0,1,0,0,0,0,1,0,0,1,0,0,0,0,1,0
1,0.0,3,22.0,3.0,3,5,3,1,20.0,1.0,1.0,0.0,185.64,0.0,1.0,185.64,1.343,1,2.6,0,1,0,0,0,0,1,0,0,0,0,0,0,0,0,1,0
0,11.0,1,14.0,3.0,4,4,5,0,14.0,0.0,1.0,5.0,124.68,5.0,1.0,124.68,0.932,0,2.7,0,0,0,0,0,0,0,0,0,0,0,1,0,0,1,0,0
1,0.0,3,22.0,3.0,3,3,3,0,13.0,0.0,1.0,0.0,181.61,0.0,1.0,181.61,1.326,1,2.4,0,1,0,0,0,0,0,1,0,0,0,0,0,0,1,0,1
0,9.0,1,10.0,3.0,4,5,2,0,13.0,0.0,1.0,0.0,121.09,0.0,1.0,121.09,1.084,0,2.7,0,0,1,0,1,0,0,0,0,0,0,1,0,0,1,0,0
0,3.0,1,22.0,2.0,1,3,4,0,16.0,1.0,1.0,7.0,152.94,7.0,1.0,152.94,1.037,0,1.5,0,1,0,0,0,0,1,0,0,0,1,0,0,0,1,0,1
0,5.0,1,11.0,3.0,3,4,3,0,14.0,1.0,1.0,7.0,127.18,7.0,1.0,127.18,0.934,0,2.6,0,0,0,1,0,0,0,0,0,0,0,1,0,0,0,1,1
0,11.0,1,24.0,2.0,5,1,4,1,16.0,0.0,1.0,0.0,158.11,0.0,1.0,158.11,1.232,0,2.5,1,1,0,0,0,1,0,0,0,0,1,0,0,0,1,0,1
1,6.0,1,14.0,2.0,4,3,10,1,16.0,1.0,1.0,0.0,124.37,0.0,1.0,124.37,1.097,0,2.4,0,0,0,1,0,0,0,0,0,0,0,1,0,0,1,0,1
0,15.0,1,18.0,3.0,3,4,9,0,22.0,1.0,1.0,4.0,127.66,4.0,1.0,127.66,0.951,0,2.6,0,0,1,0,0,0,0,0,0,0,0,1,0,0,1,0,1
0,28.0,1,8.0,2.0,4,5,9,0,12.0,1.0,1.0,0.0,290.38,0.0,1.0,290.38,1.762,0,2.4,0,1,0,0,0,1,0,0,0,0,0,0,0,1,1,0,1
0,6.0,1,10.0,3.0,3,4,6,0,15.0,0.0,1.0,7.0,130.55,7.0,1.0,130.55,0.947,0,2.4,0,0,0,1,0,0,0,0,0,0,1,0,0,0,1,0,1
0,9.0,1,15.0,3.0,3,5,2,0,20.0,0.0,1.0,4.0,122.88999999999999,4.0,1.0,122.88999999999999,0.932,0,2.4,0,0,1,0,0,0,1,0,0,0,0,1,0,0,1,0,1
0,7.0,3,16.0,2.0,3,3,2,1,14.0,1.0,1.0,7.0,140.01,7.0,1.0,140.01,0.985,0,2.1,0,0,0,0,0,0,1,0,0,0,1,0,0,0,1,0,1
0,26.0,1,7.0,2.0,4,3,5,1,20.0,1.0,1.0,3.0,229.64999999999998,3.0,1.0,229.64999999999998,1.369,0,2.4,0,0,0,0,0,1,0,0,0,1,0,0,0,0,1,0,0
0,16.0,2,8.0,3.0,3,1,1,0,13.0,1.0,1.0,8.0,135.39,8.0,1.0,135.39,0.964,0,2.6,0,0,1,0,0,0,1,0,0,0,0,1,0,0,0,1,1
0,7.0,3,9.0,2.0,5,1,6,0,12.0,2.0,2.0,2.0,160.29,2.0,2.0,160.29,1.508,0,2.9,0,1,0,0,0,0,1,0,0,0,1,0,0,0,0,1,0
1,0.0,3,13.0,3.0,3,4,2,0,13.0,0.0,1.0,0.0,126.78999999999999,0.0,1.0,126.78999999999999,1.107,1,2.4,0,0,1,0,0,0,0,1,0,0,0,1,0,0,0,1,1
0,11.0,1,12.0,2.0,4,3,2,0,11.0,1.0,1.0,4.0,137.02,4.0,1.0,137.02,0.988,0,2.4,0,0,1,0,0,0,0,0,1,0,0,0,1,0,1,0,0
1,0.0,1,14.0,3.0,3,5,2,1,17.0,0.0,1.0,0.0,123.97999999999999,0.0,1.0,123.97999999999999,1.096,1,2.4,0,0,1,0,0,0,0,0,0,0,0,1,0,0,1,0,0
0,4.0,3,35.0,3.0,4,1,2,0,14.0,0.0,5.0,7.0,154.68,7.0,5.0,154.68,2.644,0,2.7,0,1,0,0,0,0,0,1,0,0,1,0,0,0,1,0,0
0,24.0,1,9.0,2.0,3,3,3,0,11.0,2.0,2.0,3.0,231.16000000000003,3.0,2.0,231.16000000000003,1.775,0,2.3,0,1,0,0,1,0,0,0,0,0,0,0,0,0,1,0,0
0,10.0,3,15.0,2.0,4,4,2,0,14.0,1.0,1.0,3.0,141.89,3.0,1.0,141.89,1.018,0,2.4,0,0,1,0,0,0,0,1,0,0,1,0,0,0,1,0,1
0,19.0,1,8.0,2.0,3,1,8,1,15.0,2.0,2.0,2.0,293.28,2.0,2.0,293.28,2.04,0,2.3,1,1,0,0,0,1,0,0,0,0,0,0,0,1,1,0,1
0,9.0,1,16.0,2.0,3,5,8,1,13.0,2.0,5.0,7.0,183.21,7.0,5.0,183.21,2.758,0,2.3,0,1,0,0,0,0,1,0,0,0,0,0,0,0,1,0,1
1,7.0,1,14.0,3.0,3,4,2,1,12.0,2.0,2.0,3.0,123.41999999999999,3.0,2.0,123.41999999999999,1.344,0,2.8,0,0,0,0,0,0,0,0,0,0,0,1,0,0,1,0,1
0,10.0,2,14.0,2.0,3,4,3,0,13.0,3.0,4.0,7.0,140.71,7.0,4.0,140.71,2.188,0,2.5,0,0,1,0,0,0,0,0,1,0,1,0,0,0,1,0,1
1,0.0,3,33.0,2.0,3,1,2,1,18.0,3.0,7.0,7.0,158.13,7.0,7.0,158.13,3.458,1,2.5,1,1,0,0,0,0,1,0,0,0,1,0,0,0,0,1,1
0,6.0,1,14.0,3.0,1,5,7,0,19.0,3.0,7.0,6.0,131.43,6.0,7.0,131.43,3.354,0,2.4,0,0,1,0,0,0,1,0,0,0,0,1,0,0,1,0,1
0,9.0,1,7.0,2.0,3,1,2,0,11.0,0.0,1.0,3.0,120.44,3.0,1.0,120.44,0.932,0,1.9,0,0,1,0,0,0,1,0,0,0,0,1,0,0,1,0,1
0,12.0,1,16.0,3.0,3,3,8,0,21.0,2.0,2.0,2.0,234.64,2.0,2.0,234.64,1.805,0,2.8,0,1,0,0,0,1,0,0,0,0,0,0,0,0,0,1,1
0,19.0,3,32.0,3.0,4,4,9,0,15.0,1.0,2.0,2.0,179.91,2.0,2.0,179.91,1.586,0,2.9,0,0,0,0,0,0,1,0,0,0,1,0,0,0,0,1,1
0,13.0,1,8.0,3.0,3,5,5,0,17.0,1.0,1.0,2.0,133.77,2.0,1.0,133.77,1.002,0,2.6,0,0,1,0,0,0,1,0,0,0,0,1,0,0,1,0,0
0,15.0,1,19.0,3.0,1,5,6,0,18.0,1.0,1.0,0.0,155.38,0.0,1.0,155.38,1.222,0,2.0,0,1,0,0,0,1,0,0,0,0,1,0,0,0,1,0,1
0,8.0,1,8.0,2.0,3,1,3,0,14.0,1.0,1.0,7.0,157.62,7.0,1.0,157.62,1.055,0,2.1,0,0,0,0,0,1,0,0,0,0,1,0,0,0,1,0,1
0,11.0,2,14.0,3.0,3,4,6,0,13.0,2.0,3.0,8.0,125.91999999999999,8.0,3.0,125.91999999999999,1.726,0,2.8,0,0,0,0,0,0,0,0,1,0,0,1,0,0,1,0,1
1,0.0,1,15.0,3.0,3,5,5,0,17.0,0.0,1.0,7.0,153.46,7.0,1.0,153.46,1.039,1,2.4,0,0,0,0,0,0,1,0,0,0,1,0,0,0,1,0,1
1,0.0,1,16.0,2.0,3,5,2,0,15.0,0.0,1.0,8.0,142.13,8.0,1.0,142.13,0.991,1,1.9,0,0,1,0,0,1,0,0,0,0,1,0,0,0,0,1,1
0,12.0,3,26.0,2.0,3,1,3,0,18.0,1.0,2.0,2.0,141.27,2.0,2.0,141.27,1.432,0,2.1,0,0,0,0,0,0,1,0,0,0,1,0,0,0,1,0,1
0,16.0,1,14.0,2.0,3,3,5,0,13.0,1.0,1.0,2.0,124.38,2.0,1.0,124.38,0.964,0,2.1,0,0,0,0,0,0,1,0,0,0,0,1,0,0,0,1,1
0,14.0,1,11.0,2.0,1,4,4,0,12.0,0.0,1.0,2.0,168.7,2.0,1.0,168.7,1.141,0,1.3,0,1,0,0,0,0,1,0,0,0,1,0,0,0,0,1,1
0,14.0,3,10.0,2.0,3,3,1,1,13.0,5.0,13.0,5.0,204.47,5.0,13.0,204.47,6.051,0,2.9,0,1,0,0,0,0,0,1,0,0,0,0,0,0,1,0,0
0,3.0,1,16.0,3.0,3,3,10,0,14.0,0.0,1.0,2.0,196.67,2.0,1.0,196.67,1.253,0,2.4,0,1,0,0,0,1,0,0,0,0,0,0,0,0,0,1,0
1,9.0,2,26.0,3.0,3,4,1,1,11.0,0.0,1.0,4.0,121.47999999999999,4.0,1.0,121.47999999999999,0.926,0,2.4,0,0,1,0,0,0,0,0,0,0,0,1,0,0,1,0,0
1,9.0,1,27.0,3.0,3,4,5,0,22.0,3.0,3.0,7.0,189.26,7.0,3.0,189.26,1.982,0,3.0,0,1,0,0,0,1,0,0,0,0,1,0,0,0,1,0,0
0,13.0,1,7.0,2.0,3,1,5,0,17.0,0.0,1.0,3.0,165.13,3.0,1.0,165.13,1.111,0,1.9,0,1,0,0,0,0,1,0,0,0,1,0,0,0,1,0,0
0,7.0,3,14.0,3.0,1,3,2,0,21.0,2.0,4.0,8.0,167.99,8.0,4.0,167.99,2.294,0,2.2,0,1,0,1,0,0,0,0,0,0,1,0,0,0,1,0,1
0,30.0,3,8.0,2.0,3,4,5,0,22.0,1.0,14.0,14.0,262.91,14.0,14.0,262.91,6.665,0,2.1,0,0,0,0,0,1,0,0,0,1,0,0,0,0,1,0,1
0,8.0,1,29.0,3.0,5,3,1,0,16.0,0.0,1.0,3.0,127.05000000000001,3.0,1.0,127.05000000000001,0.958,0,3.0,0,0,1,0,0,0,0,0,0,0,0,1,0,0,1,0,1
0,20.0,1,10.0,3.0,4,4,9,1,12.0,5.0,14.0,10.0,203.33,10.0,14.0,203.33,6.432,0,3.7,0,1,0,0,0,0,1,0,0,0,0,0,0,0,1,0,0
0,13.0,1,18.0,2.0,3,5,3,0,12.0,1.0,7.0,7.0,144.48,7.0,7.0,144.48,3.403,0,2.1,0,0,1,0,0,0,1,0,0,0,1,0,0,0,1,0,0
0,27.0,1,13.0,3.0,3,1,5,0,15.0,1.0,1.0,7.0,168.54,7.0,1.0,168.54,1.099,0,2.6,0,1,0,0,0,1,0,0,0,0,1,0,0,0,1,0,0
0,4.0,3,13.0,3.0,3,5,3,0,14.0,2.0,2.0,2.0,196.37,2.0,2.0,196.37,1.652,0,2.8,0,0,0,0,0,0,0,1,0,0,0,0,0,0,1,0,0
0,1.0,1,7.0,3.0,3,5,2,0,25.0,1.0,1.0,2.0,135.91,2.0,1.0,135.91,1.01,1,2.6,0,0,1,0,0,1,0,0,0,0,0,0,1,0,1,0,0
0,11.0,3,8.0,3.0,5,1,3,1,20.0,0.0,1.0,3.0,154.05,3.0,1.0,154.05,1.066,0,3.0,1,1,0,0,0,0,0,1,0,0,1,0,0,0,1,0,0
0,0.0,3,16.0,2.0,3,1,2,0,13.0,1.0,1.0,2.0,146.84,2.0,1.0,146.84,1.054,1,2.1,0,0,1,0,0,1,0,0,0,0,1,0,0,0,0,1,1
0,30.0,1,21.0,2.0,3,3,3,1,14.0,2.0,2.0,2.0,257.87,2.0,2.0,257.87,1.898,0,2.3,0,0,0,0,0,0,1,0,0,1,0,0,0,0,1,0,1
0,9.0,1,20.0,2.0,3,3,2,0,16.0,1.0,1.0,0.0,115.13999999999999,0.0,1.0,115.13999999999999,1.061,0,2.1,0,0,0,0,0,1,0,0,0,0,0,0,1,0,0,1,0
1,0.0,2,24.0,3.0,1,5,1,0,17.0,1.0,1.0,0.0,129.56,0.0,1.0,129.56,1.118,1,2.0,0,0,1,0,0,0,0,0,1,0,0,1,0,0,1,0,1
1,0.0,2,14.0,2.0,4,5,5,1,15.0,2.0,2.0,0.0,123.35,0.0,2.0,123.35,1.493,1,2.6,0,0,1,0,0,0,0,0,1,0,0,1,0,0,1,0,1
0,18.0,3,8.0,3.0,3,3,5,0,22.0,3.0,5.0,7.0,151.54,7.0,5.0,151.54,2.631,0,3.0,0,0,0,0,0,0,1,0,0,0,1,0,0,0,1,0,0
0,9.0,1,8.0,3.0,3,4,5,1,22.0,1.0,1.0,0.0,169.62,0.0,1.0,169.62,1.278,0,2.6,0,1,0,0,0,0,0,0,1,0,1,0,0,0,1,0,0
0,16.0,3,8.0,3.0,3,1,2,0,20.0,7.0,7.0,7.0,156.75,7.0,7.0,156.75,3.452,0,3.8,0,0,0,0,0,0,1,0,0,0,1,0,0,0,1,0,1
0,0.0,1,14.0,2.0,3,1,1,1,14.0,1.0,1.0,2.0,123.78999999999999,2.0,1.0,123.78999999999999,0.962,1,2.1,1,0,0,0,0,0,1,0,0,0,0,1,0,0,0,1,0
0,2.0,1,26.0,2.0,3,1,2,0,13.0,1.0,3.0,10.0,138.12,10.0,3.0,138.12,1.771,1,2.1,0,0,0,0,0,1,0,0,0,0,0,0,1,0,1,0,1
0,5.0,3,16.0,3.0,3,1,9,0,13.0,0.0,1.0,0.0,146.48,0.0,1.0,146.48,1.186,0,2.4,0,0,0,0,0,0,0,1,0,0,1,0,0,0,0,1,1
0,15.0,1,16.0,3.0,3,3,4,0,22.0,3.0,3.0,3.0,129.36,3.0,3.0,129.36,1.767,0,3.0,0,0,0,1,0,0,0,0,0,0,0,1,0,0,1,0,1
0,9.0,1,15.0,3.0,3,3,5,0,12.0,0.0,2.0,0.0,121.05000000000001,0.0,2.0,121.05000000000001,1.484,0,2.4,0,0,1,0,0,0,1,0,0,0,0,1,0,0,0,1,0
0,19.0,1,8.0,2.0,3,1,4,0,14.0,0.0,4.0,7.0,185.78,7.0,4.0,185.78,2.368,0,1.9,0,1,0,0,0,0,1,0,0,0,0,0,0,0,1,0,1
0,1.0,2,7.0,3.0,3,1,2,0,15.0,1.0,2.0,2.0,127.06,2.0,2.0,127.06,1.375,1,2.6,0,0,0,0,0,0,1,0,0,0,0,1,0,0,1,0,1
0,2.0,1,35.0,3.0,5,3,9,0,17.0,0.0,1.0,6.0,163.84,6.0,1.0,163.84,1.084,1,3.0,0,1,0,0,0,0,1,0,0,0,1,0,0,0,1,0,1
0,15.0,1,14.0,2.0,3,3,5,0,13.0,1.0,1.0,0.0,139.68,0.0,1.0,139.68,1.159,0,2.1,0,0,1,0,0,0,1,0,0,0,0,0,1,0,0,1,1
1,0.0,3,8.0,2.0,4,4,8,1,12.0,1.0,2.0,2.0,199.07,2.0,2.0,199.07,1.663,1,2.4,0,1,0,0,0,0,0,1,0,0,1,0,0,0,0,1,1
0,19.0,3,9.0,2.0,1,5,3,0,12.0,2.0,2.0,8.0,232.25,8.0,2.0,232.25,1.751,0,1.7,0,1,0,0,1,0,0,0,0,1,0,0,0,0,1,0,0
0,0.0,3,29.0,2.0,4,3,2,0,21.0,3.0,5.0,8.0,135.4,8.0,5.0,135.4,2.564,1,2.8,0,0,1,0,0,1,0,0,0,0,1,0,0,0,1,0,0
0,2.0,2,12.0,3.0,4,4,2,0,11.0,1.0,1.0,0.0,128.04,0.0,1.0,128.04,1.112,1,2.9,0,0,1,0,0,0,0,0,0,0,0,1,0,0,1,0,1
0,16.0,1,12.0,2.0,4,3,8,0,15.0,6.0,6.0,14.0,293.92,14.0,6.0,293.92,3.589,0,3.4,0,1,0,0,0,1,0,0,0,0,0,0,0,1,1,0,0
0,21.0,1,16.0,3.0,4,4,5,0,15.0,3.0,12.0,9.0,296.65,9.0,12.0,296.65,6.007,0,3.3,0,1,0,0,0,0,1,0,0,0,0,0,0,1,1,0,1
1,0.0,1,14.0,3.0,4,1,2,1,24.0,1.0,1.0,0.0,124.38999999999999,0.0,1.0,124.38999999999999,1.098,1,2.9,1,0,0,0,0,0,1,0,0,0,0,1,0,0,0,1,1
1,9.0,3,16.0,3.0,3,4,6,0,21.0,1.0,1.0,7.0,173.14,7.0,1.0,173.14,1.118,0,2.6,0,1,0,0,0,0,1,0,0,0,0,0,0,0,1,0,0
0,0.0,1,21.0,3.0,4,5,1,0,19.0,0.0,7.0,3.0,147.74,3.0,7.0,147.74,3.441,1,2.7,0,0,0,0,0,0,1,0,0,0,0,0,1,0,1,0,0
0,12.0,1,25.0,2.0,3,1,9,0,14.0,0.0,2.0,2.0,139.02,2.0,2.0,139.02,1.423,0,1.9,0,0,1,0,0,0,0,0,1,0,1,0,0,0,1,0,1
0,28.0,1,8.0,3.0,4,1,9,0,20.0,1.0,1.0,4.0,126.62,4.0,1.0,126.62,0.946,0,2.9,0,0,1,1,0,0,0,0,0,0,0,1,0,0,1,0,1
0,1.0,3,9.0,3.0,3,4,2,0,19.0,1.0,1.0,0.0,128.56,0.0,1.0,128.56,1.114,1,2.6,0,0,1,0,0,0,0,0,0,0,0,1,0,0,1,0,0
1,0.0,3,15.0,2.0,3,1,2,0,13.0,0.0,1.0,0.0,110.81,0.0,1.0,110.81,1.043,1,1.9,0,1,0,0,0,1,0,0,0,0,0,0,1,0,0,1,1
1,0.0,1,14.0,3.0,3,4,2,1,23.0,1.0,1.0,0.0,124.72,0.0,1.0,124.72,1.099,1,2.6,0,0,1,0,0,0,1,0,0,0,0,1,0,0,0,1,1
0,9.0,3,16.0,3.0,4,3,2,1,13.0,0.0,1.0,7.0,156.73,7.0,1.0,156.73,1.052,0,2.7,0,1,0,1,0,0,0,0,0,0,1,0,0,0,1,0,0
0,4.0,1,26.0,2.0,3,3,2,0,11.0,0.0,1.0,2.0,141.97,2.0,1.0,141.97,1.035,0,1.9,0,0,1,0,0,0,1,0,0,0,1,0,0,0,1,0,1
0,7.0,3,10.0,3.0,3,1,3,1,13.0,0.0,1.0,0.0,197.13,0.0,1.0,197.13,1.389,0,2.4,1,1,0,0,0,0,1,0,0,0,0,0,0,0,1,0,1
0,9.0,1,13.0,2.0,3,5,4,0,14.0,0.0,1.0,2.0,120.62,2.0,1.0,120.62,0.949,0,1.9,0,0,1,0,0,0,1,0,0,0,0,1,0,0,0,1,1
0,10.0,1,13.0,3.0,3,5,6,1,22.0,0.0,1.0,4.0,142.84,4.0,1.0,142.84,1.011,0,2.4,0,0,1,0,0,1,0,0,0,0,1,0,0,0,1,0,1
0,8.0,1,22.0,2.0,4,4,1,1,11.0,0.0,1.0,2.0,147.88,2.0,1.0,147.88,1.058,0,2.2,0,0,1,0,0,0,0,0,1,0,1,0,0,0,1,0,0
0,18.0,1,31.0,3.0,4,1,1,0,13.0,0.0,3.0,8.0,159.06,8.0,3.0,159.06,1.858,0,2.7,0,1,0,0,0,0,1,0,0,0,1,0,0,0,1,0,0
0,9.0,2,8.0,3.0,4,1,2,0,21.0,1.0,1.0,8.0,138.86,8.0,1.0,138.86,0.978,0,2.9,0,0,0,0,0,0,0,0,1,0,1,0,0,0,0,1,1
0,13.0,1,7.0,3.0,3,5,3,0,11.0,1.0,11.0,16.0,268.23,16.0,11.0,268.23,5.485,0,2.6,0,1,0,0,0,0,1,0,0,1,0,0,0,0,1,0,1
0,0.0,1,7.0,3.0,4,3,2,1,13.0,0.0,1.0,0.0,129.33,0.0,1.0,129.33,1.117,1,2.7,0,0,1,0,0,0,1,0,0,0,0,1,0,0,1,0,0
0,0.0,3,8.0,2.0,1,3,1,0,14.0,0.0,1.0,7.0,165.0,7.0,1.0,165.0,1.085,1,1.3,0,1,0,0,0,1,0,0,0,0,1,0,0,0,0,1,0
0,21.0,1,28.0,2.0,3,1,4,0,11.0,1.0,4.0,7.0,271.74,7.0,4.0,271.74,2.712,0,2.1,0,0,0,0,0,1,0,0,0,1,0,0,0,0,1,0,0
0,17.0,1,7.0,3.0,1,5,3,0,15.0,1.0,2.0,2.0,150.33,2.0,2.0,150.33,1.468,0,2.0,0,1,0,0,0,0,1,0,0,0,1,0,0,0,1,0,1
1,9.0,1,22.0,2.0,5,5,2,1,23.0,0.0,3.0,0.0,123.07,0.0,3.0,123.07,1.892,0,2.5,0,0,0,1,0,0,0,0,0,0,0,1,0,0,1,0,1
1,19.0,1,14.0,3.0,3,1,2,0,16.0,0.0,1.0,0.0,125.87,0.0,1.0,125.87,1.103,0,2.4,0,0,1,0,0,0,1,0,0,0,0,1,0,0,0,1,1
0,9.0,3,23.0,2.0,4,4,3,0,16.0,1.0,1.0,3.0,155.07,3.0,1.0,155.07,1.07,0,2.4,0,1,0,0,0,0,0,1,0,0,1,0,0,0,1,0,1
0,14.0,3,14.0,2.0,3,4,6,0,21.0,0.0,1.0,4.0,143.93,4.0,1.0,143.93,1.016,0,1.9,0,0,1,0,0,0,0,1,0,0,1,0,0,0,1,0,0
0,15.0,1,12.0,2.0,3,5,10,0,13.0,5.0,2.0,7.0,233.48000000000002,7.0,2.0,233.48000000000002,1.759,0,2.9,0,1,0,0,0,1,0,0,0,0,0,0,0,0,1,0,1
0,4.0,3,16.0,2.0,3,1,3,1,11.0,1.0,1.0,4.0,165.83,4.0,1.0,165.83,1.103,0,2.1,1,1,0,0,0,1,0,0,0,0,1,0,0,0,1,0,0
0,7.0,3,9.0,3.0,4,1,4,1,12.0,0.0,1.0,1.0,181.03,1.0,1.0,181.03,1.224,0,2.7,1,1,0,0,0,1,0,0,0,0,1,0,0,0,1,0,0
0,4.0,1,10.0,3.0,1,3,9,0,12.0,1.0,2.0,2.0,139.78,2.0,2.0,139.78,1.426,0,2.0,0,0,1,0,0,1,0,0,0,0,0,0,1,0,1,0,0
0,0.0,1,14.0,3.0,1,1,1,0,18.0,2.0,7.0,7.0,125.44,7.0,7.0,125.44,3.327,1,2.2,0,0,0,0,0,0,0,0,1,0,0,1,0,0,1,0,1
0,18.0,1,7.0,2.0,3,3,5,0,12.0,0.0,1.0,3.0,153.99,3.0,1.0,153.99,1.066,0,1.9,0,0,0,0,0,1,0,0,0,0,1,0,0,0,0,1,1
0,6.0,3,16.0,2.0,3,3,2,0,14.0,0.0,1.0,9.0,154.87,9.0,1.0,154.87,1.039,0,1.9,0,1,0,0,0,0,0,1,0,0,1,0,0,0,0,1,1
0,1.0,3,7.0,2.0,4,1,2,1,12.0,1.0,1.0,7.0,168.34,7.0,1.0,168.34,1.098,1,2.4,1,0,0,0,0,0,1,0,0,0,1,0,0,0,1,0,1
1,0.0,3,30.0,2.0,1,5,2,0,17.0,0.0,1.0,0.0,110.91,0.0,1.0,110.91,1.044,1,1.3,0,0,0,0,1,0,0,0,0,0,0,0,1,0,0,1,1
0,12.0,3,27.0,2.0,5,3,7,0,19.0,0.0,1.0,2.0,157.36,2.0,1.0,157.36,1.096,0,2.5,0,0,0,0,0,0,1,0,0,0,1,0,0,0,1,0,0
0,9.0,1,8.0,2.0,3,4,2,0,11.0,0.0,1.0,2.0,122.25999999999999,2.0,1.0,122.25999999999999,0.956,0,1.9,0,0,1,1,0,0,0,0,0,0,0,1,0,0,1,0,1
0,7.0,1,28.0,2.0,4,1,2,1,15.0,3.0,6.0,11.0,157.47,11.0,6.0,157.47,3.047,0,2.8,1,0,0,0,0,0,0,0,1,0,1,0,0,0,1,0,1
1,0.0,3,19.0,2.0,3,3,4,1,11.0,0.0,2.0,2.0,198.54,2.0,2.0,198.54,1.661,1,1.9,0,1,0,0,0,0,0,1,0,0,1,0,0,0,0,1,0
0,20.0,1,20.0,3.0,3,4,9,0,18.0,0.0,1.0,7.0,154.67,7.0,1.0,154.67,1.044,0,2.4,0,0,0,1,0,0,0,0,0,0,1,0,0,0,1,0,1
0,29.0,3,17.0,2.0,4,5,5,0,16.0,0.0,1.0,0.0,153.8,0.0,1.0,153.8,1.215,0,2.2,0,1,0,0,0,0,0,1,0,0,1,0,0,0,1,0,0
0,12.0,1,15.0,2.0,3,5,2,0,25.0,0.0,7.0,9.0,151.51,9.0,7.0,151.51,3.426,0,1.9,0,1,0,0,0,1,0,0,0,0,1,0,0,0,1,0,1
0,9.0,1,14.0,2.0,4,4,2,1,16.0,1.0,1.0,7.0,121.33000000000001,7.0,1.0,121.33000000000001,0.91,0,2.4,0,0,0,0,0,0,0,0,0,0,1,0,0,0,1,0,0
0,60.0,3,27.0,3.0,3,1,5,1,13.0,1.0,1.0,0.0,278.75,0.0,1.0,278.75,1.715,0,2.6,1,1,0,0,0,0,1,0,0,1,0,0,0,0,1,0,0
1,0.0,1,14.0,2.0,1,3,4,1,14.0,0.0,1.0,3.0,124.32,3.0,1.0,124.32,0.947,1,1.3,0,0,0,0,0,0,1,0,0,0,0,1,0,0,0,1,0
0,11.0,1,15.0,3.0,3,1,3,0,19.0,0.0,1.0,3.0,147.71,3.0,1.0,147.71,1.041,0,2.4,0,0,1,0,0,0,1,0,0,0,0,0,1,0,1,0,1
0,22.0,1,8.0,2.0,3,1,4,0,15.0,1.0,4.0,3.0,291.61,3.0,4.0,291.61,2.816,0,2.1,0,0,0,0,0,0,1,0,0,0,0,0,0,1,1,0,1
0,15.0,3,18.0,3.0,3,1,4,1,12.0,1.0,1.0,0.0,150.87,0.0,1.0,150.87,1.203,0,2.6,1,1,0,0,0,0,0,1,0,0,1,0,0,0,1,0,1
1,0.0,2,28.0,3.0,4,4,2,0,12.0,1.0,1.0,0.0,128.63,0.0,1.0,128.63,1.115,1,2.9,0,0,0,0,0,0,0,0,1,0,0,1,0,0,1,0,0
0,8.0,3,24.0,3.0,3,5,1,0,16.0,1.0,1.0,4.0,155.61,4.0,1.0,155.61,1.062,0,2.6,0,1,0,0,0,1,0,0,0,0,1,0,0,0,1,0,1
0,9.0,1,22.0,2.0,3,3,2,0,14.0,0.0,1.0,4.0,121.44,4.0,1.0,121.44,0.926,0,1.9,0,0,0,0,0,0,0,0,0,0,0,1,0,0,0,1,1
0,4.0,1,9.0,3.0,3,5,2,1,13.0,2.0,2.0,3.0,130.65,3.0,2.0,130.65,1.373,0,2.8,0,0,0,0,0,0,0,0,0,0,0,1,0,0,1,0,1
0,9.0,1,15.0,3.0,1,4,2,0,22.0,1.0,1.0,2.0,128.1,2.0,1.0,128.1,0.979,0,2.0,0,0,0,0,0,0,1,0,0,0,0,1,0,0,1,0,1
0,7.0,3,7.0,2.0,3,1,2,0,21.0,2.0,2.0,1.0,198.88,1.0,2.0,198.88,1.696,0,2.3,0,1,0,0,0,0,0,1,0,0,0,0,0,0,0,1,1
0,7.0,3,19.0,2.0,3,3,2,0,18.0,0.0,1.0,1.0,186.28,1.0,1.0,186.28,1.245,0,1.9,0,1,0,0,0,1,0,0,0,0,0,0,0,0,1,0,1
0,0.0,1,7.0,3.0,3,5,1,0,13.0,7.0,7.0,6.0,128.67,6.0,7.0,128.67,3.343,1,3.8,0,0,1,0,0,0,0,0,0,0,0,1,0,0,0,1,1
0,2.0,1,7.0,2.0,3,5,1,0,12.0,0.0,1.0,2.0,153.73,2.0,1.0,153.73,1.082,1,1.9,0,1,0,0,0,0,1,0,0,0,1,0,0,0,1,0,1
0,5.0,1,21.0,2.0,3,1,6,0,18.0,0.0,1.0,2.0,166.67,2.0,1.0,166.67,1.133,0,1.9,0,0,0,0,0,1,0,0,0,0,1,0,0,0,1,0,0
0,4.0,1,7.0,2.0,5,5,2,0,21.0,6.0,8.0,7.0,150.03,7.0,8.0,150.03,3.825,0,3.7,0,0,0,0,0,0,1,0,0,0,1,0,0,0,1,0,1
1,0.0,1,14.0,2.0,4,1,6,0,12.0,1.0,1.0,3.0,123.66999999999999,3.0,1.0,123.66999999999999,0.945,1,2.4,0,0,1,1,0,0,0,0,0,0,0,1,0,0,1,0,1
0,11.0,3,7.0,3.0,4,5,5,0,14.0,1.0,1.0,0.0,128.58,0.0,1.0,128.58,1.114,0,2.9,0,0,1,0,0,0,1,0,0,0,0,1,0,0,0,1,1
0,8.0,3,13.0,2.0,3,1,2,1,11.0,1.0,1.0,9.0,152.04,9.0,1.0,152.04,1.028,0,2.1,1,1,0,0,0,0,1,0,0,0,1,0,0,0,1,0,0
0,0.0,3,15.0,2.0,3,1,2,0,14.0,1.0,1.0,7.0,141.05,7.0,1.0,141.05,0.989,1,2.1,0,0,1,0,0,0,0,1,0,0,1,0,0,0,0,1,1
0,5.0,1,11.0,2.0,4,1,9,0,24.0,1.0,1.0,0.0,196.79,0.0,1.0,196.79,1.387,0,2.4,0,1,0,0,0,0,1,0,0,0,1,0,0,0,0,1,1
1,0.0,3,32.0,3.0,3,1,2,1,11.0,0.0,1.0,8.0,156.17,8.0,1.0,156.17,1.047,1,2.4,1,0,0,0,0,0,0,1,0,0,1,0,0,0,1,0,1
1,16.0,3,30.0,3.0,3,5,7,1,13.0,0.0,2.0,2.0,204.48,2.0,2.0,204.48,1.685,0,2.4,0,1,0,0,0,0,1,0,0,0,0,0,0,0,0,1,1
0,27.0,1,15.0,3.0,3,3,4,0,11.0,1.0,2.0,3.0,128.97,3.0,2.0,128.97,1.366,0,2.6,0,0,1,0,0,0,1,0,0,0,1,0,0,0,1,0,0
0,6.0,1,13.0,2.0,3,3,2,0,20.0,0.0,2.0,8.0,159.68,8.0,2.0,159.68,1.461,0,1.9,0,0,0,0,0,0,1,0,0,0,1,0,0,0,1,0,1
0,16.0,1,17.0,1.0,3,3,2,0,17.0,1.0,1.0,9.0,175.1,9.0,1.0,175.1,1.12,0,1.6,0,1,0,0,0,0,1,0,0,0,0,0,0,0,1,0,1
0,11.0,2,7.0,3.0,3,4,1,1,11.0,0.0,1.0,2.0,129.91,2.0,1.0,129.91,0.986,0,2.4,0,0,0,0,0,0,0,0,1,0,0,1,0,0,1,0,1
0,28.0,2,32.0,3.0,1,4,5,1,15.0,1.0,1.0,4.0,296.36,4.0,1.0,296.36,1.625,0,2.0,0,1,0,0,0,0,0,0,1,0,0,0,0,1,1,0,1
0,4.0,1,8.0,2.0,5,1,2,1,11.0,0.0,1.0,0.0,111.28999999999999,0.0,1.0,111.28999999999999,1.045,0,2.5,1,1,0,0,0,1,0,0,0,0,0,0,1,0,1,0,0
0,12.0,3,21.0,3.0,3,5,1,0,12.0,4.0,2.0,10.0,233.41000000000003,10.0,2.0,233.41000000000003,1.752,0,3.2,0,1,0,0,0,0,0,1,0,1,0,0,0,0,0,1,1
0,15.0,1,29.0,2.0,4,3,2,0,12.0,3.0,3.0,7.0,143.32,7.0,3.0,143.32,1.798,0,2.8,0,0,0,0,0,0,1,0,0,0,1,0,0,0,0,1,1
0,4.0,1,16.0,2.0,3,3,5,0,20.0,3.0,4.0,3.0,210.31,3.0,4.0,210.31,2.491,0,2.5,0,0,0,0,0,1,0,0,0,0,0,0,0,0,1,0,0
0,27.0,1,16.0,3.0,3,5,7,1,19.0,0.0,1.0,4.0,144.4,4.0,1.0,144.4,1.018,0,2.4,0,0,1,0,0,1,0,0,0,0,1,0,0,0,0,1,0
0,0.0,1,7.0,2.0,4,3,2,0,12.0,1.0,1.0,2.0,146.17,2.0,1.0,146.17,1.051,1,2.4,0,0,1,0,0,0,1,0,0,0,1,0,0,0,0,1,1
0,0.0,1,14.0,3.0,3,1,2,0,13.0,1.0,1.0,4.0,126.47,4.0,1.0,126.47,0.946,1,2.6,0,0,1,0,0,0,0,0,1,0,0,1,0,0,0,1,1
0,13.0,1,17.0,3.0,3,3,2,0,11.0,7.0,9.0,4.0,163.23,4.0,9.0,163.23,4.293,0,3.8,0,0,0,1,0,0,0,0,0,0,1,0,0,0,1,0,0
0,13.0,3,8.0,3.0,3,4,4,0,14.0,1.0,5.0,10.0,156.77,10.0,5.0,156.77,2.645,0,2.6,0,1,0,0,0,0,0,1,0,0,1,0,0,0,1,0,0
0,9.0,2,8.0,2.0,3,4,5,0,14.0,0.0,1.0,2.0,121.87,2.0,1.0,121.87,0.954,0,1.9,0,0,1,0,0,0,0,0,1,0,0,1,0,0,1,0,0
0,3.0,1,7.0,3.0,3,4,2,0,13.0,1.0,1.0,7.0,137.48,7.0,1.0,137.48,0.975,0,2.6,0,0,1,0,0,1,0,0,0,0,0,0,1,0,1,0,1
0,0.0,1,8.0,2.0,3,3,7,1,19.0,0.0,1.0,2.0,139.77,2.0,1.0,139.77,1.026,1,1.9,0,0,1,0,0,0,0,0,1,0,0,0,1,0,1,0,1
0,20.0,1,31.0,2.0,3,3,3,0,23.0,9.0,12.0,11.0,186.33,11.0,12.0,186.33,5.562,0,3.7,0,1,0,0,0,1,0,0,0,0,0,0,0,0,0,1,1
0,9.0,1,7.0,2.0,4,3,2,0,12.0,0.0,1.0,0.0,120.08000000000001,0.0,1.0,120.08000000000001,1.08,0,2.2,0,0,0,0,0,0,0,0,0,0,0,1,0,0,1,0,1
0,11.0,3,7.0,2.0,3,4,1,0,15.0,1.0,5.0,8.0,144.4,8.0,5.0,144.4,2.6,0,2.1,0,0,1,0,0,0,1,0,0,0,1,0,0,0,1,0,1
0,4.0,3,8.0,3.0,3,3,1,0,19.0,0.0,1.0,2.0,130.67,2.0,1.0,130.67,0.989,0,2.4,0,0,1,0,0,0,1,0,0,0,0,1,0,0,1,0,1
0,11.0,1,12.0,3.0,4,3,3,0,11.0,2.0,7.0,7.0,153.21,7.0,7.0,153.21,3.438,0,3.1,0,0,0,0,0,0,1,0,0,0,1,0,0,0,1,0,1
0,15.0,1,24.0,2.0,3,5,7,1,17.0,1.0,1.0,2.0,154.1,2.0,1.0,154.1,1.083,0,2.1,0,1,0,0,0,0,1,0,0,0,1,0,0,0,1,0,1
0,14.0,1,7.0,3.0,3,1,4,0,22.0,0.0,1.0,0.0,127.82,0.0,1.0,127.82,1.111,0,2.4,0,0,1,0,0,0,1,0,0,0,0,1,0,0,1,0,1
0,20.0,1,7.0,3.0,3,4,1,0,18.0,0.0,5.0,3.0,219.57,3.0,5.0,219.57,2.928,0,2.4,0,0,0,0,0,1,0,0,0,0,0,0,0,0,1,0,0
0,8.0,1,17.0,2.0,3,3,8,1,11.0,2.0,2.0,2.0,126.6,2.0,2.0,126.6,1.373,0,2.3,0,0,1,0,0,0,0,0,0,0,0,1,0,0,1,0,1
0,0.0,1,7.0,3.0,3,3,1,0,12.0,1.0,1.0,2.0,133.75,2.0,1.0,133.75,1.002,1,2.6,0,0,1,0,0,0,1,0,0,0,0,1,0,0,0,1,1
0,8.0,1,15.0,2.0,3,3,2,0,19.0,0.0,1.0,8.0,150.98,8.0,1.0,150.98,1.026,0,1.9,0,1,0,0,0,1,0,0,0,0,1,0,0,0,0,1,1
0,6.0,1,21.0,3.0,3,1,1,1,13.0,6.0,8.0,1.0,148.78,1.0,8.0,148.78,3.895,0,3.6,1,0,1,0,0,1,0,0,0,0,1,0,0,0,1,0,0
0,5.0,1,35.0,3.0,4,4,2,0,13.0,0.0,4.0,1.0,128.37,1.0,4.0,128.37,2.213,0,2.7,0,0,1,0,0,0,1,0,0,0,0,1,0,0,0,1,0
0,13.0,1,14.0,2.0,3,1,9,0,19.0,1.0,1.0,0.0,124.06,0.0,1.0,124.06,1.096,0,2.1,0,0,1,0,0,0,1,0,0,0,0,1,0,0,1,0,1
0,9.0,3,7.0,3.0,4,4,1,0,14.0,2.0,2.0,2.0,122.69,2.0,2.0,122.69,1.357,0,3.1,0,0,1,0,0,0,0,0,0,0,0,1,0,0,1,0,1
0,12.0,1,30.0,2.0,3,1,8,0,13.0,0.0,1.0,7.0,141.08,7.0,1.0,141.08,0.989,0,1.9,0,0,1,0,0,0,1,0,0,0,1,0,0,0,0,1,1
0,11.0,1,16.0,3.0,5,3,4,0,12.0,0.0,2.0,11.0,232.06,11.0,2.0,232.06,1.745,0,3.0,0,1,0,0,0,1,0,0,0,0,0,0,0,0,1,0,0
0,5.0,3,7.0,2.0,3,1,2,0,19.0,0.0,5.0,7.0,204.22,7.0,5.0,204.22,2.842,0,1.9,0,1,0,0,0,0,0,1,0,0,0,0,0,0,1,0,0
0,10.0,1,16.0,2.0,1,1,2,1,25.0,5.0,2.0,8.0,237.44,8.0,2.0,237.44,1.772,0,2.3,1,1,0,0,0,0,1,0,0,0,0,0,0,0,1,0,0
0,0.0,3,14.0,2.0,3,3,1,1,22.0,0.0,1.0,4.0,149.07,4.0,1.0,149.07,1.036,1,1.9,0,0,1,0,0,0,0,0,1,0,1,0,0,0,1,0,0
0,25.0,3,35.0,2.0,3,1,3,0,15.0,1.0,1.0,0.0,134.82,0.0,1.0,134.82,1.139,0,2.1,0,0,0,0,0,0,1,0,0,0,0,1,0,0,1,0,1
0,17.0,1,14.0,2.0,3,1,7,1,12.0,1.0,1.0,2.0,124.36000000000001,2.0,1.0,124.36000000000001,0.964,0,2.1,1,0,1,0,0,0,0,0,0,0,0,1,0,0,0,1,1
0,0.0,3,14.0,2.0,3,5,2,1,11.0,1.0,1.0,2.0,123.80000000000001,2.0,1.0,123.80000000000001,0.962,1,2.1,0,0,1,0,0,0,0,0,0,0,0,1,0,0,0,1,1
0,12.0,1,15.0,2.0,3,1,3,0,15.0,1.0,1.0,3.0,294.31,3.0,1.0,294.31,1.627,0,2.1,0,0,0,0,0,0,1,0,0,0,0,0,0,1,0,1,1
1,9.0,3,15.0,2.0,3,5,2,0,19.0,1.0,1.0,0.0,117.9,0.0,1.0,117.9,1.072,0,2.1,0,0,0,0,0,0,0,1,0,0,0,0,1,0,1,0,1
0,9.0,3,9.0,3.0,4,1,1,0,19.0,0.0,3.0,4.0,176.44,4.0,3.0,176.44,1.946,0,2.7,0,1,0,0,0,1,0,0,0,0,0,0,0,0,1,0,0
0,9.0,1,10.0,3.0,3,4,8,0,13.0,0.0,1.0,2.0,151.31,2.0,1.0,151.31,1.072,0,2.4,0,0,0,0,0,0,1,0,0,0,1,0,0,0,1,0,0
0,29.0,1,7.0,2.0,3,3,2,0,21.0,0.0,1.0,9.0,163.06,9.0,1.0,163.06,1.072,0,1.9,0,0,0,0,0,0,1,0,0,0,1,0,0,0,1,0,1
1,0.0,1,7.0,2.0,3,1,10,1,14.0,2.0,2.0,2.0,147.87,2.0,2.0,147.87,1.458,1,2.3,1,0,1,0,0,1,0,0,0,0,0,0,1,0,1,0,1
0,15.0,1,8.0,2.0,3,3,6,0,11.0,1.0,4.0,14.0,288.8,14.0,4.0,288.8,2.769,0,2.1,0,1,0,0,0,0,1,0,0,0,0,0,0,1,1,0,1
1,19.0,1,14.0,3.0,3,3,9,0,11.0,6.0,9.0,8.0,123.38999999999999,8.0,9.0,123.38999999999999,4.116,0,3.6,0,0,1,1,0,0,0,0,0,0,0,1,0,0,1,0,1
0,14.0,1,34.0,2.0,4,4,1,0,23.0,1.0,2.0,10.0,235.7,10.0,2.0,235.7,1.761,0,2.4,0,1,0,0,0,0,1,0,0,1,0,0,0,0,1,0,0
0,7.0,3,34.0,3.0,4,3,2,0,21.0,1.0,1.0,7.0,167.12,7.0,1.0,167.12,1.093,0,2.9,0,1,0,0,0,0,0,1,0,0,1,0,0,0,1,0,0
0,9.0,3,21.0,2.0,5,1,2,0,24.0,5.0,11.0,11.0,154.06,11.0,11.0,154.06,5.033,0,3.5,0,0,0,0,0,0,0,1,0,0,1,0,0,0,1,0,1
0,14.0,3,9.0,2.0,4,4,3,0,11.0,1.0,1.0,4.0,189.38,4.0,1.0,189.38,1.198,0,2.4,0,1,0,0,0,0,1,0,0,0,1,0,0,0,1,0,1
0,5.0,1,14.0,3.0,3,5,2,0,14.0,0.0,1.0,2.0,124.38999999999999,2.0,1.0,124.38999999999999,0.964,0,2.4,0,0,1,1,0,0,0,0,0,0,0,1,0,0,0,1,1
0,8.0,2,32.0,2.0,3,1,2,1,16.0,1.0,1.0,7.0,188.37,7.0,1.0,188.37,1.178,0,2.1,1,1,0,0,0,0,1,0,0,0,0,0,0,0,0,1,0
0,11.0,3,16.0,3.0,3,1,2,0,11.0,0.0,1.0,9.0,153.43,9.0,1.0,153.43,1.034,0,2.4,0,1,0,0,0,0,1,0,0,0,1,0,0,0,1,0,0
1,13.0,3,7.0,3.0,3,3,8,0,12.0,1.0,1.0,1.0,167.28,1.0,1.0,167.28,1.169,0,2.6,0,0,0,0,0,0,1,0,0,0,1,0,0,0,1,0,1
0,9.0,3,17.0,3.0,4,1,5,0,13.0,1.0,1.0,0.0,166.52,0.0,1.0,166.52,1.266,0,2.9,0,1,0,0,0,0,0,1,0,0,1,0,0,0,1,0,0
0,18.0,3,26.0,2.0,3,3,9,0,15.0,0.0,1.0,1.0,148.5,1.0,1.0,148.5,1.094,0,1.9,0,0,1,0,0,0,1,0,0,0,1,0,0,0,0,1,0
0,13.0,1,8.0,3.0,4,3,3,0,14.0,0.0,2.0,2.0,128.09,2.0,2.0,128.09,1.379,0,2.7,0,0,1,0,0,0,1,0,0,0,0,1,0,0,0,1,1
0,8.0,1,24.0,3.0,3,3,2,1,14.0,0.0,1.0,2.0,156.89,2.0,1.0,156.89,1.094,0,2.4,0,0,0,0,0,0,1,0,0,0,1,0,0,0,1,0,1
0,9.0,1,8.0,3.0,3,3,3,0,14.0,0.0,1.0,2.0,120.00999999999999,2.0,1.0,120.00999999999999,0.947,0,2.4,0,1,0,0,0,0,0,0,0,0,0,1,0,0,1,0,0
0,8.0,1,7.0,3.0,5,1,2,0,12.0,1.0,1.0,1.0,129.77,1.0,1.0,129.77,1.019,0,3.2,0,0,1,0,0,0,1,0,0,0,0,1,0,0,1,0,0
0,2.0,1,19.0,2.0,4,4,5,1,13.0,0.0,1.0,3.0,140.25,3.0,1.0,140.25,1.011,1,2.2,0,0,1,0,0,0,0,0,1,0,1,0,0,0,1,0,1
0,2.0,1,34.0,3.0,4,5,2,0,14.0,0.0,1.0,4.0,137.85,4.0,1.0,137.85,0.991,1,2.7,0,0,1,0,0,1,0,0,0,0,0,0,1,0,0,1,0
1,13.0,3,34.0,2.0,4,5,5,1,13.0,2.0,2.0,0.0,208.54000000000002,0.0,2.0,208.54000000000002,1.834,0,2.6,0,1,0,0,0,0,0,1,0,0,0,0,0,0,1,0,1
0,12.0,3,30.0,2.0,4,1,1,0,11.0,3.0,9.0,3.0,220.31,3.0,9.0,220.31,4.531,0,2.8,0,1,0,0,0,0,0,1,0,1,0,0,0,0,1,0,0
0,4.0,1,11.0,3.0,3,5,1,0,19.0,1.0,1.0,7.0,199.36,7.0,1.0,199.36,1.222,0,2.6,0,0,0,0,0,1,0,0,0,0,1,0,0,0,0,1,1
0,0.0,3,11.0,3.0,4,3,1,0,18.0,1.0,1.0,0.0,129.66,0.0,1.0,129.66,1.119,1,2.9,0,0,1,0,0,0,0,0,1,0,0,1,0,0,0,1,0
0,9.0,1,14.0,2.0,1,1,5,0,17.0,0.0,1.0,3.0,125.71000000000001,3.0,1.0,125.71000000000001,0.953,0,1.3,0,0,0,0,0,0,0,0,0,0,1,0,0,0,1,0,1
0,12.0,1,12.0,2.0,4,5,5,0,15.0,0.0,1.0,7.0,199.91,7.0,1.0,199.91,1.225,0,2.2,0,1,0,0,0,1,0,0,0,0,0,0,0,0,1,0,1
0,0.0,1,10.0,2.0,1,4,2,1,20.0,0.0,1.0,3.0,161.42,3.0,1.0,161.42,1.096,1,1.3,0,1,0,0,0,0,1,0,0,0,1,0,0,0,1,0,1
0,22.0,3,8.0,3.0,4,4,3,0,14.0,1.0,1.0,8.0,153.9,8.0,1.0,153.9,1.038,0,2.9,0,0,0,0,0,1,0,0,0,0,1,0,0,0,1,0,1
0,7.0,1,14.0,2.0,1,3,3,0,12.0,1.0,1.0,2.0,144.04,2.0,1.0,144.04,1.043,0,1.5,0,0,1,0,0,1,0,0,0,0,1,0,0,0,1,0,1
1,5.0,3,7.0,4.0,4,2,10,1,12.0,2.0,2.0,6.0,184.93,6.0,2.0,184.93,1.568,0,3.6,1,1,0,0,0,0,1,0,0,0,1,0,0,0,0,1,0
1,1.0,1,9.0,4.0,5,3,8,1,16.0,1.0,2.0,1.0,145.9,1.0,2.0,145.9,1.484,1,3.7,0,0,1,0,0,0,0,0,1,0,0,0,1,0,0,1,1
1,1.0,1,31.0,3.0,5,3,7,1,15.0,1.0,2.0,4.0,145.28,4.0,2.0,145.28,1.421,1,3.2,0,0,1,0,0,0,1,0,0,0,0,0,1,0,0,1,1
1,1.0,3,16.0,3.0,5,5,9,0,24.0,1.0,2.0,4.0,159.07,4.0,2.0,159.07,1.476,1,3.2,0,1,0,0,0,0,1,0,0,0,1,0,0,0,0,1,1
1,1.0,1,13.0,3.0,4,5,4,0,12.0,2.0,2.0,4.0,154.6,4.0,2.0,154.6,1.458,1,3.1,0,1,0,0,0,1,0,0,0,0,0,0,1,0,0,1,1
1,1.0,1,23.0,4.0,6,5,3,1,23.0,5.0,7.0,8.0,164.19,8.0,7.0,164.19,3.479,1,4.8,0,0,0,0,0,0,1,0,0,0,0,0,1,0,0,1,0
1,3.0,3,12.0,3.0,4,2,5,0,15.0,1.0,2.0,1.0,145.86,1.0,2.0,145.86,1.483,0,2.9,0,0,1,1,0,0,0,0,0,0,1,0,0,0,0,0,1
1,1.0,1,7.0,4.0,4,2,4,1,17.0,3.0,3.0,1.0,147.93,1.0,3.0,147.93,1.892,1,3.8,1,0,1,0,0,1,0,0,0,0,0,0,1,0,0,0,1
1,14.0,3,10.0,3.0,5,3,3,1,15.0,1.0,2.0,3.0,151.83,3.0,2.0,151.83,1.457,0,3.2,0,1,0,0,0,0,0,1,0,0,0,0,1,0,0,0,1
1,1.0,1,32.0,3.0,6,3,3,0,13.0,2.0,2.0,2.0,147.93,2.0,2.0,147.93,1.458,1,3.7,0,0,1,0,0,0,1,0,0,0,0,0,1,0,0,1,1
1,5.0,1,19.0,3.0,4,3,3,0,15.0,10.0,16.0,9.0,320.45,9.0,16.0,320.45,7.702,0,4.7,0,1,0,0,1,0,0,0,0,0,0,0,0,1,0,0,0
1,12.0,1,7.0,4.0,5,3,11,1,14.0,1.0,2.0,1.0,178.81,1.0,2.0,178.81,1.615,0,3.7,0,1,0,0,0,0,1,0,0,0,0,0,0,0,0,1,1
1,1.0,1,12.0,3.0,4,3,3,1,14.0,3.0,3.0,3.0,159.41,3.0,3.0,159.41,1.888,1,3.3,0,1,0,1,0,0,0,0,0,0,0,0,1,0,0,1,1
1,1.0,1,16.0,4.0,5,3,2,1,18.0,1.0,2.0,1.0,158.88,1.0,2.0,158.88,1.536,1,3.7,0,1,0,0,0,1,0,0,0,0,0,0,1,0,0,0,1
1,10.0,3,16.0,4.0,5,2,3,0,17.0,1.0,5.0,3.0,221.19,3.0,5.0,221.19,2.935,0,3.7,0,1,0,0,0,1,0,0,0,0,0,0,0,0,0,1,1
1,1.0,2,13.0,4.0,4,5,6,1,23.0,2.0,2.0,3.0,145.73,3.0,2.0,145.73,1.433,1,3.6,0,0,1,0,0,0,0,0,1,0,0,0,1,0,1,0,1
1,1.0,1,13.0,4.0,5,2,3,1,19.0,2.0,2.0,1.0,154.26,1.0,2.0,154.26,1.517,1,3.9,1,0,0,0,0,0,1,0,0,0,0,0,1,0,0,1,0
1,1.0,3,12.0,3.0,5,3,3,1,12.0,2.0,2.0,4.0,182.44,4.0,2.0,182.44,1.57,1,3.4,0,1,0,0,0,0,0,1,0,0,1,0,0,0,0,1,1
1,1.0,1,14.0,4.0,6,3,3,1,25.0,2.0,2.0,7.0,185.74,7.0,2.0,185.74,1.568,1,4.2,0,0,0,0,0,0,1,0,0,0,1,0,0,0,0,1,1
1,20.0,1,21.0,4.0,4,4,11,1,19.0,2.0,5.0,4.0,174.63,4.0,5.0,174.63,2.739,0,3.6,0,1,0,0,0,0,1,0,0,0,0,0,1,0,0,0,0
1,1.0,3,13.0,4.0,6,3,6,1,19.0,7.0,8.0,8.0,186.72,8.0,8.0,186.72,3.969,1,5.2,0,1,0,0,0,0,1,0,0,0,1,0,0,0,0,0,1
1,21.0,1,30.0,4.0,4,2,3,0,13.0,12.0,16.0,3.0,228.12,3.0,16.0,228.12,7.362,0,5.6,0,1,0,0,0,1,0,0,0,0,0,0,0,0,0,0,0
1,1.0,3,29.0,3.0,4,3,3,1,20.0,1.0,2.0,1.0,141.75,1.0,2.0,141.75,1.467,1,2.9,0,0,1,0,0,0,0,1,0,0,0,0,1,0,0,1,1
1,1.0,3,27.0,4.0,6,3,5,1,12.0,2.0,3.0,3.0,170.59,3.0,3.0,170.59,1.932,1,4.2,0,1,0,0,0,0,1,0,0,0,1,0,0,0,0,0,0
1,15.0,1,15.0,3.0,6,2,4,0,16.0,1.0,2.0,4.0,231.5,4.0,2.0,231.5,1.766,0,3.5,0,0,0,0,0,0,1,0,0,0,0,0,0,0,0,1,1
1,1.0,1,16.0,3.0,4,5,9,0,23.0,2.0,2.0,5.0,167.0,5.0,2.0,167.0,1.501,1,3.1,0,1,0,0,0,1,0,0,0,0,0,0,1,0,0,1,0
0,9.0,3,7.0,4.0,4,4,3,0,14.0,2.0,2.0,7.0,197.95,7.0,2.0,197.95,1.617,0,3.6,0,1,0,0,0,0,0,1,0,0,0,0,0,0,0,0,1
0,27.0,3,13.0,3.0,4,3,4,1,21.0,1.0,5.0,6.0,148.06,6.0,5.0,148.06,2.621,0,2.9,0,0,1,0,0,0,0,1,0,0,1,0,0,0,0,0,1
0,19.0,1,16.0,3.0,4,4,10,0,19.0,2.0,2.0,16.0,148.48,16.0,2.0,148.48,1.406,0,3.1,0,0,1,0,0,0,1,0,0,0,1,0,0,0,1,0,1
0,6.0,3,15.0,3.0,4,2,3,0,15.0,3.0,4.0,3.0,214.98,3.0,4.0,214.98,2.51,0,3.3,0,0,0,0,0,0,0,1,0,0,0,0,0,0,0,1,0
0,3.0,1,7.0,3.0,4,3,3,0,14.0,1.0,2.0,10.0,168.19,10.0,2.0,168.19,1.491,0,2.9,0,0,0,1,0,0,0,0,0,0,1,0,0,0,0,0,1
0,1.0,1,14.0,3.0,5,3,4,0,18.0,2.0,2.0,1.0,186.32,1.0,2.0,186.32,1.645,1,3.4,0,1,0,0,0,1,0,0,0,0,1,0,0,0,0,0,1
0,31.0,1,16.0,4.0,5,4,6,1,21.0,2.0,2.0,1.0,158.46,1.0,2.0,158.46,1.534,0,3.9,0,1,0,0,0,1,0,0,0,0,0,0,1,0,0,0,0
0,14.0,3,11.0,4.0,5,2,9,0,12.0,3.0,2.0,12.0,233.55,12.0,2.0,233.55,1.75,0,4.1,0,1,0,0,0,0,0,1,0,0,0,0,0,0,0,0,1
0,8.0,3,9.0,4.0,4,3,8,0,19.0,2.0,2.0,3.0,147.31,3.0,2.0,147.31,1.439,0,3.6,0,0,0,0,0,0,0,1,0,0,0,0,1,0,0,0,0
0,1.0,1,26.0,4.0,4,2,3,0,25.0,1.0,3.0,3.0,148.23,3.0,3.0,148.23,1.843,1,3.4,0,0,1,0,0,1,0,0,0,0,0,0,1,0,0,0,1
0,1.0,1,16.0,3.0,4,4,8,0,19.0,1.0,3.0,3.0,145.24,3.0,3.0,145.24,1.831,1,2.9,0,0,0,0,0,1,0,0,0,0,0,0,1,0,1,0,1
0,2.0,1,28.0,3.0,4,2,3,0,12.0,1.0,2.0,3.0,152.13,3.0,2.0,152.13,1.459,1,2.9,0,1,0,0,0,1,0,0,0,0,0,0,1,0,0,0,1
0,31.0,1,31.0,3.0,3,2,5,1,17.0,2.0,2.0,3.0,219.39,3.0,2.0,219.39,1.728,0,2.8,1,1,0,0,0,0,1,0,0,0,0,0,0,0,1,0,1
0,1.0,1,10.0,4.0,5,3,3,1,16.0,1.0,2.0,2.0,150.66,2.0,2.0,150.66,1.469,1,3.7,0,0,0,0,0,1,0,0,0,0,0,0,1,0,1,0,1
0,24.0,1,18.0,3.0,4,4,5,0,16.0,3.0,5.0,5.0,324.26,5.0,5.0,324.26,3.33,0,3.3,0,1,0,0,0,0,1,0,0,0,0,0,0,1,0,1,0
0,15.0,1,21.0,3.0,4,3,6,0,13.0,2.0,2.0,9.0,149.51,9.0,2.0,149.51,1.418,0,3.1,0,0,1,0,0,0,1,0,0,0,0,0,1,0,1,0,1
0,4.0,3,12.0,3.0,4,2,4,0,13.0,3.0,8.0,3.0,219.19,3.0,8.0,219.19,4.127,0,3.3,0,1,0,0,0,0,1,0,0,0,0,0,0,0,0,0,0
0,12.0,3,7.0,3.0,5,2,6,0,23.0,2.0,2.0,3.0,211.86,3.0,2.0,211.86,1.697,0,3.4,0,1,0,0,0,0,1,0,0,0,1,0,0,0,0,1,0
0,6.0,1,13.0,3.0,4,3,5,0,21.0,1.0,2.0,5.0,155.38,5.0,2.0,155.38,1.455,0,2.9,0,1,0,0,0,0,1,0,0,0,0,0,1,0,0,1,1
0,1.0,1,24.0,3.0,4,4,2,1,17.0,2.0,2.0,2.0,155.58,2.0,2.0,155.58,1.489,1,3.1,0,1,0,1,0,0,0,0,0,0,0,0,1,0,0,0,1
1,1.0,3,7.0,4.0,6,5,2,0,22.0,2.0,2.0,1.0,148.25,1.0,2.0,148.25,1.493,1,4.2,0,0,0,1,0,0,0,0,0,0,0,0,1,0,0,1,0
0,10.0,1,10.0,2.0,4,4,6,0,13.0,5.0,8.0,3.0,145.88,3.0,8.0,145.88,3.834,0,3.2,0,0,0,0,0,1,0,0,0,0,0,0,1,0,0,1,1
0,4.0,1,16.0,4.0,4,5,3,0,12.0,1.0,7.0,11.0,155.72,11.0,7.0,155.72,3.44,0,3.4,0,0,0,0,0,1,0,0,0,0,1,0,0,0,1,0,1
0,19.0,3,11.0,2.0,4,5,6,1,12.0,1.0,2.0,4.0,175.06,4.0,2.0,175.06,1.54,0,2.4,0,1,0,0,0,0,1,0,0,0,1,0,0,0,1,0,0
0,30.0,1,15.0,4.0,4,5,6,1,19.0,2.0,3.0,3.0,167.57,3.0,3.0,167.57,1.92,0,3.6,0,1,0,0,0,0,1,0,0,0,0,0,1,0,1,0,0
0,7.0,1,9.0,3.0,4,2,2,0,15.0,1.0,2.0,3.0,150.0,3.0,2.0,150.0,1.45,0,2.9,0,1,0,0,0,0,1,0,0,0,0,0,1,0,0,1,1
1,1.0,1,9.0,3.0,5,2,3,0,23.0,1.0,2.0,1.0,136.02,1.0,2.0,136.02,1.444,1,3.2,0,0,1,0,0,0,1,0,0,0,0,0,1,0,0,1,1
0,20.0,3,7.0,4.0,4,5,3,0,26.0,5.0,16.0,3.0,229.53,3.0,16.0,229.53,7.368,0,4.2,0,1,0,0,0,0,0,1,0,0,0,0,0,0,1,0,0
0,12.0,1,16.0,4.0,4,2,3,0,13.0,2.0,3.0,2.0,147.88,2.0,3.0,147.88,1.858,0,3.6,0,0,1,0,0,0,1,0,0,0,0,0,1,0,0,1,0
0,5.0,1,19.0,4.0,4,2,10,1,24.0,2.0,2.0,3.0,164.29,3.0,2.0,164.29,1.507,0,3.6,1,1,0,0,0,1,0,0,0,0,0,0,1,0,0,0,0
0,8.0,1,34.0,4.0,4,4,4,0,16.0,2.0,2.0,3.0,148.11,3.0,2.0,148.11,1.442,0,3.6,0,0,1,0,0,1,0,0,0,0,0,0,1,0,0,1,0
1,5.0,3,27.0,4.0,4,4,3,1,23.0,1.0,2.0,3.0,156.4,3.0,2.0,156.4,1.476,0,3.4,0,1,0,0,0,0,0,1,0,0,0,0,1,0,0,1,0
0,24.0,1,7.0,3.0,5,3,4,0,16.0,1.0,2.0,3.0,161.9,3.0,2.0,161.9,1.498,0,3.2,0,1,0,0,0,1,0,0,0,0,0,0,1,0,0,0,1
0,27.0,1,20.0,3.0,3,5,3,0,12.0,2.0,2.0,4.0,169.5,4.0,2.0,169.5,1.518,0,2.8,0,1,0,0,0,1,0,0,0,0,1,0,0,0,1,0,0
0,7.0,1,21.0,4.0,4,4,3,0,14.0,1.0,2.0,7.0,152.56,7.0,2.0,152.56,1.435,0,3.4,0,1,0,0,0,1,0,0,0,0,0,0,1,0,0,0,0
0,14.0,1,11.0,3.0,4,3,3,0,15.0,1.0,10.0,10.0,315.33,10.0,10.0,315.33,5.28,0,2.9,0,1,0,0,0,1,0,0,0,0,0,0,0,1,0,0,0
0,29.0,1,21.0,4.0,3,4,10,0,15.0,1.0,3.0,16.0,312.22,16.0,3.0,312.22,2.461,0,3.1,0,1,0,0,0,1,0,0,0,0,0,0,0,1,0,1,1
0,8.0,1,9.0,3.0,5,3,3,0,18.0,1.0,2.0,3.0,220.47,3.0,2.0,220.47,1.732,0,3.2,0,0,0,0,0,0,1,0,0,0,1,0,0,0,0,0,1
0,25.0,1,10.0,4.0,4,4,5,0,19.0,1.0,2.0,1.0,262.34,1.0,2.0,262.34,1.949,0,3.4,0,1,0,0,0,1,0,0,0,1,0,0,0,0,0,1,0
0,26.0,1,7.0,4.0,5,3,2,0,15.0,2.0,12.0,10.0,324.99,10.0,12.0,324.99,6.118,0,3.9,0,1,0,0,0,0,1,0,0,0,0,0,0,1,0,0,1
0,1.0,1,16.0,3.0,4,4,3,0,17.0,2.0,2.0,4.0,147.79,4.0,2.0,147.79,1.431,1,3.1,0,0,1,0,0,1,0,0,0,0,0,0,1,0,0,1,0
1,1.0,1,30.0,3.0,5,3,5,1,14.0,2.0,2.0,2.0,184.16,2.0,2.0,184.16,1.603,1,3.4,0,1,0,0,0,0,1,0,0,0,1,0,0,0,0,0,1
0,17.0,1,14.0,3.0,3,2,6,0,15.0,1.0,3.0,3.0,145.89,3.0,3.0,145.89,1.834,0,2.6,0,0,0,0,0,1,0,0,0,0,0,0,1,0,1,0,1
0,19.0,1,9.0,4.0,5,2,11,0,15.0,10.0,12.0,9.0,292.92,9.0,12.0,292.92,5.992,0,5.5,0,0,0,0,0,1,0,0,0,1,0,0,0,0,0,0,1
0,11.0,1,28.0,4.0,3,5,3,1,13.0,1.0,2.0,8.0,160.64,8.0,2.0,160.64,1.465,0,3.1,0,1,0,0,0,0,1,0,0,0,0,0,1,0,0,0,1
0,9.0,1,9.0,3.0,4,4,7,0,12.0,2.0,2.0,3.0,169.25,3.0,2.0,169.25,1.527,0,3.1,0,0,0,0,0,1,0,0,0,0,1,0,0,0,0,1,0
0,16.0,1,28.0,3.0,4,3,4,0,17.0,1.0,2.0,3.0,177.65,3.0,2.0,177.65,1.561,0,2.9,0,0,0,0,0,1,0,0,0,0,1,0,0,0,1,0,0
0,12.0,1,9.0,3.0,4,3,11,0,15.0,1.0,2.0,1.0,190.53,1.0,2.0,190.53,1.662,0,2.9,0,1,0,0,0,0,1,0,0,0,1,0,0,0,0,0,1
0,12.0,1,36.0,3.0,4,2,5,0,19.0,1.0,2.0,8.0,187.61,8.0,2.0,187.61,1.573,0,2.9,0,1,0,1,0,0,0,0,0,0,1,0,0,0,0,0,1
0,1.0,1,7.0,3.0,5,5,7,0,20.0,1.0,3.0,1.0,167.98,1.0,3.0,167.98,1.972,1,3.2,0,0,0,1,0,0,0,0,0,0,1,0,0,0,0,0,1
0,23.0,1,25.0,4.0,4,2,3,1,16.0,1.0,2.0,8.0,193.04,8.0,2.0,193.04,1.594,0,3.4,1,0,0,0,0,0,1,0,0,0,1,0,0,0,1,0,1
0,8.0,1,17.0,3.0,4,3,3,1,18.0,3.0,3.0,1.0,163.15,1.0,3.0,163.15,1.953,0,3.3,0,0,0,0,0,1,0,0,0,0,0,0,1,0,1,0,1
0,14.0,1,26.0,3.0,4,2,10,1,16.0,2.0,4.0,8.0,152.41,8.0,4.0,152.41,2.232,0,3.1,1,1,0,0,0,1,0,0,0,0,1,0,0,0,0,0,1
1,2.0,1,36.0,4.0,4,5,9,1,20.0,1.0,2.0,1.0,191.73,1.0,2.0,191.73,1.667,1,3.4,0,1,0,0,0,1,0,0,0,0,1,0,0,0,0,0,1
1,1.0,3,34.0,3.0,4,2,3,0,23.0,2.0,2.0,10.0,201.39,10.0,2.0,201.39,1.624,1,3.1,0,1,0,0,0,0,0,1,0,0,0,0,0,0,0,0,0
0,1.0,1,12.0,3.0,3,4,3,1,17.0,1.0,3.0,3.0,148.28,3.0,3.0,148.28,1.843,1,2.6,0,0,1,0,0,0,1,0,0,0,0,0,1,0,1,0,1
0,10.0,1,25.0,4.0,4,2,3,0,14.0,2.0,2.0,8.0,146.53,8.0,2.0,146.53,1.408,0,3.6,0,0,0,0,0,1,0,0,0,0,0,0,1,0,0,1,0
0,14.0,1,16.0,4.0,5,2,11,0,15.0,2.0,2.0,3.0,173.76,3.0,2.0,173.76,1.545,0,3.9,0,0,0,0,0,0,1,0,0,0,1,0,0,0,0,0,1
0,20.0,1,7.0,4.0,4,5,9,0,17.0,1.0,2.0,3.0,218.96,3.0,2.0,218.96,1.726,0,3.4,0,1,0,0,0,1,0,0,0,0,0,0,0,0,1,0,1
1,1.0,3,11.0,3.0,6,2,3,0,12.0,8.0,10.0,3.0,229.0,3.0,10.0,229.0,4.966,1,4.9,0,1,0,0,0,1,0,0,0,0,0,0,0,0,0,0,1
0,4.0,1,7.0,3.0,5,3,3,0,23.0,3.0,6.0,3.0,209.74,3.0,6.0,209.74,3.289,0,3.6,0,0,0,0,0,0,1,0,0,0,0,0,0,0,0,1,1
0,1.0,3,27.0,3.0,4,3,3,0,15.0,2.0,2.0,3.0,224.81,3.0,2.0,224.81,1.749,1,3.1,0,0,0,0,0,0,1,0,0,0,1,0,0,0,0,1,0
0,25.0,1,15.0,3.0,5,4,7,0,17.0,2.0,2.0,8.0,249.89999999999998,8.0,2.0,249.89999999999998,1.822,0,3.4,0,1,0,0,0,0,1,0,0,0,0,0,0,0,0,0,1
1,1.0,1,10.0,3.0,4,5,7,1,12.0,2.0,2.0,5.0,151.57,5.0,2.0,151.57,1.44,1,3.1,0,1,0,1,0,0,0,0,0,0,0,0,1,0,0,1,0
0,15.0,3,13.0,4.0,4,2,5,1,19.0,1.0,2.0,1.0,260.91,1.0,2.0,260.91,1.944,0,3.4,1,1,0,0,0,0,1,0,0,0,0,0,0,0,0,1,0
1,1.0,3,33.0,3.0,5,5,7,0,16.0,1.0,2.0,2.0,191.96,2.0,2.0,191.96,1.635,1,3.2,0,0,0,0,0,0,0,1,0,0,1,0,0,0,0,1,0
1,1.0,1,7.0,3.0,4,3,2,0,15.0,1.0,2.0,6.0,145.58,6.0,2.0,145.58,1.411,1,2.9,0,0,1,1,0,0,0,0,0,0,0,0,1,0,0,1,1
0,19.0,3,13.0,3.0,5,2,8,0,13.0,13.0,13.0,3.0,213.65,3.0,13.0,213.65,6.105,0,5.6,0,0,0,0,0,1,0,0,0,0,0,0,0,0,0,1,0
0,28.0,3,10.0,3.0,4,5,4,0,15.0,2.0,2.0,6.0,184.4,6.0,2.0,184.4,1.566,0,3.1,0,1,0,0,0,0,0,1,0,0,1,0,0,0,0,0,0
0,10.0,1,12.0,4.0,4,4,10,0,17.0,1.0,4.0,8.0,184.14,8.0,4.0,184.14,2.359,0,3.4,0,1,0,0,0,0,1,0,0,0,1,0,0,0,0,1,1
0,7.0,1,11.0,3.0,5,4,8,0,22.0,1.0,2.0,2.0,151.22,2.0,2.0,151.22,1.472,0,3.2,0,1,0,0,0,1,0,0,0,0,0,0,1,0,0,0,0
0,11.0,1,18.0,3.0,4,2,3,1,15.0,1.0,2.0,8.0,246.85000000000002,8.0,2.0,246.85000000000002,1.81,0,2.9,1,0,0,0,0,0,0,0,1,0,0,0,0,0,1,0,1
0,12.0,3,10.0,4.0,4,3,2,0,13.0,2.0,6.0,3.0,231.08999999999997,3.0,6.0,231.08999999999997,3.374,0,3.6,0,1,0,0,0,0,1,0,0,0,0,0,0,0,1,0,1
0,5.0,1,7.0,3.0,6,3,2,0,13.0,2.0,2.0,5.0,168.45,5.0,2.0,168.45,1.507,0,3.7,0,0,0,0,0,1,0,0,0,0,1,0,0,0,0,0,1
0,31.0,1,10.0,4.0,5,2,5,0,18.0,1.0,2.0,1.0,146.77,1.0,2.0,146.77,1.487,0,3.7,0,0,1,0,0,0,1,0,0,0,0,0,1,0,0,0,1
0,11.0,3,11.0,3.0,4,2,6,0,18.0,2.0,6.0,9.0,25.0,9.0,6.0,25.0,2.52,0,3.1,0,0,0,0,0,0,0,1,0,0,0,0,1,0,1,0,1
0,3.0,3,7.0,3.0,4,2,3,0,15.0,5.0,5.0,2.0,204.18,2.0,5.0,204.18,2.883,0,3.7,0,0,0,0,0,1,0,0,0,0,0,0,0,0,0,0,0
0,9.0,3,7.0,4.0,4,3,3,0,15.0,2.0,2.0,3.0,212.89,3.0,2.0,212.89,1.702,0,3.6,0,0,0,0,0,0,0,1,0,0,0,0,0,0,0,1,0
1,1.0,1,25.0,3.0,5,2,3,1,14.0,1.0,2.0,2.0,148.89,2.0,2.0,148.89,1.462,1,3.2,1,0,1,0,0,1,0,0,0,0,0,0,1,0,0,1,1
0,26.0,1,9.0,3.0,5,2,9,0,16.0,1.0,3.0,3.0,157.12,3.0,3.0,157.12,1.878,0,3.2,0,1,0,0,0,0,1,0,0,0,0,0,1,0,0,1,0
0,16.0,1,11.0,3.0,4,2,3,0,15.0,1.0,12.0,16.0,317.32,16.0,12.0,317.32,6.081,0,2.9,0,1,0,0,1,0,0,0,0,0,0,0,0,1,0,0,1
0,31.0,2,13.0,3.0,4,3,10,0,18.0,3.0,3.0,3.0,147.67,3.0,3.0,147.67,1.841,0,3.3,0,0,1,0,0,1,0,0,0,0,0,0,1,0,0,0,1
0,24.0,3,7.0,4.0,4,2,5,0,15.0,2.0,2.0,7.0,320.17,7.0,2.0,320.17,2.106,0,3.6,0,1,0,0,0,1,0,0,0,0,0,0,0,1,1,0,0
1,1.0,1,21.0,3.0,4,2,7,1,14.0,1.0,2.0,5.0,149.36,5.0,2.0,149.36,1.431,1,2.9,1,0,1,0,0,1,0,0,0,0,0,0,1,0,0,0,1
0,17.0,3,23.0,4.0,4,2,7,1,23.0,1.0,2.0,10.0,285.64,10.0,2.0,285.64,1.961,0,3.4,1,1,0,0,0,0,0,1,0,1,0,0,0,0,0,0,0
1,1.0,1,9.0,3.0,4,5,9,0,21.0,2.0,2.0,8.0,152.07,8.0,2.0,152.07,1.431,1,3.1,0,1,0,0,0,0,1,0,0,0,0,0,1,0,0,0,0
0,26.0,3,9.0,4.0,5,3,3,1,15.0,8.0,16.0,13.0,315.68,13.0,16.0,315.68,7.677,0,5.1,0,0,0,0,0,0,1,0,0,0,0,0,0,1,0,1,1
0,6.0,3,11.0,3.0,4,4,4,0,12.0,2.0,2.0,3.0,164.31,3.0,2.0,164.31,1.507,0,3.1,0,1,0,0,0,0,1,0,0,0,0,0,1,0,0,0,0
1,1.0,1,7.0,4.0,5,3,2,1,15.0,2.0,2.0,3.0,162.3,3.0,2.0,162.3,1.499,1,3.9,0,1,0,0,0,0,1,0,0,0,0,0,1,0,0,1,1
0,13.0,1,7.0,4.0,4,3,9,0,15.0,1.0,2.0,3.0,147.32,3.0,2.0,147.32,1.439,0,3.4,0,0,1,0,0,1,0,0,0,0,0,0,1,0,1,0,0
0,6.0,3,33.0,4.0,4,2,2,0,19.0,2.0,3.0,3.0,169.65,3.0,3.0,169.65,1.929,0,3.6,0,0,0,0,0,0,0,1,0,0,1,0,0,0,0,0,1
0,15.0,1,26.0,3.0,4,5,4,0,17.0,2.0,2.0,1.0,155.72,1.0,2.0,155.72,1.523,0,3.1,0,1,0,0,0,0,1,0,0,0,1,0,0,0,1,0,1
0,14.0,1,31.0,4.0,4,2,3,0,18.0,3.0,5.0,8.0,158.19,8.0,5.0,158.19,2.655,0,3.8,0,1,0,1,0,0,0,0,0,0,1,0,0,0,1,0,1
0,19.0,1,7.0,4.0,3,2,2,0,15.0,2.0,2.0,8.0,317.02,8.0,2.0,317.02,2.09,0,3.3,0,1,0,0,0,0,0,0,1,0,0,0,0,1,0,0,1
0,5.0,1,10.0,4.0,4,3,11,0,13.0,1.0,3.0,3.0,261.75,3.0,3.0,261.75,2.297,0,3.4,0,0,0,0,0,1,0,0,0,0,0,0,0,0,1,0,1
0,7.0,1,12.0,4.0,5,2,3,0,14.0,1.0,2.0,3.0,154.11,3.0,2.0,154.11,1.466,0,3.7,0,1,0,0,0,0,1,0,0,0,0,0,1,0,0,0,0
0,8.0,1,9.0,3.0,5,5,8,0,14.0,1.0,6.0,10.0,184.57,10.0,6.0,184.57,3.156,0,3.2,0,1,0,0,0,0,1,0,0,0,1,0,0,0,0,0,1
0,11.0,1,7.0,3.0,5,5,4,0,15.0,2.0,2.0,3.0,164.2,3.0,2.0,164.2,1.507,0,3.4,0,1,0,0,0,1,0,0,0,0,0,0,1,0,0,0,0
0,19.0,1,14.0,4.0,3,3,6,0,18.0,1.0,2.0,3.0,189.34,3.0,2.0,189.34,1.607,0,3.1,0,0,0,0,0,0,1,0,0,0,1,0,0,0,0,0,1
1,1.0,1,17.0,4.0,4,3,8,0,12.0,2.0,2.0,3.0,225.48,3.0,2.0,225.48,1.752,1,3.6,0,0,0,0,0,1,0,0,0,0,0,0,0,0,1,0,1
0,13.0,1,9.0,4.0,4,3,2,0,26.0,11.0,2.0,9.0,234.38,9.0,2.0,234.38,1.758,0,5.4,0,0,0,0,1,0,0,0,0,0,0,0,0,0,0,1,0
0,3.0,1,22.0,3.0,4,2,3,0,20.0,1.0,2.0,6.0,148.4,6.0,2.0,148.4,1.422,0,2.9,0,0,1,0,0,0,1,0,0,0,0,0,1,0,0,1,1
0,16.0,1,24.0,3.0,3,5,5,1,14.0,1.0,2.0,3.0,190.45,3.0,2.0,190.45,1.612,0,2.6,0,1,0,0,0,0,1,0,0,0,1,0,0,0,0,1,0
0,3.0,3,27.0,3.0,4,2,4,0,15.0,2.0,2.0,3.0,194.31,3.0,2.0,194.31,1.627,0,3.1,0,1,0,0,0,0,0,1,0,0,1,0,0,0,1,0,1
0,1.0,1,7.0,4.0,4,3,2,0,13.0,2.0,2.0,3.0,173.98,3.0,2.0,173.98,1.546,1,3.6,0,1,0,0,0,0,1,0,0,0,1,0,0,0,0,0,0
0,16.0,1,9.0,3.0,5,5,2,1,12.0,5.0,8.0,9.0,150.93,9.0,8.0,150.93,3.824,0,4.0,0,1,0,0,0,1,0,0,0,0,0,0,1,0,1,0,0
0,14.0,1,9.0,3.0,4,3,2,0,15.0,1.0,4.0,10.0,319.36,10.0,4.0,319.36,2.896,0,2.9,0,1,0,0,0,1,0,0,0,0,0,0,0,1,1,0,1
0,25.0,1,7.0,4.0,4,2,3,0,12.0,2.0,2.0,1.0,152.23,1.0,2.0,152.23,1.509,0,3.6,0,1,0,0,0,0,1,0,0,0,0,0,1,0,0,0,1
1,1.0,1,36.0,4.0,5,4,2,0,12.0,2.0,2.0,5.0,159.79,5.0,2.0,159.79,1.472,1,3.9,0,0,0,0,0,1,0,0,0,0,0,0,1,0,0,1,1
0,6.0,1,14.0,4.0,3,4,3,0,21.0,1.0,2.0,4.0,152.94,4.0,2.0,152.94,1.452,0,3.1,0,0,0,0,0,0,1,0,0,0,0,0,1,0,0,0,1
0,12.0,3,9.0,3.0,5,2,5,0,19.0,7.0,8.0,6.0,177.49,6.0,8.0,177.49,3.939,0,4.4,0,0,0,0,0,0,1,0,0,0,1,0,0,0,0,0,1
0,6.0,1,9.0,3.0,5,5,6,0,14.0,1.0,2.0,5.0,146.76,5.0,2.0,146.76,1.42,0,3.2,0,0,1,1,0,0,0,0,0,0,1,0,0,0,0,1,1
0,20.0,3,9.0,4.0,6,4,5,1,15.0,7.0,8.0,8.0,293.72,8.0,8.0,293.72,4.397,0,5.2,0,1,0,0,1,0,0,0,0,1,0,0,0,0,0,0,0
1,1.0,1,9.0,4.0,4,3,4,0,12.0,2.0,2.0,1.0,159.85,1.0,2.0,159.85,1.539,1,3.6,0,1,0,0,0,0,1,0,0,0,0,0,1,0,0,1,1
0,3.0,3,9.0,4.0,5,4,4,0,20.0,1.0,2.0,1.0,191.44,1.0,2.0,191.44,1.666,0,3.7,0,1,0,0,0,1,0,0,0,0,1,0,0,0,0,0,1
0,5.0,1,30.0,4.0,5,2,2,0,22.0,2.0,8.0,9.0,180.82,9.0,8.0,180.82,3.943,0,3.9,0,1,0,0,0,1,0,0,0,0,1,0,0,0,0,0,1
0,1.0,1,12.0,3.0,3,5,3,0,13.0,2.0,2.0,6.0,165.0,6.0,2.0,165.0,1.489,1,2.8,0,0,0,0,0,0,1,0,0,0,1,0,0,0,1,0,1
0,19.0,1,27.0,4.0,4,2,2,1,15.0,1.0,2.0,11.0,259.96,11.0,2.0,259.96,1.857,0,3.4,1,1,0,0,0,1,0,0,0,1,0,0,0,0,0,0,1
0,10.0,1,13.0,3.0,4,2,2,0,12.0,5.0,11.0,12.0,157.1,12.0,11.0,157.1,5.044,0,3.7,0,1,0,0,0,0,1,0,0,0,0,0,1,0,0,0,1
0,29.0,1,7.0,3.0,4,5,2,1,15.0,5.0,5.0,14.0,315.45,14.0,5.0,315.45,3.275,0,3.7,0,1,0,0,0,1,0,0,0,0,0,0,0,1,0,1,1
1,11.0,1,36.0,3.0,4,4,3,1,13.0,6.0,2.0,10.0,243.49,10.0,2.0,243.49,1.792,0,3.9,0,0,0,0,0,0,1,0,0,0,0,0,0,0,0,0,1
0,2.0,1,16.0,4.0,4,2,3,0,24.0,2.0,2.0,5.0,145.7,5.0,2.0,145.7,1.416,1,3.6,0,0,1,0,0,1,0,0,0,0,0,0,1,0,0,0,1
0,11.0,3,13.0,4.0,4,2,6,0,15.0,1.0,2.0,2.0,190.02,2.0,2.0,190.02,1.627,0,3.4,0,1,0,0,0,1,0,0,0,0,1,0,0,0,0,0,1
0,1.0,1,10.0,4.0,5,3,3,0,18.0,2.0,2.0,1.0,157.3,1.0,2.0,157.3,1.529,1,3.9,0,1,0,0,0,1,0,0,0,0,0,0,1,0,0,1,1
0,11.0,1,7.0,1.0,4,2,4,1,19.0,1.0,2.0,3.0,261.03,3.0,2.0,261.03,1.894,0,1.9,1,0,0,0,0,1,0,0,0,0,0,0,0,0,1,0,0
0,3.0,1,29.0,4.0,3,4,9,0,19.0,6.0,2.0,3.0,244.95999999999998,3.0,2.0,244.95999999999998,1.83,0,4.1,0,1,0,0,0,0,1,0,0,0,0,0,0,0,1,0,0
0,12.0,3,14.0,3.0,3,5,3,1,25.0,1.0,8.0,8.0,181.05,8.0,8.0,181.05,3.946,0,2.6,0,1,0,0,0,1,0,0,0,0,1,0,0,0,1,0,0
0,1.0,1,7.0,3.0,4,4,3,0,21.0,1.0,2.0,5.0,188.97,5.0,2.0,188.97,1.589,1,2.9,0,0,0,0,0,0,1,0,0,0,1,0,0,0,1,0,0
0,24.0,1,11.0,4.0,4,4,5,0,15.0,2.0,2.0,7.0,316.44,7.0,2.0,316.44,2.091,0,3.6,0,1,0,0,0,0,1,0,0,0,0,0,0,1,1,0,1
0,27.0,1,10.0,3.0,4,3,5,1,15.0,1.0,2.0,4.0,300.84,4.0,2.0,300.84,2.043,0,2.9,0,1,0,0,0,1,0,0,0,1,0,0,0,0,0,0,1
0,16.0,3,7.0,3.0,4,3,3,0,26.0,5.0,12.0,7.0,174.07,7.0,12.0,174.07,5.521,0,3.7,0,1,0,0,0,0,1,0,0,0,1,0,0,0,0,0,1
0,3.0,3,9.0,3.0,4,2,3,0,19.0,1.0,2.0,10.0,170.54,10.0,2.0,170.54,1.5,0,2.9,0,0,0,0,0,0,1,0,0,0,1,0,0,0,0,1,1
0,29.0,1,27.0,3.0,4,2,5,1,20.0,2.0,2.0,9.0,179.15,9.0,2.0,179.15,1.537,0,3.1,1,1,0,1,0,0,0,0,0,0,1,0,0,0,0,0,1
0,1.0,1,18.0,3.0,4,5,3,1,14.0,3.0,4.0,4.0,172.41,4.0,4.0,172.41,2.33,1,3.3,0,0,0,0,0,1,0,0,0,0,1,0,0,0,0,0,1
0,11.0,1,7.0,3.0,4,2,3,0,13.0,2.0,6.0,8.0,146.15,8.0,6.0,146.15,3.007,0,3.1,0,0,1,0,0,0,1,0,0,0,0,0,1,0,0,1,0
1,8.0,1,31.0,3.0,4,3,5,1,23.0,1.0,2.0,1.0,156.61,1.0,2.0,156.61,1.526,0,2.9,0,0,0,0,0,0,1,0,0,0,0,0,1,0,1,0,1
0,12.0,1,30.0,3.0,4,2,11,0,15.0,1.0,2.0,3.0,182.45,3.0,2.0,182.45,1.58,0,2.9,0,1,0,0,0,0,1,0,0,0,1,0,0,0,1,0,1
1,1.0,1,23.0,3.0,4,4,4,1,14.0,2.0,2.0,3.0,148.73,3.0,2.0,148.73,1.445,1,3.1,0,0,1,0,0,1,0,0,0,0,0,0,1,0,1,0,1
0,2.0,1,15.0,4.0,4,2,3,0,22.0,1.0,2.0,3.0,158.1,3.0,2.0,158.1,1.482,1,3.4,0,1,0,0,0,0,1,0,0,0,0,0,1,0,0,1,0
0,23.0,1,17.0,3.0,4,5,11,1,15.0,1.0,2.0,3.0,311.65,3.0,2.0,311.65,2.097,0,2.9,0,0,0,0,0,0,1,0,0,0,0,0,0,1,0,1,0
0,10.0,1,10.0,2.0,4,4,6,0,13.0,7.0,8.0,8.0,169.85,8.0,8.0,169.85,3.902,0,3.6,0,1,0,1,0,0,0,0,0,0,1,0,0,0,0,1,1
0,5.0,3,12.0,3.0,4,4,3,0,12.0,1.0,3.0,3.0,152.89,3.0,3.0,152.89,1.862,0,2.9,0,0,0,0,0,0,0,1,0,0,0,0,1,0,1,0,0
1,1.0,3,11.0,3.0,5,2,3,1,13.0,8.0,8.0,5.0,183.28,5.0,8.0,183.28,3.966,1,4.6,1,1,0,0,0,0,0,1,0,0,1,0,0,0,0,1,1
0,11.0,1,16.0,3.0,4,2,3,1,13.0,1.0,2.0,3.0,148.26,3.0,2.0,148.26,1.443,0,2.9,1,0,0,0,0,1,0,0,0,0,0,0,1,0,0,0,1
0,16.0,3,33.0,4.0,4,4,7,0,15.0,3.0,2.0,9.0,260.25,9.0,2.0,260.25,1.861,0,3.8,0,0,0,0,0,0,0,1,0,1,0,0,0,0,0,0,0
1,1.0,1,10.0,3.0,4,3,3,0,14.0,1.0,2.0,1.0,139.2,1.0,2.0,139.2,1.457,1,2.9,0,0,1,0,0,0,1,0,0,0,0,0,1,0,0,1,1
0,9.0,3,23.0,4.0,4,4,2,0,16.0,4.0,7.0,10.0,205.2,10.0,7.0,205.2,3.639,0,4.0,0,1,0,0,0,0,0,1,0,0,0,0,0,0,0,0,1
0,10.0,1,25.0,3.0,3,2,6,0,19.0,1.0,2.0,1.0,161.88,1.0,2.0,161.88,1.548,0,2.6,0,0,0,0,0,0,1,0,0,0,0,0,1,0,0,0,1
0,25.0,1,9.0,3.0,6,4,7,0,19.0,1.0,2.0,3.0,179.82,3.0,2.0,179.82,1.569,0,3.5,0,1,0,0,0,1,0,0,0,0,1,0,0,0,1,0,1
0,15.0,3,9.0,3.0,4,4,3,0,20.0,1.0,2.0,5.0,285.15,5.0,2.0,285.15,1.974,0,2.9,0,1,0,0,0,0,1,0,0,1,0,0,0,0,0,1,1
0,1.0,3,17.0,4.0,5,3,3,0,13.0,2.0,2.0,1.0,137.0,1.0,2.0,137.0,1.448,1,3.9,0,0,1,0,0,1,0,0,0,0,0,0,1,0,0,1,0
0,2.0,1,23.0,4.0,3,5,2,0,20.0,1.0,2.0,8.0,181.61,8.0,2.0,181.61,1.549,1,3.1,0,1,0,0,0,1,0,0,0,0,1,0,0,0,0,1,1
0,5.0,3,14.0,4.0,3,2,6,0,12.0,4.0,8.0,8.0,194.29,8.0,8.0,194.29,3.999,0,3.7,0,1,0,0,1,0,0,0,0,0,1,0,0,0,0,0,1
0,13.0,1,7.0,3.0,3,2,2,0,18.0,4.0,4.0,3.0,221.13,3.0,4.0,221.13,2.535,0,3.2,0,1,0,0,0,1,0,0,0,0,0,0,0,0,1,0,1
0,10.0,1,31.0,3.0,4,4,9,0,16.0,1.0,2.0,9.0,181.74,9.0,2.0,181.74,1.547,0,2.9,0,0,0,0,0,0,1,0,0,0,1,0,0,0,0,0,0
0,6.0,3,14.0,4.0,5,3,3,0,15.0,2.0,5.0,9.0,179.84,9.0,5.0,179.84,2.739,0,3.9,0,1,0,0,0,0,1,0,0,0,1,0,0,0,0,0,1
0,12.0,1,32.0,3.0,5,4,5,0,18.0,2.0,2.0,2.0,245.61,2.0,2.0,245.61,1.849,0,3.4,0,1,0,0,0,0,1,0,0,0,0,0,0,0,0,0,0
0,31.0,1,7.0,3.0,6,3,4,1,14.0,2.0,2.0,3.0,181.6,3.0,2.0,181.6,1.576,0,3.7,0,0,0,0,0,0,1,0,0,0,1,0,0,0,1,0,1
0,5.0,1,12.0,3.0,4,2,2,1,13.0,1.0,2.0,4.0,173.21,4.0,2.0,173.21,1.533,0,2.9,1,1,0,1,0,0,0,0,0,0,0,0,1,0,0,0,1
0,5.0,2,9.0,4.0,5,5,5,0,13.0,1.0,2.0,1.0,189.1,1.0,2.0,189.1,1.656,0,3.7,0,1,0,0,0,0,0,0,1,0,1,0,0,0,0,0,1
0,19.0,1,14.0,4.0,4,5,3,0,19.0,6.0,10.0,12.0,177.1,12.0,10.0,177.1,4.724,0,4.4,0,0,0,0,0,0,1,0,0,0,0,0,0,0,1,0,1
0,5.0,1,9.0,3.0,4,2,2,1,19.0,2.0,3.0,3.0,151.95,3.0,3.0,151.95,1.858,0,3.1,1,1,0,0,0,0,1,0,0,0,0,0,1,0,1,0,1
0,7.0,1,12.0,4.0,4,4,8,0,12.0,3.0,2.0,9.0,243.77999999999997,9.0,2.0,243.77999999999997,1.795,0,3.8,0,0,0,0,0,0,1,0,0,0,0,0,0,0,0,0,0
0,13.0,1,17.0,3.0,4,5,3,1,15.0,12.0,12.0,11.0,295.68,11.0,12.0,295.68,5.999,0,5.1,0,1,0,0,0,1,0,0,0,1,0,0,0,0,0,0,1
0,17.0,1,17.0,3.0,4,2,2,0,20.0,1.0,2.0,8.0,149.55,8.0,2.0,149.55,1.42,0,2.9,0,0,0,0,0,0,1,0,0,0,0,0,1,0,0,1,0
0,23.0,1,7.0,3.0,5,3,9,1,13.0,1.0,2.0,8.0,264.64,8.0,2.0,264.64,1.881,0,3.2,0,1,0,0,1,0,0,0,0,1,0,0,0,0,0,1,0
1,16.0,1,15.0,3.0,5,4,4,0,16.0,8.0,8.0,8.0,174.41,8.0,8.0,174.41,3.92,0,4.6,0,1,0,0,0,1,0,0,0,0,1,0,0,0,0,0,1
0,1.0,1,12.0,3.0,4,4,3,1,13.0,1.0,2.0,3.0,149.78,3.0,2.0,149.78,1.449,1,2.9,0,1,0,0,0,0,1,0,0,0,0,0,1,0,0,1,0
0,6.0,3,15.0,4.0,5,4,3,1,12.0,7.0,12.0,10.0,177.28,10.0,12.0,177.28,5.527,0,4.9,0,1,0,1,0,0,0,0,0,0,1,0,0,0,0,0,0
0,1.0,3,9.0,4.0,4,3,3,1,12.0,2.0,2.0,5.0,169.78,5.0,2.0,169.78,1.512,1,3.6,0,1,0,0,0,0,1,0,0,0,1,0,0,0,0,1,1
0,5.0,3,14.0,4.0,4,2,6,0,13.0,1.0,2.0,8.0,200.47,8.0,2.0,200.47,1.624,0,3.4,0,1,0,0,0,0,0,1,0,0,1,0,0,0,1,0,1
0,6.0,1,9.0,4.0,3,2,9,0,17.0,2.0,2.0,8.0,175.55,8.0,2.0,175.55,1.524,0,3.3,0,1,0,0,0,1,0,0,0,0,1,0,0,0,0,1,0
1,1.0,1,9.0,3.0,6,2,7,1,14.0,3.0,3.0,3.0,159.64,3.0,3.0,159.64,1.889,1,3.9,1,1,0,0,0,1,0,0,0,0,0,0,1,0,0,0,1
0,4.0,1,35.0,4.0,4,2,3,0,14.0,1.0,2.0,10.0,182.75,10.0,2.0,182.75,1.549,0,3.4,0,1,0,0,0,1,0,0,0,0,1,0,0,0,0,0,0
0,5.0,1,14.0,3.0,5,3,3,0,25.0,4.0,9.0,3.0,214.43,3.0,9.0,214.43,4.508,0,3.8,0,0,0,0,0,0,1,0,0,0,0,0,0,0,0,0,0
0,13.0,1,6.0,3.0,5,2,3,0,15.0,10.0,14.0,4.0,317.72,4.0,14.0,317.72,6.911,0,5.0,0,0,0,0,0,1,0,0,0,0,0,0,0,1,0,0,1
1,3.0,3,10.0,3.0,4,3,6,1,19.0,2.0,2.0,1.0,177.38,1.0,2.0,177.38,1.61,0,3.1,0,1,0,0,0,1,0,0,0,0,1,0,0,0,0,0,0
0,7.0,3,17.0,3.0,5,2,5,0,15.0,2.0,2.0,2.0,171.82,2.0,2.0,171.82,1.554,0,3.4,0,0,0,0,0,0,0,1,0,0,1,0,0,0,0,1,1
0,21.0,1,12.0,3.0,4,3,6,0,15.0,1.0,2.0,2.0,308.0,2.0,2.0,308.0,2.099,0,2.9,0,1,0,0,0,0,1,0,0,0,0,0,0,1,0,0,1
0,17.0,1,17.0,3.0,5,3,3,0,12.0,1.0,2.0,1.0,177.57,1.0,2.0,177.57,1.61,0,3.2,0,0,0,0,0,0,1,0,0,0,1,0,0,0,1,0,0
0,1.0,3,7.0,4.0,4,4,2,1,14.0,1.0,2.0,5.0,188.49,5.0,2.0,188.49,1.587,1,3.4,0,0,0,0,0,0,0,1,0,0,1,0,0,0,0,0,1
0,28.0,1,27.0,3.0,4,3,5,0,13.0,2.0,2.0,4.0,173.69,4.0,2.0,173.69,1.535,0,3.1,0,0,0,0,0,0,1,0,0,0,1,0,0,0,0,1,0
0,17.0,1,14.0,3.0,4,5,10,0,17.0,2.0,2.0,3.0,224.85,3.0,2.0,224.85,1.749,0,3.1,0,1,0,0,0,0,1,0,0,0,0,0,0,0,0,0,0
0,19.0,1,15.0,4.0,4,2,11,0,15.0,8.0,10.0,9.0,161.97,9.0,10.0,161.97,4.668,0,4.8,0,1,0,0,0,0,0,0,1,0,1,0,0,0,0,0,1
0,14.0,3,7.0,3.0,6,2,4,1,23.0,2.0,2.0,3.0,199.57,3.0,2.0,199.57,1.648,0,3.7,1,1,0,0,0,1,0,0,0,0,1,0,0,0,0,0,1
1,1.0,1,15.0,4.0,6,5,3,1,12.0,2.0,2.0,8.0,146.19,8.0,2.0,146.19,1.407,1,4.2,0,0,1,0,0,0,0,0,1,0,0,0,1,0,0,0,1
0,3.0,1,16.0,2.0,5,2,2,0,18.0,3.0,3.0,3.0,164.83,3.0,3.0,164.83,1.909,0,3.1,0,1,0,0,0,0,0,0,1,0,0,0,1,0,0,1,1
0,4.0,3,12.0,2.0,5,3,3,0,14.0,1.0,2.0,3.0,186.18,3.0,2.0,186.18,1.595,0,2.7,0,1,0,0,0,0,0,1,0,0,1,0,0,0,1,0,0
0,1.0,3,15.0,3.0,4,4,3,0,19.0,1.0,2.0,8.0,187.14,8.0,2.0,187.14,1.571,1,2.9,0,1,0,0,0,0,0,1,0,0,1,0,0,0,0,0,0
0,11.0,1,12.0,4.0,4,2,9,0,17.0,1.0,2.0,5.0,188.47,5.0,2.0,188.47,1.587,0,3.4,0,1,0,0,0,1,0,0,0,0,1,0,0,0,1,0,1
0,12.0,1,22.0,4.0,5,2,2,1,15.0,2.0,2.0,10.0,240.10000000000002,10.0,2.0,240.10000000000002,1.779,0,3.9,1,1,0,0,0,0,1,0,0,0,0,0,0,0,1,0,1
0,5.0,1,14.0,3.0,4,2,3,1,15.0,3.0,5.0,11.0,196.43,11.0,5.0,196.43,2.802,0,3.3,1,1,0,0,0,1,0,0,0,0,0,0,0,0,0,1,0
0,3.0,3,17.0,3.0,5,4,3,1,15.0,1.0,2.0,8.0,207.68,8.0,2.0,207.68,1.653,0,3.2,0,1,0,0,0,0,0,1,0,0,1,0,0,0,1,0,0
0,9.0,1,12.0,4.0,4,4,2,0,14.0,1.0,2.0,14.0,205.95,14.0,2.0,205.95,1.637,0,3.4,0,1,0,0,1,0,0,0,0,0,0,0,0,0,0,1,1
0,1.0,1,33.0,3.0,4,2,3,0,13.0,2.0,2.0,3.0,154.04,3.0,2.0,154.04,1.466,1,3.1,0,1,0,0,0,0,1,0,0,0,0,0,1,0,1,0,1
0,15.0,1,13.0,4.0,5,4,8,1,16.0,2.0,2.0,3.0,185.32,3.0,2.0,185.32,1.591,0,3.9,0,1,0,0,0,1,0,0,0,0,1,0,0,0,0,1,1
0,21.0,3,11.0,3.0,4,3,5,0,20.0,1.0,2.0,1.0,154.76,1.0,2.0,154.76,1.519,0,2.9,0,0,0,0,0,1,0,0,0,0,1,0,0,0,0,1,1
0,16.0,1,30.0,3.0,4,2,4,0,15.0,1.0,2.0,1.0,284.92,1.0,2.0,284.92,2.04,0,2.9,0,1,0,0,0,0,1,0,0,1,0,0,0,0,0,1,0
0,3.0,3,9.0,4.0,4,3,3,0,15.0,2.0,2.0,3.0,171.49,3.0,2.0,171.49,1.536,0,3.6,0,0,0,0,0,0,1,0,0,0,1,0,0,0,0,0,1
0,16.0,2,9.0,3.0,4,3,2,1,12.0,2.0,2.0,1.0,151.96,1.0,2.0,151.96,1.508,0,3.1,0,1,0,1,0,0,0,0,0,0,0,0,1,0,1,0,1
0,6.0,1,9.0,4.0,4,4,3,0,14.0,1.0,2.0,8.0,148.7,8.0,2.0,148.7,1.417,0,3.4,0,0,1,0,0,1,0,0,0,0,0,0,1,0,0,0,0
0,22.0,3,36.0,4.0,4,3,5,0,22.0,1.0,2.0,1.0,250.04000000000002,1.0,2.0,250.04000000000002,1.9,0,3.4,0,1,0,0,0,1,0,0,0,0,0,0,0,0,0,0,0
0,11.0,1,13.0,3.0,3,5,6,1,14.0,3.0,7.0,8.0,184.74,8.0,7.0,184.74,3.561,0,3.0,0,1,0,0,0,1,0,0,0,0,1,0,0,0,1,0,1
0,4.0,3,32.0,3.0,4,3,9,1,13.0,2.0,3.0,3.0,172.36,3.0,3.0,172.36,1.939,0,3.1,0,0,0,1,0,0,0,0,0,0,1,0,0,0,0,0,0
0,1.0,3,7.0,3.0,4,3,3,0,18.0,3.0,8.0,8.0,177.96,8.0,8.0,177.96,3.934,1,3.3,0,1,0,0,0,0,1,0,0,0,1,0,0,0,0,0,1
0,16.0,1,9.0,4.0,5,2,5,0,24.0,1.0,2.0,1.0,192.81,1.0,2.0,192.81,1.671,0,3.7,0,1,0,0,0,0,0,0,1,0,1,0,0,0,0,1,1
1,1.0,3,7.0,3.0,5,4,3,1,12.0,2.0,2.0,3.0,146.74,3.0,2.0,146.74,1.437,1,3.4,0,0,0,1,0,0,0,0,0,0,0,0,1,0,0,1,0
0,10.0,3,7.0,3.0,4,2,6,0,16.0,2.0,2.0,1.0,191.53,1.0,2.0,191.53,1.666,0,3.1,0,0,0,0,0,1,0,0,0,0,1,0,0,0,0,1,0
0,10.0,3,10.0,3.0,5,2,6,0,12.0,1.0,2.0,3.0,221.99,3.0,2.0,221.99,1.738,0,3.2,0,0,0,0,0,1,0,0,0,0,0,0,0,0,0,0,1
0,31.0,1,7.0,3.0,4,3,4,0,12.0,2.0,2.0,3.0,192.55,3.0,2.0,192.55,1.62,0,3.1,0,1,0,0,0,1,0,0,0,0,1,0,0,0,0,0,1
0,14.0,1,17.0,3.0,3,3,5,1,14.0,1.0,2.0,8.0,147.13,8.0,2.0,147.13,1.411,0,2.6,0,0,1,0,0,0,1,0,0,0,0,0,1,0,0,0,0
0,1.0,3,16.0,3.0,4,2,3,0,25.0,1.0,3.0,3.0,151.1,3.0,3.0,151.1,1.854,1,2.9,0,0,0,0,0,1,0,0,0,0,0,0,1,0,0,1,1
1,1.0,3,12.0,3.0,4,3,3,1,14.0,2.0,2.0,1.0,153.51,1.0,2.0,153.51,1.514,1,3.1,0,1,0,0,0,0,0,1,0,0,0,0,1,0,0,1,0
0,11.0,1,17.0,4.0,4,5,8,0,21.0,2.0,2.0,4.0,159.52,4.0,2.0,159.52,1.478,0,3.6,0,1,0,0,0,1,0,0,0,0,0,0,1,0,0,0,0
0,20.0,1,14.0,2.0,4,3,4,0,15.0,1.0,2.0,1.0,177.58,1.0,2.0,177.58,1.61,0,2.4,0,0,0,0,0,1,0,0,0,0,1,0,0,0,0,0,0
1,5.0,3,11.0,3.0,4,4,3,0,19.0,8.0,8.0,3.0,218.55,3.0,8.0,218.55,4.124,0,4.3,0,0,0,0,0,0,0,1,0,0,1,0,0,0,0,1,1
0,24.0,1,17.0,4.0,5,2,8,0,16.0,1.0,2.0,3.0,229.96,3.0,2.0,229.96,1.77,0,3.7,0,1,0,0,1,0,0,0,0,0,0,0,0,0,0,1,1
1,4.0,3,29.0,4.0,5,3,4,1,13.0,2.0,2.0,1.0,188.8,1.0,2.0,188.8,1.655,0,3.9,0,1,0,0,0,0,0,1,0,0,1,0,0,0,0,0,1
0,5.0,1,16.0,3.0,5,4,2,1,17.0,2.0,3.0,3.0,151.57,3.0,3.0,151.57,1.856,0,3.4,0,1,0,0,0,0,1,0,0,0,0,0,1,0,0,1,1
1,1.0,3,19.0,3.0,3,4,3,0,16.0,1.0,2.0,1.0,152.16,1.0,2.0,152.16,1.509,1,2.6,0,1,0,0,0,0,1,0,0,0,0,0,1,0,0,1,0
0,3.0,1,30.0,3.0,4,2,11,0,17.0,2.0,2.0,3.0,147.01,3.0,2.0,147.01,1.438,0,3.1,0,0,1,0,0,0,1,0,0,0,0,0,1,0,0,1,1
0,9.0,1,16.0,4.0,5,4,11,0,20.0,2.0,2.0,1.0,190.4,1.0,2.0,190.4,1.662,0,3.9,0,1,0,0,0,0,1,0,0,0,1,0,0,0,0,1,1
0,1.0,1,7.0,3.0,4,4,3,0,12.0,1.0,2.0,5.0,163.16,5.0,2.0,163.16,1.486,1,2.9,0,1,0,0,0,1,0,0,0,0,0,0,1,0,1,0,1
0,2.0,3,16.0,4.0,4,2,3,0,17.0,2.0,2.0,8.0,177.53,8.0,2.0,177.53,1.532,1,3.6,0,1,0,0,0,0,1,0,0,0,1,0,0,0,0,1,1
0,23.0,1,14.0,3.0,5,3,10,0,25.0,2.0,2.0,1.0,170.0,1.0,2.0,170.0,1.58,0,3.4,0,1,0,0,0,0,0,0,1,0,0,0,0,0,0,1,1
0,25.0,3,21.0,3.0,4,2,6,0,12.0,1.0,2.0,8.0,174.36,8.0,2.0,174.36,1.52,0,2.9,0,1,0,0,0,0,1,0,0,0,1,0,0,0,0,0,0
0,10.0,1,9.0,4.0,4,3,6,0,14.0,2.0,3.0,3.0,150.43,3.0,3.0,150.43,1.852,0,3.6,0,1,0,0,0,0,1,0,0,0,0,0,1,0,0,0,0
1,1.0,3,26.0,4.0,3,2,10,1,14.0,2.0,2.0,5.0,178.04,5.0,2.0,178.04,1.545,1,3.3,1,0,0,0,0,0,0,1,0,0,1,0,0,0,0,1,1
0,29.0,1,9.0,4.0,4,2,4,1,14.0,1.0,2.0,3.0,291.59,3.0,2.0,291.59,2.016,0,3.4,1,1,0,0,0,0,1,0,0,1,0,0,0,0,0,1,0
0,1.0,3,17.0,4.0,4,3,3,1,13.0,1.0,2.0,4.0,167.6,4.0,2.0,167.6,1.51,1,3.4,0,1,0,0,0,0,0,1,0,0,1,0,0,0,1,0,0
0,4.0,3,9.0,4.0,4,4,3,0,19.0,2.0,2.0,1.0,149.76,1.0,2.0,149.76,1.499,0,3.6,0,1,0,1,0,0,0,0,0,0,0,0,1,0,0,0,1
1,1.0,1,10.0,4.0,4,5,2,0,23.0,1.0,2.0,5.0,156.02,5.0,2.0,156.02,1.457,1,3.4,0,0,0,1,0,0,0,0,0,0,0,0,1,0,0,1,1
0,1.0,1,18.0,3.0,4,4,3,0,14.0,2.0,2.0,3.0,147.44,3.0,2.0,147.44,1.44,1,3.1,0,0,1,0,0,1,0,0,0,0,0,0,1,0,0,0,0
0,10.0,3,9.0,4.0,5,3,3,0,14.0,10.0,10.0,1.0,200.96,1.0,10.0,200.96,4.904,0,5.5,0,1,0,0,0,1,0,0,0,0,0,0,0,0,0,0,1
1,1.0,1,11.0,3.0,4,2,20,1,24.0,2.0,2.0,1.0,147.85,1.0,2.0,147.85,1.491,1,3.1,1,0,0,1,0,0,0,0,0,0,0,0,1,0,0,1,1
0,11.0,1,21.0,4.0,4,5,3,0,13.0,4.0,13.0,18.0,155.34,18.0,13.0,155.34,5.832,0,4.0,0,1,0,0,0,0,1,0,0,0,0,0,1,0,1,0,0
0,14.0,3,9.0,3.0,4,4,9,0,13.0,1.0,2.0,4.0,182.15,4.0,2.0,182.15,1.569,0,2.9,0,1,0,0,0,0,0,1,0,0,1,0,0,0,1,0,0
0,16.0,1,7.0,4.0,4,5,5,0,17.0,2.0,2.0,3.0,150.76,3.0,2.0,150.76,1.453,0,3.6,0,1,0,0,0,0,1,0,0,0,0,0,1,0,1,0,0
0,11.0,1,17.0,3.0,4,4,4,1,13.0,1.0,2.0,2.0,166.97,2.0,2.0,166.97,1.535,0,2.9,0,1,0,0,0,0,1,0,0,0,1,0,0,0,0,1,1
0,17.0,1,19.0,3.0,5,4,3,0,12.0,1.0,4.0,10.0,268.36,10.0,4.0,268.36,2.692,0,3.2,0,1,0,0,0,0,1,0,0,1,0,0,0,0,1,0,1
0,14.0,1,9.0,4.0,5,3,8,0,23.0,2.0,2.0,1.0,159.48,1.0,2.0,159.48,1.538,0,3.9,0,1,0,0,0,1,0,0,0,0,1,0,0,0,0,0,0
0,28.0,1,12.0,3.0,4,5,6,0,15.0,2.0,2.0,3.0,319.06,3.0,2.0,319.06,2.126,0,3.1,0,1,0,0,0,1,0,0,0,0,0,0,0,1,0,0,1
0,8.0,3,11.0,4.0,4,3,11,0,16.0,2.0,2.0,3.0,190.38,3.0,2.0,190.38,1.612,0,3.6,0,0,0,0,0,0,0,1,0,0,1,0,0,0,0,0,0
0,5.0,1,14.0,3.0,4,5,3,0,13.0,4.0,4.0,13.0,168.06,13.0,4.0,168.06,2.287,0,3.5,0,1,0,0,0,1,0,0,0,0,1,0,0,0,0,0,0
0,17.0,1,28.0,4.0,4,2,9,0,21.0,1.0,2.0,3.0,147.58,3.0,2.0,147.58,1.44,0,3.4,0,0,0,0,0,1,0,0,0,0,0,0,1,0,0,0,1
0,17.0,1,15.0,4.0,4,3,6,1,15.0,1.0,2.0,3.0,170.22,3.0,2.0,170.22,1.531,0,3.4,0,1,0,0,0,0,0,0,1,0,1,0,0,0,1,0,0
0,1.0,3,11.0,3.0,5,2,3,1,12.0,1.0,2.0,4.0,169.87,4.0,2.0,169.87,1.519,1,3.2,1,1,0,0,0,0,1,0,0,0,1,0,0,0,0,1,0
0,11.0,1,32.0,4.0,4,3,5,1,16.0,4.0,11.0,8.0,169.49,8.0,11.0,169.49,5.1,0,4.0,0,0,0,0,0,1,0,0,0,0,1,0,0,0,0,0,0
0,5.0,1,7.0,4.0,5,5,3,0,13.0,1.0,4.0,3.0,147.18,3.0,4.0,147.18,2.239,0,3.7,0,0,1,0,0,0,1,0,0,0,0,0,1,0,0,0,1
0,13.0,1,7.0,3.0,4,3,3,1,15.0,1.0,2.0,7.0,316.97,7.0,2.0,316.97,2.093,0,2.9,0,0,0,0,0,0,1,0,0,0,0,0,0,1,1,0,1
0,30.0,3,13.0,3.0,3,5,11,0,12.0,3.0,2.0,8.0,257.12,8.0,2.0,257.12,1.851,0,3.0,0,0,0,0,0,0,1,0,0,1,0,0,0,0,0,0,0
0,4.0,3,19.0,3.0,4,3,2,0,12.0,4.0,5.0,5.0,190.77,5.0,5.0,190.77,2.796,0,3.5,0,1,0,1,0,0,0,0,0,0,1,0,0,0,0,1,0
0,15.0,3,7.0,3.0,3,5,3,0,17.0,2.0,2.0,8.0,208.92,8.0,2.0,208.92,1.658,0,2.8,0,1,0,0,0,0,0,1,0,0,0,0,0,0,0,0,1
0,2.0,1,24.0,4.0,4,5,3,0,13.0,1.0,2.0,9.0,170.58,9.0,2.0,170.58,1.502,1,3.4,0,1,0,0,0,1,0,0,0,0,1,0,0,0,1,0,1
1,1.0,1,10.0,4.0,4,5,7,0,14.0,2.0,2.0,3.0,165.31,3.0,2.0,165.31,1.511,1,3.6,0,1,0,0,0,1,0,0,0,0,0,0,1,0,0,0,1
0,26.0,1,10.0,3.0,5,3,4,1,15.0,1.0,2.0,5.0,204.69,5.0,2.0,204.69,1.652,0,3.2,0,1,0,0,0,1,0,0,0,0,0,0,0,0,0,0,1
0,19.0,1,17.0,4.0,4,2,5,0,22.0,2.0,2.0,3.0,151.54,3.0,2.0,151.54,1.456,0,3.6,0,1,0,0,0,0,1,0,0,0,0,0,1,0,0,0,1
0,26.0,1,11.0,2.0,4,2,4,0,14.0,1.0,2.0,5.0,290.55,5.0,2.0,290.55,1.996,0,2.4,0,1,0,0,0,0,1,0,0,1,0,0,0,0,0,0,0
0,16.0,1,36.0,4.0,4,3,4,0,12.0,2.0,2.0,3.0,170.56,3.0,2.0,170.56,1.532,0,3.6,0,0,0,0,0,0,1,0,0,0,1,0,0,0,1,0,0
0,4.0,1,9.0,3.0,6,2,4,0,21.0,1.0,2.0,3.0,185.91,3.0,2.0,185.91,1.594,0,3.5,0,1,0,0,0,0,1,0,0,0,1,0,0,0,0,1,0
0,31.0,1,14.0,3.0,4,5,7,0,15.0,1.0,12.0,11.0,320.66,11.0,12.0,320.66,6.099,0,2.9,0,1,0,0,0,0,1,0,0,0,0,0,0,1,0,0,0
0,20.0,1,25.0,3.0,4,3,4,0,15.0,1.0,2.0,9.0,173.1,9.0,2.0,173.1,1.512,0,2.9,0,1,0,0,0,1,0,0,0,0,1,0,0,0,1,0,0
0,16.0,1,35.0,3.0,5,2,2,0,12.0,1.0,2.0,5.0,170.23,5.0,2.0,170.23,1.514,0,3.2,0,0,0,1,0,0,0,0,0,0,1,0,0,0,0,0,0
1,1.0,3,7.0,4.0,4,4,3,1,17.0,2.0,2.0,5.0,157.02,5.0,2.0,157.02,1.461,1,3.6,0,1,0,1,0,0,0,0,0,0,0,0,1,0,0,1,0
1,1.0,3,13.0,3.0,6,3,2,0,17.0,2.0,2.0,1.0,148.51,1.0,2.0,148.51,1.494,1,3.7,0,0,0,0,0,0,0,1,0,0,0,0,1,0,1,0,0
0,12.0,1,9.0,3.0,4,2,3,1,24.0,2.0,2.0,1.0,142.02,1.0,2.0,142.02,1.468,0,3.1,1,0,0,0,0,0,1,0,0,0,0,0,1,0,0,0,1
0,14.0,3,9.0,4.0,4,3,2,0,15.0,1.0,2.0,13.0,305.41,13.0,2.0,305.41,2.036,0,3.4,0,1,0,0,0,0,1,0,0,0,0,0,0,1,0,0,0
0,1.0,1,30.0,3.0,4,2,3,0,23.0,2.0,2.0,3.0,153.86,3.0,2.0,153.86,1.465,1,3.1,0,1,0,0,0,0,1,0,0,0,0,0,1,0,1,0,0
0,4.0,1,10.0,3.0,4,2,6,0,16.0,1.0,2.0,5.0,145.97,5.0,2.0,145.97,1.417,0,2.9,0,0,0,0,0,0,1,0,0,0,0,0,1,0,0,0,1
0,3.0,1,10.0,4.0,5,3,3,0,19.0,2.0,2.0,8.0,244.35000000000002,8.0,2.0,244.35000000000002,1.8,0,3.9,0,1,0,0,0,1,0,0,0,0,0,0,0,0,0,0,1
1,1.0,1,32.0,4.0,5,4,7,0,17.0,1.0,2.0,2.0,150.46,2.0,2.0,150.46,1.469,1,3.7,0,1,0,1,0,0,0,0,0,0,0,0,1,0,0,0,0
1,1.0,2,9.0,3.0,5,2,3,0,13.0,2.0,2.0,1.0,150.64,1.0,2.0,150.64,1.503,1,3.4,0,1,0,1,0,0,0,0,0,0,0,0,1,0,0,1,1
0,4.0,3,29.0,4.0,4,5,2,0,12.0,3.0,8.0,9.0,209.12,9.0,8.0,209.12,4.056,0,3.8,0,0,0,0,0,0,0,0,1,0,0,0,0,0,0,0,0
0,31.0,3,36.0,3.0,5,2,5,0,13.0,1.0,2.0,1.0,266.18,1.0,2.0,266.18,1.965,0,3.2,0,1,0,0,0,0,0,1,0,1,0,0,0,0,1,0,1
0,24.0,1,36.0,3.0,5,3,2,0,15.0,12.0,16.0,8.0,295.46,8.0,16.0,295.46,7.604,0,5.4,0,1,0,0,0,0,1,0,0,1,0,0,0,0,0,0,1
0,4.0,1,9.0,3.0,4,2,2,0,15.0,6.0,7.0,8.0,150.64,8.0,7.0,150.64,3.425,0,3.9,0,0,0,0,0,1,0,0,0,0,0,0,1,0,0,1,0
0,31.0,3,35.0,4.0,5,5,6,0,20.0,14.0,14.0,3.0,227.66,3.0,14.0,227.66,6.561,0,6.3,0,0,0,0,0,0,0,1,0,0,0,0,0,0,0,0,0
0,21.0,1,9.0,4.0,4,2,7,0,14.0,1.0,2.0,5.0,175.7,5.0,2.0,175.7,1.536,0,3.4,0,1,0,0,0,1,0,0,0,0,1,0,0,0,1,0,0
0,20.0,1,9.0,3.0,4,3,8,0,15.0,1.0,2.0,2.0,303.61,2.0,2.0,303.61,2.081,0,2.9,0,1,0,0,0,0,1,0,0,1,0,0,0,0,0,0,1
0,9.0,1,29.0,3.0,6,3,2,0,16.0,3.0,5.0,4.0,167.3,4.0,5.0,167.3,2.709,0,3.9,0,1,0,0,0,0,1,0,0,0,0,0,1,0,0,1,1
0,28.0,1,15.0,3.0,4,3,9,0,12.0,2.0,2.0,1.0,162.8,1.0,2.0,162.8,1.551,0,3.1,0,1,0,0,0,0,1,0,0,0,1,0,0,0,0,1,0
0,8.0,1,9.0,4.0,5,3,5,0,13.0,6.0,6.0,8.0,152.68,8.0,6.0,152.68,3.033,0,4.7,0,1,0,0,0,0,1,0,0,0,0,0,1,0,1,0,1
0,20.0,3,17.0,4.0,5,2,4,1,20.0,2.0,2.0,3.0,215.71,3.0,2.0,215.71,1.713,0,3.9,1,1,0,0,0,0,0,1,0,0,0,0,0,0,0,0,0
0,5.0,1,16.0,3.0,4,4,3,0,26.0,2.0,2.0,9.0,231.48000000000002,9.0,2.0,231.48000000000002,1.746,0,3.1,0,1,0,0,0,0,1,0,0,0,0,0,0,0,1,0,1
1,1.0,1,22.0,3.0,4,3,9,1,13.0,1.0,8.0,8.0,261.1,8.0,8.0,261.1,4.267,1,2.9,0,1,0,0,0,1,0,0,0,0,0,0,0,0,0,0,1
1,1.0,1,17.0,3.0,6,2,9,0,14.0,1.0,2.0,4.0,159.08,4.0,2.0,159.08,1.476,1,3.5,0,1,0,0,0,1,0,0,0,0,0,0,1,0,1,0,1
0,4.0,3,14.0,3.0,4,4,2,0,15.0,2.0,2.0,3.0,154.83,3.0,2.0,154.83,1.469,0,3.1,0,1,0,0,0,0,0,1,0,0,0,0,1,0,0,1,1
0,9.0,1,23.0,4.0,4,3,6,1,13.0,1.0,2.0,1.0,201.32,1.0,2.0,201.32,1.705,0,3.4,0,1,0,0,0,0,1,0,0,0,0,0,0,0,0,0,1
1,1.0,1,27.0,4.0,4,3,5,0,13.0,2.0,2.0,3.0,223.24,3.0,2.0,223.24,1.743,1,3.6,0,0,0,0,0,0,1,0,0,0,0,0,0,0,0,0,1
1,1.0,2,30.0,3.0,4,5,11,1,16.0,2.0,2.0,3.0,224.5,3.0,2.0,224.5,1.748,1,3.1,0,0,0,0,0,0,0,0,1,0,0,0,0,0,1,0,0
0,16.0,1,12.0,4.0,4,3,6,0,18.0,3.0,3.0,1.0,145.93,1.0,3.0,145.93,1.884,0,3.8,0,0,0,0,0,0,0,0,1,0,0,0,1,0,0,0,1
0,10.0,3,17.0,3.0,4,2,3,0,15.0,2.0,10.0,3.0,224.8,3.0,10.0,224.8,4.949,0,3.1,0,0,0,0,0,1,0,0,0,0,0,0,0,0,0,1,1
1,1.0,1,11.0,3.0,5,3,7,0,17.0,2.0,2.0,3.0,163.94,3.0,2.0,163.94,1.506,1,3.4,0,0,0,1,0,0,0,0,0,0,0,0,1,0,0,1,1
0,22.0,3,9.0,3.0,4,2,4,0,15.0,5.0,7.0,8.0,165.51,8.0,7.0,165.51,3.484,0,3.7,0,1,0,0,0,0,0,1,0,0,1,0,0,0,0,0,0
0,29.0,3,25.0,3.0,4,4,5,0,15.0,1.0,8.0,8.0,293.35,8.0,8.0,293.35,4.396,0,2.9,0,1,0,0,0,0,1,0,0,1,0,0,0,0,0,1,0
0,15.0,3,17.0,3.0,4,2,9,0,15.0,1.0,2.0,11.0,187.3,11.0,2.0,187.3,1.566,0,2.9,0,0,0,0,0,0,1,0,0,0,1,0,0,0,0,1,1
0,9.0,3,7.0,3.0,4,3,11,0,12.0,4.0,7.0,10.0,172.17,10.0,7.0,172.17,3.507,0,3.5,0,1,0,0,0,0,0,1,0,0,1,0,0,0,0,0,1
0,14.0,1,13.0,4.0,4,3,9,0,16.0,5.0,2.0,14.0,257.37,14.0,2.0,257.37,1.843,0,4.2,0,1,0,0,0,0,1,0,0,1,0,0,0,0,0,1,0
0,13.0,1,15.0,3.0,4,3,3,0,12.0,1.0,2.0,8.0,162.55,8.0,2.0,162.55,1.472,0,2.9,0,0,0,0,0,0,1,0,0,0,0,0,1,0,0,0,0
0,5.0,3,9.0,4.0,4,2,6,1,14.0,2.0,2.0,6.0,190.82,6.0,2.0,190.82,1.592,0,3.6,1,1,0,0,0,0,1,0,0,0,1,0,0,0,0,1,1
0,16.0,1,31.0,3.0,4,5,3,1,22.0,5.0,6.0,9.0,199.06,9.0,6.0,199.06,3.216,0,3.7,0,1,0,0,0,1,0,0,0,0,0,0,0,0,0,0,1
0,19.0,3,9.0,4.0,4,4,2,0,20.0,4.0,4.0,8.0,173.05,8.0,4.0,173.05,2.314,0,4.0,0,1,0,0,0,0,0,0,1,0,1,0,0,0,0,0,1
1,1.0,2,24.0,3.0,4,3,2,1,12.0,1.0,2.0,1.0,152.41,1.0,2.0,152.41,1.51,1,2.9,0,0,0,0,0,0,1,0,0,0,0,0,1,0,1,0,0
0,3.0,1,26.0,3.0,4,2,6,0,13.0,1.0,2.0,3.0,167.62,3.0,2.0,167.62,1.52,0,2.9,0,1,0,1,0,0,0,0,0,0,1,0,0,0,1,0,1
0,7.0,1,7.0,4.0,3,3,6,0,20.0,1.0,2.0,6.0,286.84,6.0,2.0,286.84,1.976,0,3.1,0,1,0,0,0,1,0,0,0,1,0,0,0,0,1,0,0
0,1.0,3,14.0,3.0,5,2,11,0,22.0,2.0,2.0,2.0,240.57,2.0,2.0,240.57,1.829,1,3.4,0,1,0,0,0,0,1,0,0,0,0,0,0,0,1,0,1
1,1.0,3,12.0,4.0,4,4,3,1,15.0,2.0,2.0,1.0,143.78,1.0,2.0,143.78,1.475,1,3.6,0,0,0,0,0,0,0,1,0,0,0,0,1,0,0,1,1
0,14.0,3,35.0,3.0,6,5,5,0,16.0,2.0,2.0,2.0,234.32,2.0,2.0,234.32,1.804,0,3.7,0,0,0,0,0,0,0,0,1,0,0,0,0,0,1,0,1
0,15.0,1,9.0,4.0,5,3,4,1,18.0,1.0,2.0,8.0,193.11,8.0,2.0,193.11,1.595,0,3.7,0,0,0,0,0,0,0,0,1,0,1,0,0,0,0,1,0
0,1.0,3,36.0,3.0,4,3,7,0,13.0,2.0,2.0,1.0,168.06,1.0,2.0,168.06,1.572,1,3.1,0,1,0,0,0,1,0,0,0,0,1,0,0,0,1,0,1
0,9.0,3,7.0,4.0,4,3,3,0,17.0,1.0,2.0,4.0,173.59,4.0,2.0,173.59,1.534,0,3.4,0,1,0,0,0,1,0,0,0,0,1,0,0,0,0,1,0
0,8.0,3,28.0,4.0,3,2,3,0,13.0,6.0,6.0,8.0,178.37,8.0,6.0,178.37,3.136,0,4.1,0,1,0,0,0,0,1,0,0,0,1,0,0,0,0,1,1
1,1.0,1,31.0,4.0,6,2,3,1,19.0,2.0,2.0,1.0,148.4,1.0,2.0,148.4,1.494,1,4.2,1,0,1,1,0,0,0,0,0,0,0,0,1,0,0,1,1
0,11.0,1,7.0,3.0,4,2,6,0,18.0,2.0,2.0,3.0,199.91,3.0,2.0,199.91,1.65,0,3.1,0,1,0,0,1,0,0,0,0,0,0,0,0,0,0,1,0
0,20.0,1,25.0,3.0,4,3,7,0,12.0,2.0,2.0,3.0,230.27,3.0,2.0,230.27,1.771,0,3.1,0,0,0,0,0,1,0,0,0,0,0,0,0,0,0,0,0
0,15.0,3,9.0,4.0,4,5,9,0,17.0,1.0,12.0,9.0,290.95,9.0,12.0,290.95,5.984,0,3.4,0,1,0,0,0,0,1,0,0,1,0,0,0,0,0,0,0
0,11.0,3,16.0,4.0,4,4,3,0,14.0,7.0,8.0,3.0,213.34,3.0,8.0,213.34,4.103,0,4.6,0,0,0,0,0,1,0,0,0,0,0,0,0,0,1,0,1
0,26.0,1,13.0,4.0,4,5,5,1,13.0,3.0,7.0,10.0,180.77,10.0,7.0,180.77,3.541,0,3.8,0,1,0,1,0,0,0,0,0,0,1,0,0,0,1,0,1
1,1.0,3,18.0,3.0,3,3,10,0,13.0,2.0,2.0,3.0,172.07,3.0,2.0,172.07,1.538,1,2.8,0,0,0,0,0,0,0,0,1,0,1,0,0,0,0,0,1
0,1.0,3,31.0,3.0,4,2,2,0,14.0,1.0,3.0,2.0,149.0,2.0,3.0,149.0,1.863,1,2.9,0,0,0,0,0,1,0,0,0,0,0,0,1,0,0,0,1
0,12.0,1,17.0,4.0,4,3,5,0,20.0,2.0,2.0,3.0,223.24,3.0,2.0,223.24,1.743,0,3.6,0,1,0,0,0,1,0,0,0,0,1,0,0,0,0,0,0
0,11.0,1,7.0,4.0,4,4,8,0,13.0,4.0,5.0,4.0,189.47,4.0,5.0,189.47,2.798,0,4.0,0,1,0,0,0,0,1,0,0,0,1,0,0,0,0,0,0
0,23.0,1,25.0,3.0,5,3,3,1,15.0,1.0,2.0,10.0,320.02,10.0,2.0,320.02,2.098,0,3.2,0,1,0,0,0,0,1,0,0,0,0,0,0,1,1,0,1
0,1.0,1,30.0,3.0,3,2,3,1,12.0,1.0,2.0,5.0,152.25,5.0,2.0,152.25,1.442,1,2.6,1,1,0,0,0,1,0,0,0,0,0,0,1,0,0,0,1
0,1.0,3,35.0,4.0,4,4,3,0,21.0,2.0,2.0,5.0,187.72,5.0,2.0,187.72,1.584,1,3.6,0,1,0,0,0,0,0,1,0,0,1,0,0,0,0,0,1
0,1.0,1,24.0,4.0,5,4,3,0,22.0,2.0,2.0,1.0,146.27,1.0,2.0,146.27,1.485,1,3.9,0,0,1,0,0,0,0,0,1,0,0,0,1,0,0,0,1
0,24.0,2,10.0,3.0,4,4,3,0,15.0,7.0,11.0,8.0,307.0,8.0,11.0,307.0,5.65,0,4.1,0,0,0,0,0,1,0,0,0,0,0,0,0,1,0,0,1
0,1.0,3,20.0,3.0,4,3,3,0,12.0,2.0,2.0,7.0,145.96,7.0,2.0,145.96,1.409,1,3.1,0,0,1,0,0,1,0,0,0,0,0,0,1,0,0,0,1
1,1.0,1,14.0,3.0,4,3,3,1,17.0,1.0,2.0,3.0,153.86,3.0,2.0,153.86,1.465,1,2.9,0,0,0,0,0,0,1,0,0,0,0,0,1,0,0,0,0
1,1.0,3,19.0,4.0,5,5,3,0,19.0,2.0,2.0,1.0,145.33,1.0,2.0,145.33,1.481,1,3.9,0,0,0,0,0,0,1,0,0,0,0,0,1,0,0,0,1
0,8.0,1,7.0,3.0,5,2,3,1,14.0,1.0,2.0,4.0,161.22,4.0,2.0,161.22,1.485,0,3.2,1,1,0,0,0,0,1,0,0,0,0,0,1,0,0,0,1
1,1.0,3,20.0,3.0,4,5,4,0,18.0,1.0,2.0,3.0,167.33,3.0,2.0,167.33,1.519,1,2.9,0,1,0,0,0,1,0,0,0,0,1,0,0,0,1,0,1
0,9.0,1,32.0,3.0,5,2,6,0,15.0,1.0,2.0,3.0,161.81,3.0,2.0,161.81,1.497,0,3.2,0,1,0,0,0,0,0,0,1,0,1,0,0,0,0,1,1
0,5.0,3,13.0,4.0,3,2,6,0,23.0,4.0,6.0,8.0,179.6,8.0,6.0,179.6,3.141,0,3.7,0,1,0,0,0,1,0,0,0,0,1,0,0,0,1,0,1
0,1.0,1,13.0,4.0,5,3,2,0,13.0,2.0,2.0,4.0,146.87,4.0,2.0,146.87,1.427,1,3.9,0,0,1,0,0,1,0,0,0,0,0,0,1,0,1,0,0
0,11.0,3,9.0,4.0,4,3,6,1,12.0,1.0,2.0,3.0,221.02,3.0,2.0,221.02,1.734,0,3.4,0,1,0,0,0,0,0,1,0,0,1,0,0,0,0,0,1
0,1.0,1,7.0,3.0,5,4,3,0,14.0,2.0,2.0,1.0,153.36,1.0,2.0,153.36,1.513,1,3.4,0,1,0,0,0,0,1,0,0,0,0,0,1,0,0,1,0
0,16.0,1,9.0,3.0,4,2,3,0,14.0,3.0,3.0,3.0,165.89,3.0,3.0,165.89,1.914,0,3.3,0,1,0,0,0,0,1,0,0,0,1,0,0,0,0,0,0
0,17.0,1,13.0,3.0,5,2,6,1,15.0,1.0,2.0,1.0,291.27,1.0,2.0,291.27,2.065,0,3.2,1,1,0,0,0,0,0,0,1,1,0,0,0,0,1,0,1
0,12.0,1,7.0,3.0,4,5,5,0,18.0,2.0,2.0,1.0,151.19,1.0,2.0,151.19,1.505,0,3.1,0,1,0,0,0,0,1,0,0,0,0,0,1,0,0,1,0
0,17.0,1,16.0,4.0,4,3,5,1,14.0,3.0,5.0,8.0,181.79,8.0,5.0,181.79,2.749,0,3.8,0,0,0,0,0,1,0,0,0,0,1,0,0,0,1,0,1
0,22.0,1,7.0,3.0,5,5,9,0,12.0,1.0,2.0,3.0,279.02,3.0,2.0,279.02,1.966,0,3.2,0,1,0,0,0,0,1,0,0,1,0,0,0,0,0,0,0
0,18.0,2,7.0,3.0,5,3,6,0,12.0,2.0,2.0,3.0,184.85,3.0,2.0,184.85,1.589,0,3.4,0,1,0,0,0,0,1,0,0,0,1,0,0,0,0,1,0
0,8.0,3,21.0,3.0,4,3,3,1,19.0,2.0,2.0,7.0,150.79,7.0,2.0,150.79,1.428,0,3.1,0,1,0,1,0,0,0,0,0,0,0,0,1,0,1,0,0
1,1.0,3,9.0,3.0,4,5,2,0,12.0,1.0,2.0,3.0,155.41,3.0,2.0,155.41,1.472,1,2.9,0,1,0,0,0,0,0,1,0,0,0,0,1,0,1,0,1
0,1.0,3,29.0,3.0,4,3,3,0,12.0,2.0,2.0,3.0,159.47,3.0,2.0,159.47,1.488,1,3.1,0,1,0,1,0,0,0,0,0,0,0,0,1,0,0,1,1
0,18.0,1,10.0,3.0,4,2,6,1,15.0,2.0,2.0,2.0,320.13,2.0,2.0,320.13,2.147,0,3.1,1,1,0,0,0,0,0,0,1,0,0,0,0,1,0,0,1
0,1.0,1,13.0,4.0,4,3,2,0,21.0,3.0,3.0,3.0,152.73,3.0,3.0,152.73,1.861,1,3.8,0,1,0,0,0,1,0,0,0,0,0,0,1,0,0,0,1
0,7.0,3,15.0,3.0,4,3,2,0,13.0,2.0,2.0,3.0,196.04,3.0,2.0,196.04,1.634,0,3.1,0,1,0,0,0,0,0,1,0,0,1,0,0,0,1,0,1
0,6.0,1,16.0,4.0,4,2,3,1,13.0,2.0,2.0,6.0,188.22,6.0,2.0,188.22,1.581,0,3.6,1,1,0,0,0,0,1,0,0,0,1,0,0,0,0,0,0
0,4.0,1,10.0,4.0,4,3,3,0,21.0,2.0,2.0,1.0,145.83,1.0,2.0,145.83,1.483,0,3.6,0,0,0,0,0,1,0,0,0,0,0,0,1,0,1,0,0
0,27.0,3,7.0,3.0,4,5,9,0,21.0,7.0,9.0,11.0,208.81,11.0,9.0,208.81,4.452,0,4.1,0,1,0,0,0,1,0,0,0,0,1,0,0,0,0,1,0
0,8.0,1,7.0,3.0,4,2,3,0,13.0,7.0,9.0,9.0,151.91,9.0,9.0,151.91,4.228,0,4.1,0,1,0,0,0,0,1,0,0,0,0,0,1,0,0,0,1
1,9.0,3,33.0,4.0,4,5,4,0,15.0,1.0,2.0,1.0,167.86,1.0,2.0,167.86,1.571,0,3.4,0,0,0,0,0,0,1,0,0,0,1,0,0,0,0,0,0
0,1.0,1,13.0,4.0,4,2,3,1,14.0,1.0,2.0,3.0,151.59,3.0,2.0,151.59,1.456,1,3.4,1,1,0,0,0,0,1,0,0,0,0,0,1,0,0,0,0
0,11.0,1,10.0,3.0,4,3,3,0,16.0,7.0,8.0,3.0,219.34,3.0,8.0,219.34,4.127,0,4.1,0,1,0,0,0,0,0,0,1,0,0,0,0,0,0,0,1
0,3.0,3,10.0,4.0,4,3,3,0,15.0,1.0,2.0,3.0,180.61,3.0,2.0,180.61,1.572,0,3.4,0,1,0,0,0,1,0,0,0,0,1,0,0,0,0,0,0
0,9.0,1,13.0,3.0,6,2,3,0,14.0,12.0,12.0,9.0,191.46,9.0,12.0,191.46,5.586,0,5.7,0,1,0,0,0,0,1,0,0,0,1,0,0,0,0,1,1
0,7.0,1,13.0,2.0,4,2,5,0,24.0,5.0,5.0,8.0,202.25,8.0,5.0,202.25,2.831,0,3.2,0,0,0,0,0,0,1,0,0,0,1,0,0,0,1,0,1
0,28.0,2,26.0,3.0,4,4,4,0,16.0,4.0,2.0,2.0,232.25,2.0,2.0,232.25,1.796,0,3.5,0,1,0,0,0,1,0,0,0,0,0,0,0,0,0,0,1
0,10.0,1,16.0,3.0,5,4,4,1,12.0,2.0,2.0,3.0,213.47,3.0,2.0,213.47,1.704,0,3.4,0,1,0,0,0,1,0,0,0,0,1,0,0,0,1,0,1
0,1.0,1,10.0,3.0,5,2,2,0,14.0,1.0,2.0,2.0,145.45,2.0,2.0,145.45,1.448,1,3.2,0,0,1,0,0,1,0,0,0,0,0,0,1,0,0,1,1
1,1.0,1,17.0,3.0,4,3,3,1,12.0,1.0,2.0,2.0,135.09,2.0,2.0,135.09,1.407,1,2.9,0,0,1,0,0,1,0,0,0,0,0,1,0,0,0,1,1
1,1.0,1,10.0,4.0,4,5,3,1,12.0,10.0,10.0,8.0,158.48,8.0,10.0,158.48,4.656,1,5.2,0,0,0,0,0,0,1,0,0,0,0,0,1,0,0,1,1
0,9.0,1,10.0,3.0,5,3,3,0,19.0,2.0,2.0,1.0,137.81,1.0,2.0,137.81,1.451,0,3.4,0,0,0,0,0,0,1,0,0,0,0,0,1,0,0,0,1
0,1.0,1,11.0,3.0,3,5,4,0,17.0,1.0,2.0,3.0,153.19,3.0,2.0,153.19,1.463,1,2.6,0,1,0,0,0,1,0,0,0,0,0,0,1,0,0,0,1
0,1.0,3,15.0,3.0,3,4,2,0,23.0,1.0,2.0,3.0,173.51,3.0,2.0,173.51,1.544,1,2.6,0,1,0,0,0,0,1,0,0,0,1,0,0,0,0,0,1
0,12.0,3,14.0,3.0,5,2,2,0,21.0,2.0,2.0,6.0,165.28,6.0,2.0,165.28,1.49,0,3.4,0,1,0,0,0,0,0,1,0,0,1,0,0,0,0,1,0
0,3.0,1,7.0,4.0,6,2,3,0,19.0,3.0,3.0,9.0,152.2,9.0,3.0,152.2,1.829,0,4.4,0,0,0,0,0,0,1,0,0,0,0,0,1,0,1,0,1
0,22.0,3,9.0,3.0,3,4,5,0,13.0,3.0,3.0,3.0,206.2,3.0,3.0,206.2,2.075,0,3.0,0,1,0,0,0,0,0,1,0,0,1,0,0,0,0,0,1
0,1.0,3,10.0,4.0,3,2,3,1,21.0,2.0,2.0,5.0,171.47,5.0,2.0,171.47,1.519,1,3.3,1,0,0,0,0,1,0,0,0,0,1,0,0,0,1,0,0
0,11.0,1,17.0,4.0,3,2,5,0,18.0,2.0,2.0,1.0,171.8,1.0,2.0,171.8,1.587,0,3.3,0,1,0,0,0,0,1,0,0,0,0,0,1,0,0,1,1
0,24.0,1,35.0,4.0,3,3,3,1,12.0,4.0,4.0,9.0,157.21,9.0,4.0,157.21,2.249,0,3.7,0,1,0,0,0,1,0,0,0,0,0,0,1,0,0,0,1
0,8.0,1,16.0,3.0,5,4,3,0,15.0,5.0,8.0,3.0,211.21,3.0,8.0,211.21,4.095,0,4.0,0,1,0,0,0,1,0,0,0,0,0,0,0,0,0,1,0
1,1.0,3,10.0,4.0,4,3,11,0,15.0,2.0,3.0,1.0,170.77,1.0,3.0,170.77,1.983,1,3.6,0,1,0,0,0,0,1,0,0,0,1,0,0,0,0,1,0
0,13.0,1,9.0,4.0,5,3,3,0,12.0,3.0,12.0,11.0,170.53,11.0,12.0,170.53,5.499,0,4.1,0,1,0,1,0,0,0,0,0,0,1,0,0,0,0,1,0
0,6.0,3,17.0,3.0,4,2,3,0,13.0,1.0,2.0,9.0,178.96,9.0,2.0,178.96,1.536,0,2.9,0,1,0,0,0,0,0,1,0,0,1,0,0,0,0,1,1
1,14.0,3,15.0,3.0,4,3,5,1,15.0,2.0,2.0,4.0,192.96,4.0,2.0,192.96,1.612,0,3.1,0,0,0,1,0,0,0,0,0,0,1,0,0,0,0,0,1
0,12.0,1,7.0,3.0,3,2,2,0,14.0,2.0,2.0,9.0,201.25,9.0,2.0,201.25,1.625,0,2.8,0,1,0,0,0,0,1,0,0,0,1,0,0,0,0,1,0
0,1.0,1,7.0,4.0,4,5,3,0,12.0,2.0,2.0,8.0,199.12,8.0,2.0,199.12,1.619,1,3.6,0,1,0,0,0,0,1,0,0,0,0,0,0,0,0,0,0
0,6.0,1,10.0,3.0,4,2,5,0,16.0,4.0,2.0,8.0,236.58999999999997,8.0,2.0,236.58999999999997,1.769,0,3.5,0,1,0,0,0,0,1,0,0,0,0,0,0,0,0,1,0
0,21.0,3,21.0,3.0,4,5,4,0,13.0,1.0,2.0,8.0,174.6,8.0,2.0,174.6,1.521,0,2.9,0,1,0,0,0,0,0,1,0,0,1,0,0,0,0,1,1
0,14.0,3,12.0,3.0,5,5,7,1,22.0,1.0,2.0,3.0,229.75,3.0,2.0,229.75,1.769,0,3.2,0,0,0,0,0,0,1,0,0,0,0,0,0,0,0,0,1
0,27.0,1,14.0,3.0,3,3,5,0,20.0,1.0,2.0,4.0,273.14,4.0,2.0,273.14,1.933,0,2.6,0,1,0,0,0,0,1,0,0,1,0,0,0,0,0,0,1
0,15.0,2,17.0,4.0,5,2,5,0,15.0,13.0,13.0,7.0,316.41,7.0,13.0,316.41,6.491,0,6.1,0,1,0,0,0,0,0,0,1,0,0,0,0,1,1,0,1
0,31.0,3,23.0,3.0,4,5,10,0,15.0,2.0,3.0,3.0,179.05,3.0,3.0,179.05,1.966,0,3.1,0,1,0,0,0,0,0,1,0,0,1,0,0,0,0,1,1
0,1.0,1,17.0,3.0,4,5,3,0,22.0,2.0,2.0,3.0,212.93,3.0,2.0,212.93,1.702,1,3.1,0,0,0,0,0,0,1,0,0,0,0,0,0,0,1,0,1
0,15.0,2,7.0,3.0,5,3,3,0,15.0,3.0,3.0,11.0,316.89,11.0,3.0,316.89,2.484,0,3.6,0,1,0,0,0,0,0,0,1,0,0,0,0,1,0,0,1
0,24.0,3,15.0,3.0,4,4,9,0,16.0,2.0,3.0,3.0,163.75,3.0,3.0,163.75,1.905,0,3.1,0,1,0,0,0,0,0,1,0,0,0,0,1,0,0,0,1
1,1.0,1,7.0,4.0,6,4,9,1,14.0,2.0,4.0,8.0,147.16,8.0,4.0,147.16,2.211,1,4.2,0,0,1,0,0,0,1,0,0,0,0,0,1,0,0,1,0
0,10.0,1,15.0,4.0,3,5,11,0,15.0,1.0,2.0,6.0,242.13,6.0,2.0,242.13,1.797,0,3.1,0,0,0,0,0,0,1,0,0,0,0,0,0,0,0,0,0
0,12.0,1,7.0,3.0,4,3,6,1,15.0,1.0,2.0,1.0,203.61,1.0,2.0,203.61,1.714,0,2.9,0,1,0,0,0,0,1,0,0,0,0,0,0,0,0,1,0
0,18.0,1,31.0,3.0,6,3,4,0,15.0,1.0,2.0,5.0,162.08,5.0,2.0,162.08,1.482,0,3.5,0,0,0,0,0,1,0,0,0,0,0,0,1,0,0,1,1
0,21.0,3,10.0,3.0,4,3,11,1,13.0,1.0,12.0,14.0,262.7,14.0,12.0,262.7,5.864,0,2.9,0,0,0,0,0,1,0,0,0,1,0,0,0,0,1,0,0
0,4.0,3,34.0,3.0,4,2,9,0,24.0,5.0,8.0,8.0,178.04,8.0,8.0,178.04,3.934,0,3.7,0,1,0,0,0,0,0,1,0,0,1,0,0,0,1,0,1
0,3.0,3,17.0,3.0,4,3,3,0,12.0,1.0,2.0,1.0,151.42,1.0,2.0,151.42,1.506,0,2.9,0,1,0,0,0,0,1,0,0,0,0,0,1,0,0,1,1
1,6.0,1,26.0,3.0,3,3,8,1,13.0,3.0,3.0,3.0,152.59,3.0,3.0,152.59,1.86,0,3.0,0,0,0,0,0,1,0,0,0,0,0,0,1,0,1,0,1
0,17.0,3,22.0,3.0,5,2,5,0,19.0,1.0,3.0,3.0,193.04,3.0,3.0,193.04,2.022,0,3.2,0,0,0,0,0,0,1,0,0,0,1,0,0,0,0,0,1
0,8.0,1,15.0,4.0,4,3,5,0,12.0,2.0,5.0,4.0,186.42,4.0,5.0,186.42,2.786,0,3.6,0,1,0,0,0,1,0,0,0,0,1,0,0,0,0,1,0
0,1.0,1,16.0,3.0,4,5,3,0,15.0,1.0,2.0,3.0,150.0,3.0,2.0,150.0,1.45,1,2.9,0,1,0,0,0,1,0,0,0,0,0,0,1,0,0,0,1
0,13.0,2,10.0,3.0,3,4,11,0,16.0,4.0,4.0,7.0,188.89,7.0,4.0,188.89,2.381,0,3.2,0,1,0,0,0,0,0,0,1,0,1,0,0,0,0,0,0
0,30.0,1,16.0,3.0,4,2,9,0,12.0,1.0,2.0,2.0,236.02999999999997,2.0,2.0,236.02999999999997,1.811,0,2.9,0,1,0,0,0,1,0,0,0,1,0,0,0,0,0,0,1
0,14.0,1,9.0,3.0,5,2,2,1,21.0,3.0,3.0,4.0,148.42,4.0,3.0,148.42,1.834,0,3.6,1,0,1,0,0,1,0,0,0,0,0,0,1,0,0,1,0
0,1.0,1,14.0,3.0,5,5,10,0,20.0,2.0,2.0,8.0,193.11,8.0,2.0,193.11,1.595,1,3.4,0,1,0,0,0,1,0,0,0,0,1,0,0,0,0,1,0
0,3.0,3,17.0,3.0,4,4,3,0,15.0,1.0,3.0,3.0,147.97,3.0,3.0,147.97,1.842,0,2.9,0,0,1,0,0,0,0,1,0,0,0,0,1,0,1,0,1
0,27.0,1,13.0,3.0,4,2,4,0,18.0,2.0,3.0,3.0,149.5,3.0,3.0,149.5,1.848,0,3.1,0,0,1,0,0,0,1,0,0,0,1,0,0,0,0,1,1
0,9.0,1,9.0,4.0,4,5,4,0,12.0,1.0,2.0,1.0,175.93,1.0,2.0,175.93,1.604,0,3.4,0,0,0,0,0,0,1,0,0,0,1,0,0,0,1,0,0
0,6.0,1,31.0,4.0,4,2,3,0,16.0,3.0,5.0,8.0,178.09,8.0,5.0,178.09,2.735,0,3.8,0,0,0,0,0,0,1,0,0,0,1,0,0,0,0,0,1
0,12.0,1,9.0,4.0,4,3,8,1,14.0,1.0,2.0,2.0,155.57,2.0,2.0,155.57,1.489,0,3.4,0,1,0,0,0,1,0,0,0,0,0,0,1,0,0,0,1
0,8.0,1,15.0,3.0,4,5,5,0,15.0,2.0,2.0,1.0,176.21,1.0,2.0,176.21,1.605,0,3.1,0,1,0,0,0,0,1,0,0,0,1,0,0,0,1,0,0
0,26.0,3,10.0,3.0,5,5,3,0,15.0,2.0,2.0,17.0,293.56,17.0,2.0,293.56,1.985,0,3.4,0,1,0,0,0,0,0,1,0,1,0,0,0,0,0,0,1
1,1.0,1,7.0,4.0,4,2,3,1,14.0,6.0,8.0,9.0,151.86,9.0,8.0,151.86,3.827,1,4.4,1,1,0,0,0,0,0,0,1,0,0,0,1,0,0,1,1
0,1.0,3,33.0,3.0,4,2,3,0,24.0,1.0,2.0,5.0,186.8,5.0,2.0,186.8,1.581,1,2.9,0,1,0,0,0,1,0,0,0,0,1,0,0,0,0,1,0
0,19.0,3,9.0,3.0,6,3,2,0,14.0,1.0,4.0,2.0,191.32,2.0,4.0,191.32,2.432,0,3.5,0,1,0,1,0,0,0,0,0,0,1,0,0,0,0,1,1
0,1.0,1,17.0,4.0,3,3,3,0,19.0,2.0,2.0,3.0,160.05,3.0,2.0,160.05,1.49,1,3.3,0,1,0,0,0,1,0,0,0,0,0,0,1,0,0,1,1
1,11.0,3,34.0,4.0,2,3,6,1,13.0,2.0,2.0,4.0,188.97,4.0,2.0,188.97,1.596,0,3.0,0,0,0,0,0,0,1,0,0,0,1,0,0,0,0,1,0
0,8.0,3,9.0,3.0,4,2,3,0,23.0,1.0,2.0,5.0,187.74,5.0,2.0,187.74,1.584,0,2.9,0,1,0,0,0,0,0,0,1,0,1,0,0,0,0,1,1
1,19.0,1,9.0,4.0,4,5,7,1,14.0,2.0,2.0,5.0,323.59,5.0,2.0,323.59,2.128,0,3.6,0,1,0,0,0,1,0,0,0,0,0,0,0,1,0,0,1
0,10.0,3,15.0,4.0,5,5,3,0,16.0,1.0,2.0,10.0,200.87,10.0,2.0,200.87,1.622,0,3.7,0,0,0,0,0,0,1,0,0,0,0,0,0,0,0,1,1
0,26.0,1,26.0,3.0,4,2,2,0,19.0,2.0,2.0,3.0,167.58,3.0,2.0,167.58,1.52,0,3.1,0,0,0,0,0,1,0,0,0,0,0,0,1,0,0,0,1
0,1.0,1,7.0,4.0,6,2,5,0,15.0,3.0,3.0,1.0,168.64,1.0,3.0,168.64,1.975,1,4.4,0,0,0,0,0,0,1,0,0,0,0,0,1,0,1,0,0
0,3.0,1,34.0,4.0,4,3,6,0,13.0,2.0,2.0,2.0,168.35,2.0,2.0,168.35,1.54,0,3.6,0,1,0,0,0,1,0,0,0,0,1,0,0,0,0,0,0
1,1.0,3,15.0,3.0,5,5,8,0,18.0,2.0,2.0,3.0,178.26,3.0,2.0,178.26,1.563,1,3.4,0,1,0,1,0,0,0,0,0,0,1,0,0,0,0,1,1
0,8.0,1,7.0,4.0,2,2,4,0,17.0,1.0,2.0,4.0,157.8,4.0,2.0,157.8,1.471,0,2.8,0,1,0,0,0,0,1,0,0,0,0,0,1,0,0,1,0
0,28.0,1,26.0,4.0,4,5,11,1,12.0,1.0,2.0,5.0,179.85,5.0,2.0,179.85,1.553,0,3.4,0,1,0,0,0,1,0,0,0,0,1,0,0,0,1,0,0
0,3.0,3,6.0,3.0,4,2,2,0,20.0,1.0,2.0,2.0,168.42,2.0,2.0,168.42,1.54,0,2.9,0,0,0,0,0,0,0,1,0,0,1,0,0,0,0,0,1
0,11.0,1,17.0,3.0,4,5,2,1,14.0,4.0,5.0,4.0,152.82,4.0,5.0,152.82,2.651,0,3.5,0,1,0,0,0,0,1,0,0,0,0,0,1,0,1,0,0
0,12.0,1,9.0,4.0,2,5,8,1,13.0,5.0,5.0,13.0,184.8,13.0,5.0,184.8,2.753,0,3.6,0,0,0,0,0,0,1,0,0,0,1,0,0,0,0,1,0
0,8.0,1,9.0,3.0,5,5,3,0,12.0,2.0,2.0,4.0,168.81,4.0,2.0,168.81,1.515,0,3.4,0,1,0,0,0,1,0,0,0,0,0,0,1,0,0,1,0
0,9.0,3,15.0,4.0,4,2,3,0,17.0,1.0,2.0,3.0,150.72,3.0,2.0,150.72,1.453,0,3.4,0,1,0,0,0,0,1,0,0,0,0,0,1,0,0,0,0
0,4.0,1,7.0,3.0,6,3,5,0,22.0,2.0,2.0,3.0,163.33,3.0,2.0,163.33,1.503,0,3.7,0,1,0,0,0,0,1,0,0,0,0,0,1,0,0,0,1
0,14.0,1,9.0,3.0,2,4,3,0,25.0,1.0,4.0,8.0,167.44,8.0,4.0,167.44,2.292,0,2.3,0,0,0,0,0,1,0,0,0,0,1,0,0,0,0,0,0
0,8.0,3,15.0,4.0,4,5,7,0,18.0,2.0,2.0,3.0,190.0,3.0,2.0,190.0,1.61,0,3.6,0,1,0,0,0,0,1,0,0,0,1,0,0,0,0,0,0
0,16.0,1,15.0,4.0,4,2,3,0,15.0,1.0,15.0,10.0,309.3,10.0,15.0,309.3,7.255,0,3.4,0,0,0,0,0,0,1,0,0,0,0,0,0,1,1,0,1
1,1.0,1,13.0,4.0,2,5,3,1,22.0,2.0,2.0,1.0,141.01,1.0,2.0,141.01,1.464,1,3.0,0,0,1,0,0,0,1,0,0,0,0,0,1,0,0,0,1
0,1.0,1,16.0,3.0,5,4,3,0,12.0,2.0,2.0,1.0,151.94,1.0,2.0,151.94,1.508,1,3.4,0,0,0,0,0,0,1,0,0,0,0,0,1,0,1,0,1
0,26.0,1,18.0,3.0,4,3,10,0,21.0,2.0,2.0,5.0,156.49,5.0,2.0,156.49,1.459,0,3.1,0,1,0,0,0,0,1,0,0,0,1,0,0,0,0,0,0
0,24.0,1,9.0,4.0,4,3,7,0,15.0,1.0,2.0,4.0,301.39,4.0,2.0,301.39,2.046,0,3.4,0,1,0,0,0,1,0,0,0,1,0,0,0,0,0,0,1
1,1.0,1,7.0,3.0,5,5,3,1,12.0,1.0,2.0,1.0,148.19,1.0,2.0,148.19,1.493,1,3.2,0,0,1,0,0,0,1,0,0,0,0,0,1,0,0,0,0
0,7.0,1,14.0,3.0,4,3,2,0,12.0,1.0,2.0,8.0,241.91000000000003,8.0,2.0,241.91000000000003,1.79,0,2.9,0,1,0,0,0,1,0,0,0,0,0,0,0,0,0,0,1
1,1.0,3,23.0,4.0,4,5,7,0,16.0,2.0,2.0,3.0,178.24,3.0,2.0,178.24,1.563,1,3.6,0,1,0,0,0,0,0,1,0,0,1,0,0,0,0,1,0
0,21.0,1,9.0,3.0,4,2,3,1,15.0,4.0,4.0,1.0,292.52,1.0,4.0,292.52,2.87,0,3.5,1,1,0,0,0,0,0,0,1,1,0,0,0,0,0,0,0
0,10.0,1,7.0,3.0,4,4,2,0,16.0,1.0,2.0,6.0,177.28,6.0,2.0,177.28,1.538,0,2.9,0,1,0,0,0,0,0,0,1,0,1,0,0,0,0,0,0
0,3.0,1,30.0,3.0,2,3,3,0,25.0,2.0,2.0,8.0,152.0,8.0,2.0,152.0,1.43,0,2.5,0,1,0,0,0,0,1,0,0,0,0,0,1,0,0,0,1
1,21.0,1,9.0,3.0,4,4,9,1,15.0,6.0,14.0,9.0,317.46,9.0,14.0,317.46,6.89,0,3.9,0,1,0,0,0,0,1,0,0,0,0,0,0,1,0,1,1
0,9.0,1,7.0,3.0,2,3,5,0,14.0,1.0,3.0,3.0,150.06,3.0,3.0,150.06,1.85,0,2.3,0,1,0,0,0,0,1,0,0,0,0,0,1,0,0,1,0
0,16.0,1,7.0,3.0,5,2,11,1,14.0,1.0,2.0,3.0,185.62,3.0,2.0,185.62,1.592,0,3.2,1,1,0,0,0,0,1,0,0,0,1,0,0,0,0,0,0
1,1.0,1,9.0,3.0,4,3,8,0,18.0,1.0,3.0,2.0,168.82,2.0,3.0,168.82,1.942,1,2.9,0,1,0,0,0,1,0,0,0,0,0,0,1,0,0,1,1
0,10.0,2,20.0,3.0,4,4,5,0,14.0,2.0,2.0,5.0,146.43,5.0,2.0,146.43,1.419,0,3.1,0,0,1,0,0,0,0,0,1,0,0,0,1,0,0,0,1
0,6.0,1,11.0,4.0,5,3,3,0,13.0,2.0,7.0,9.0,186.62,9.0,7.0,186.62,3.566,0,3.9,0,1,0,0,0,0,1,0,0,0,1,0,0,0,0,0,0
0,14.0,1,23.0,3.0,5,3,8,0,15.0,2.0,2.0,1.0,175.94,1.0,2.0,175.94,1.604,0,3.4,0,0,0,0,0,1,0,0,0,0,1,0,0,0,0,1,1
0,4.0,1,9.0,3.0,5,2,7,1,25.0,2.0,2.0,1.0,193.77,1.0,2.0,193.77,1.675,0,3.4,1,1,0,0,0,1,0,0,0,0,1,0,0,0,0,1,0
0,19.0,1,9.0,4.0,5,3,3,0,15.0,2.0,2.0,1.0,147.74,1.0,2.0,147.74,1.491,0,3.9,0,0,1,0,0,0,1,0,0,0,0,0,1,0,0,1,0
0,16.0,1,36.0,4.0,4,4,3,0,14.0,3.0,8.0,9.0,169.34,9.0,8.0,169.34,3.897,0,3.8,0,1,0,0,0,0,1,0,0,0,1,0,0,0,0,0,1
0,12.0,1,19.0,3.0,5,5,4,0,16.0,2.0,2.0,3.0,187.88,3.0,2.0,187.88,1.602,0,3.4,0,0,0,0,0,0,1,0,0,0,1,0,0,0,1,0,1
0,8.0,1,23.0,4.0,5,2,3,0,17.0,2.0,2.0,4.0,150.53,4.0,2.0,150.53,1.442,0,3.9,0,0,0,0,0,0,1,0,0,0,0,0,1,0,0,1,0
1,13.0,3,18.0,3.0,4,2,3,0,19.0,1.0,8.0,8.0,201.54,8.0,8.0,201.54,4.028,0,2.9,0,1,0,0,0,0,0,1,0,0,0,0,0,0,0,0,0
1,19.0,3,9.0,3.0,4,2,6,0,17.0,1.0,8.0,4.0,176.6,4.0,8.0,176.6,3.946,0,2.9,0,1,0,0,0,1,0,0,0,0,1,0,0,0,0,1,1
0,17.0,1,21.0,4.0,4,5,8,0,15.0,2.0,2.0,1.0,296.59,1.0,2.0,296.59,2.086,0,3.6,0,1,0,0,0,0,1,0,0,1,0,0,0,0,0,0,1
0,1.0,1,12.0,3.0,5,2,3,1,17.0,1.0,2.0,9.0,253.07999999999998,9.0,2.0,253.07999999999998,1.832,1,3.2,1,1,0,0,1,0,0,0,0,0,0,0,0,0,1,0,1
0,9.0,1,14.0,3.0,4,3,5,0,22.0,1.0,2.0,3.0,227.21,3.0,2.0,227.21,1.759,0,2.9,0,1,0,0,0,0,0,0,1,0,0,0,0,0,0,1,1
0,2.0,3,9.0,3.0,4,4,3,1,21.0,8.0,8.0,6.0,172.79,6.0,8.0,172.79,3.92,1,4.3,0,1,0,0,0,0,0,1,0,0,1,0,0,0,0,0,0
0,8.0,2,10.0,3.0,4,2,2,0,20.0,2.0,2.0,3.0,162.37,3.0,2.0,162.37,1.499,0,3.1,0,1,0,0,0,0,0,0,1,0,0,0,1,0,0,0,1
1,1.0,1,12.0,3.0,5,3,3,1,15.0,1.0,2.0,8.0,148.66,8.0,2.0,148.66,1.417,1,3.2,0,0,0,0,0,1,0,0,0,0,0,0,1,0,0,0,0
0,1.0,1,10.0,3.0,4,2,3,0,12.0,2.0,2.0,1.0,142.06,1.0,2.0,142.06,1.468,1,3.1,0,0,0,0,0,1,0,0,0,0,0,0,1,0,0,0,1
0,25.0,3,33.0,4.0,4,3,4,0,15.0,1.0,5.0,18.0,288.07,18.0,5.0,288.07,3.163,0,3.4,0,1,0,0,0,0,0,1,0,1,0,0,0,0,0,0,0
0,18.0,1,11.0,3.0,4,4,11,0,13.0,2.0,3.0,4.0,184.33,4.0,3.0,184.33,1.977,0,3.1,0,1,0,0,0,1,0,0,0,0,1,0,0,0,0,1,1
0,1.0,1,9.0,4.0,2,5,9,0,14.0,2.0,2.0,2.0,159.24,2.0,2.0,159.24,1.504,1,3.0,0,1,0,0,0,1,0,0,0,0,0,0,1,0,0,1,1
0,7.0,3,7.0,3.0,2,5,3,0,23.0,1.0,2.0,9.0,165.37,9.0,2.0,165.37,1.481,0,2.3,0,1,0,0,0,1,0,0,0,0,1,0,0,0,1,0,1
0,9.0,1,34.0,3.0,5,5,3,0,12.0,2.0,2.0,2.0,150.59,2.0,2.0,150.59,1.469,0,3.4,0,1,0,0,0,1,0,0,0,0,0,0,1,0,0,1,0
0,10.0,3,7.0,3.0,4,2,3,1,15.0,3.0,5.0,12.0,187.01,12.0,5.0,187.01,2.763,0,3.3,1,1,0,0,0,0,1,0,0,0,1,0,0,0,0,0,1
0,6.0,3,20.0,4.0,4,2,4,0,12.0,1.0,2.0,4.0,169.03,4.0,2.0,169.03,1.516,0,3.4,0,1,0,0,0,0,1,0,0,0,1,0,0,0,1,0,1
0,4.0,1,12.0,4.0,5,2,11,0,13.0,1.0,2.0,4.0,162.61,4.0,2.0,162.61,1.49,0,3.7,0,0,0,0,0,0,1,0,0,0,0,0,1,0,1,0,1
0,27.0,3,14.0,4.0,5,2,9,1,19.0,1.0,2.0,5.0,234.33999999999997,5.0,2.0,234.33999999999997,1.771,0,3.7,1,1,0,0,0,0,0,1,0,0,0,0,0,0,0,0,0
0,19.0,3,16.0,4.0,4,5,6,1,13.0,2.0,2.0,3.0,232.61,3.0,2.0,232.61,1.78,0,3.6,0,1,0,0,0,0,0,1,0,0,0,0,0,0,1,0,1
0,6.0,1,15.0,4.0,2,3,7,0,13.0,2.0,2.0,4.0,176.75,4.0,2.0,176.75,1.547,0,3.0,0,1,0,0,0,1,0,0,0,0,1,0,0,0,0,0,0
0,26.0,1,32.0,3.0,5,2,5,0,23.0,1.0,2.0,1.0,263.26,1.0,2.0,263.26,1.953,0,3.2,0,0,0,0,0,1,0,0,0,1,0,0,0,0,0,0,0
0,11.0,3,23.0,4.0,5,3,6,0,20.0,2.0,2.0,1.0,188.34,1.0,2.0,188.34,1.653,0,3.9,0,1,0,0,0,0,0,1,0,0,1,0,0,0,1,0,1
0,2.0,2,15.0,4.0,5,2,3,0,14.0,1.0,2.0,5.0,174.36,5.0,2.0,174.36,1.531,1,3.7,0,1,0,0,0,1,0,0,0,0,0,0,1,0,1,0,1
0,1.0,1,7.0,3.0,5,2,8,0,23.0,3.0,3.0,3.0,172.75,3.0,3.0,172.75,1.941,1,3.6,0,1,0,0,0,0,1,0,0,0,1,0,0,0,0,0,1
0,18.0,1,15.0,4.0,2,2,4,1,25.0,2.0,2.0,3.0,153.18,3.0,2.0,153.18,1.463,0,3.0,1,1,0,0,0,0,1,0,0,0,0,0,1,0,0,0,1
0,16.0,1,9.0,3.0,4,2,7,1,15.0,1.0,3.0,3.0,150.15,3.0,3.0,150.15,1.851,0,2.9,1,0,0,0,0,1,0,0,0,0,0,0,1,0,0,1,1
0,10.0,2,15.0,4.0,5,5,2,0,22.0,2.0,2.0,4.0,148.42,4.0,2.0,148.42,1.434,0,3.9,0,0,1,0,0,0,1,0,0,0,0,0,1,0,0,0,1
0,1.0,3,10.0,4.0,4,5,3,1,19.0,2.0,2.0,4.0,166.94,4.0,2.0,166.94,1.508,1,3.6,0,1,0,0,0,0,0,0,1,0,1,0,0,0,0,0,1
0,9.0,1,16.0,4.0,5,3,3,1,21.0,3.0,2.0,16.0,231.85000000000002,16.0,2.0,231.85000000000002,1.739,0,4.1,0,1,0,0,0,0,1,0,0,0,0,0,0,0,0,0,0
1,1.0,1,32.0,4.0,4,4,3,1,20.0,1.0,8.0,9.0,145.22,9.0,8.0,145.22,3.801,1,3.4,0,0,0,0,0,0,1,0,0,0,0,0,1,0,1,0,0
0,6.0,1,7.0,4.0,4,2,2,0,13.0,1.0,2.0,3.0,148.14,3.0,2.0,148.14,1.443,0,3.4,0,0,0,0,0,0,1,0,0,0,0,0,1,0,1,0,1
0,1.0,3,11.0,3.0,5,5,3,0,13.0,2.0,2.0,4.0,167.56,4.0,2.0,167.56,1.51,1,3.4,0,1,0,0,0,0,0,1,0,0,1,0,0,0,0,0,1
0,23.0,1,7.0,3.0,4,5,4,0,17.0,2.0,2.0,3.0,160.8,3.0,2.0,160.8,1.493,0,3.1,0,1,0,1,0,0,0,0,0,0,0,0,1,0,0,0,0
0,1.0,1,11.0,3.0,5,2,2,0,18.0,1.0,4.0,5.0,156.62,5.0,4.0,156.62,2.26,1,3.2,0,0,0,0,0,0,1,0,0,0,0,0,1,0,0,0,1
0,6.0,3,12.0,3.0,4,4,3,0,15.0,3.0,6.0,4.0,190.24,4.0,6.0,190.24,3.201,0,3.3,0,0,0,0,0,0,1,0,0,0,1,0,0,0,0,0,1
0,12.0,3,16.0,4.0,5,4,2,0,20.0,1.0,2.0,3.0,153.99,3.0,2.0,153.99,1.466,0,3.7,0,1,0,0,0,0,0,1,0,0,0,0,1,0,0,0,1
0,16.0,1,10.0,4.0,2,2,4,1,14.0,1.0,2.0,4.0,177.31,4.0,2.0,177.31,1.549,0,2.8,1,1,0,0,0,0,1,0,0,0,1,0,0,0,0,0,0
0,5.0,1,18.0,3.0,4,2,5,1,20.0,2.0,2.0,3.0,148.56,3.0,2.0,148.56,1.444,0,3.1,1,0,1,0,0,0,1,0,0,0,0,0,1,0,0,0,1
1,1.0,3,7.0,3.0,5,3,8,1,20.0,1.0,2.0,3.0,153.0,3.0,2.0,153.0,1.462,1,3.2,0,1,0,0,0,1,0,0,0,0,0,0,1,0,1,0,0
0,27.0,3,15.0,4.0,4,2,7,0,15.0,1.0,2.0,3.0,243.36,3.0,2.0,243.36,1.823,0,3.4,0,1,0,0,0,0,0,1,0,1,0,0,0,0,0,0,1
0,9.0,1,32.0,4.0,5,4,5,0,17.0,4.0,2.0,9.0,234.02999999999997,9.0,2.0,234.02999999999997,1.756,0,4.3,0,1,0,0,1,0,0,0,0,0,0,0,0,0,0,0,1
0,11.0,3,28.0,3.0,4,2,7,0,16.0,2.0,2.0,1.0,154.73,1.0,2.0,154.73,1.519,0,3.1,0,0,0,0,0,1,0,0,0,0,0,0,1,0,0,0,0
0,27.0,1,30.0,4.0,4,2,8,0,19.0,1.0,4.0,9.0,267.75,9.0,4.0,267.75,2.691,0,3.4,0,1,0,0,0,0,1,0,0,1,0,0,0,0,0,1,0
0,17.0,1,7.0,3.0,4,2,6,0,14.0,2.0,3.0,3.0,180.62,3.0,3.0,180.62,1.972,0,3.1,0,0,0,0,0,0,1,0,0,0,1,0,0,0,0,0,0
0,21.0,3,9.0,3.0,4,2,2,1,23.0,6.0,8.0,8.0,170.37,8.0,8.0,170.37,3.904,0,3.9,1,1,0,0,0,0,0,1,0,0,1,0,0,0,0,0,0
0,11.0,3,26.0,3.0,4,4,3,1,14.0,1.0,2.0,10.0,201.42,10.0,2.0,201.42,1.624,0,2.9,0,0,0,0,0,1,0,0,0,0,0,0,0,0,0,1,1
0,24.0,1,9.0,4.0,4,5,3,0,15.0,14.0,15.0,8.0,304.24,8.0,15.0,304.24,7.239,0,6.0,0,0,0,0,0,0,1,0,0,1,0,0,0,0,1,0,1
0,13.0,2,9.0,3.0,5,2,10,0,12.0,1.0,2.0,5.0,177.04,5.0,2.0,177.04,1.541,0,3.2,0,1,0,0,0,0,1,0,0,0,1,0,0,0,0,0,0
0,7.0,2,10.0,3.0,4,4,5,1,12.0,1.0,2.0,4.0,147.77,4.0,2.0,147.77,1.431,0,2.9,0,0,1,0,0,0,0,0,1,0,0,0,1,0,1,0,1
1,1.0,1,32.0,3.0,4,2,3,1,25.0,2.0,2.0,2.0,152.95,2.0,2.0,152.95,1.478,1,3.1,1,1,0,0,0,0,1,0,0,0,0,0,1,0,0,1,1
0,3.0,1,14.0,4.0,5,2,8,0,15.0,2.0,2.0,4.0,150.32,4.0,2.0,150.32,1.441,0,3.9,0,1,0,0,0,1,0,0,0,0,0,0,1,0,1,0,0
0,18.0,1,16.0,4.0,4,5,3,1,14.0,3.0,8.0,2.0,150.59,2.0,8.0,150.59,3.869,0,3.8,0,1,0,0,0,0,1,0,0,0,0,0,1,0,0,0,1
0,2.0,3,12.0,4.0,4,2,3,0,15.0,2.0,2.0,3.0,174.08,3.0,2.0,174.08,1.546,1,3.6,0,1,0,0,0,1,0,0,0,0,1,0,0,0,0,1,1
1,21.0,1,9.0,3.0,5,2,11,1,15.0,1.0,2.0,1.0,148.8,1.0,2.0,148.8,1.495,0,3.2,1,0,0,0,0,0,1,0,0,0,0,0,1,0,1,0,1
0,17.0,1,15.0,3.0,4,4,6,0,22.0,2.0,2.0,1.0,172.65,1.0,2.0,172.65,1.591,0,3.1,0,1,0,0,0,0,1,0,0,0,1,0,0,0,1,0,0
1,1.0,3,9.0,3.0,5,3,3,0,14.0,1.0,2.0,3.0,145.44,3.0,2.0,145.44,1.432,1,3.2,0,0,1,0,0,1,0,0,0,0,0,0,1,0,0,1,0
1,1.0,1,25.0,4.0,4,2,3,0,20.0,2.0,2.0,1.0,151.93,1.0,2.0,151.93,1.508,1,3.6,0,1,0,0,0,0,0,0,1,0,0,0,1,0,0,1,0
0,10.0,1,21.0,4.0,4,2,2,1,18.0,5.0,5.0,12.0,190.86,12.0,5.0,190.86,2.779,0,4.2,1,1,0,0,0,0,1,0,0,0,1,0,0,0,0,0,1
0,21.0,3,9.0,4.0,5,2,3,1,19.0,2.0,2.0,3.0,157.94,3.0,2.0,157.94,1.482,0,3.9,1,1,0,0,0,0,1,0,0,0,0,0,1,0,0,1,0
1,1.0,1,10.0,3.0,4,3,2,1,20.0,2.0,2.0,3.0,166.71,3.0,2.0,166.71,1.517,1,3.1,0,1,0,0,0,0,1,0,0,0,1,0,0,0,0,0,0
1,5.0,1,9.0,3.0,6,2,6,1,14.0,1.0,2.0,1.0,152.78,1.0,2.0,152.78,1.511,0,3.5,1,1,0,0,0,0,1,0,0,0,0,0,1,0,1,0,0
0,2.0,1,16.0,4.0,4,3,7,0,19.0,3.0,3.0,3.0,148.77,3.0,3.0,148.77,1.845,1,3.8,0,0,1,0,0,1,0,0,0,0,0,0,1,0,1,0,0
1,3.0,1,13.0,4.0,4,5,9,1,22.0,2.0,3.0,3.0,149.04,3.0,3.0,149.04,1.846,0,3.6,0,0,1,0,0,1,0,0,0,0,0,0,1,0,0,0,1
0,1.0,1,11.0,4.0,4,3,3,0,20.0,2.0,2.0,1.0,148.18,1.0,2.0,148.18,1.493,1,3.6,0,0,1,0,0,0,1,0,0,0,0,0,1,0,0,1,0
0,8.0,1,17.0,3.0,4,4,3,0,15.0,2.0,2.0,1.0,145.08,1.0,2.0,145.08,1.48,0,3.1,0,0,1,0,0,0,1,0,0,0,0,0,1,0,1,0,1
0,16.0,3,21.0,4.0,5,3,9,0,18.0,1.0,2.0,4.0,187.44,4.0,2.0,187.44,1.59,0,3.7,0,1,0,0,0,1,0,0,0,0,1,0,0,0,0,1,0
0,7.0,1,7.0,4.0,5,5,5,1,12.0,1.0,2.0,3.0,152.99,3.0,2.0,152.99,1.462,0,3.7,0,1,0,0,0,0,0,0,1,0,0,0,1,0,0,1,1
0,31.0,1,12.0,3.0,5,4,4,1,14.0,2.0,2.0,3.0,230.52,3.0,2.0,230.52,1.772,0,3.4,0,1,0,0,1,0,0,0,0,0,0,0,0,0,1,0,0
0,5.0,3,14.0,3.0,5,3,5,0,16.0,4.0,6.0,3.0,148.29,3.0,6.0,148.29,3.043,0,3.8,0,0,1,0,0,0,1,0,0,0,0,0,1,0,0,0,1
0,9.0,1,28.0,3.0,4,2,3,1,26.0,1.0,2.0,8.0,165.14,8.0,2.0,165.14,1.483,0,2.9,1,1,0,0,0,0,1,0,0,0,1,0,0,0,0,0,0
0,23.0,1,15.0,3.0,4,4,6,0,12.0,1.0,2.0,8.0,199.03,8.0,2.0,199.03,1.618,0,2.9,0,1,0,0,0,0,0,0,1,0,0,0,0,0,0,0,0
0,22.0,1,27.0,3.0,4,3,6,0,18.0,1.0,2.0,1.0,147.59,1.0,2.0,147.59,1.49,0,2.9,0,0,1,0,0,1,0,0,0,0,0,0,1,0,0,0,1
0,5.0,3,27.0,3.0,4,3,3,0,14.0,2.0,2.0,1.0,194.32,1.0,2.0,194.32,1.677,0,3.1,0,0,0,0,0,0,0,1,0,0,1,0,0,0,0,0,0
0,10.0,1,14.0,4.0,4,2,4,0,19.0,1.0,2.0,2.0,171.78,2.0,2.0,171.78,1.554,0,3.4,0,1,0,0,0,0,0,0,1,0,0,0,1,0,0,1,1
0,12.0,1,7.0,4.0,4,5,3,0,14.0,4.0,6.0,12.0,260.82,12.0,6.0,260.82,3.459,0,4.0,0,1,0,0,1,0,0,0,0,0,0,0,0,0,0,0,0
0,6.0,1,7.0,4.0,5,4,8,0,21.0,2.0,2.0,3.0,148.32,3.0,2.0,148.32,1.443,0,3.9,0,0,0,0,0,0,1,0,0,0,0,0,1,0,0,0,0
1,1.0,3,26.0,3.0,5,4,3,1,19.0,1.0,2.0,1.0,149.13,1.0,2.0,149.13,1.497,1,3.2,0,0,1,0,0,0,0,1,0,0,0,0,1,0,0,0,1
0,14.0,3,17.0,4.0,5,4,4,0,13.0,2.0,2.0,3.0,222.05,3.0,2.0,222.05,1.738,0,3.9,0,1,0,0,0,0,0,1,0,0,0,0,0,0,1,0,1
0,1.0,3,7.0,3.0,5,5,3,0,13.0,2.0,2.0,8.0,167.94,8.0,2.0,167.94,1.494,1,3.4,0,0,0,0,0,1,0,0,0,0,1,0,0,0,0,1,1
0,15.0,1,13.0,3.0,4,5,4,1,14.0,2.0,3.0,18.0,172.21,18.0,3.0,172.21,1.899,0,3.1,0,1,0,0,0,1,0,0,0,0,0,0,1,0,0,1,1
0,10.0,1,9.0,4.0,4,3,6,0,22.0,3.0,4.0,10.0,150.19,10.0,4.0,150.19,2.219,0,3.8,0,1,0,0,0,1,0,0,0,0,0,0,1,0,0,1,1
1,1.0,3,28.0,3.0,5,4,3,1,14.0,1.0,2.0,1.0,146.21,1.0,2.0,146.21,1.485,1,3.2,0,0,1,0,0,0,0,0,1,0,0,0,1,0,0,1,1
1,1.0,1,11.0,3.0,4,5,3,0,20.0,2.0,2.0,1.0,154.73,1.0,2.0,154.73,1.519,1,3.1,0,1,0,1,0,0,0,0,0,0,0,0,1,0,0,1,1
0,5.0,1,19.0,3.0,4,2,2,1,12.0,1.0,9.0,6.0,183.55,6.0,9.0,183.55,4.363,0,2.9,1,1,0,0,0,1,0,0,0,0,1,0,0,0,0,0,0
0,14.0,1,16.0,3.0,4,4,10,1,15.0,1.0,2.0,1.0,161.17,1.0,2.0,161.17,1.545,0,2.9,0,0,0,0,0,1,0,0,0,0,0,0,1,0,1,0,1
0,6.0,1,10.0,4.0,4,5,3,0,13.0,7.0,7.0,4.0,192.25,4.0,7.0,192.25,3.609,0,4.6,0,1,0,0,0,1,0,0,0,0,1,0,0,0,0,0,0
1,1.0,3,10.0,3.0,5,2,3,1,12.0,4.0,4.0,3.0,228.25,3.0,4.0,228.25,2.563,1,3.8,1,1,0,0,0,0,1,0,0,0,0,0,0,0,0,0,1
0,7.0,1,7.0,3.0,5,2,2,0,15.0,1.0,2.0,5.0,194.49,5.0,2.0,194.49,1.611,0,3.2,0,1,0,0,0,0,1,0,0,0,1,0,0,0,0,1,0
1,1.0,3,7.0,3.0,5,3,7,0,12.0,2.0,12.0,3.0,231.08999999999997,3.0,12.0,231.08999999999997,5.774,1,3.4,0,1,0,0,0,0,1,0,0,0,0,0,0,0,0,0,1
0,19.0,1,11.0,3.0,4,4,3,0,13.0,2.0,2.0,9.0,169.47,9.0,2.0,169.47,1.498,0,3.1,0,0,0,0,0,0,1,0,0,0,1,0,0,0,0,0,1
0,3.0,3,27.0,3.0,4,2,3,0,16.0,1.0,2.0,3.0,146.57,3.0,2.0,146.57,1.436,0,2.9,0,0,0,1,0,0,0,0,0,0,0,0,1,0,0,0,0
0,9.0,3,25.0,3.0,4,3,3,0,17.0,2.0,2.0,1.0,171.01,1.0,2.0,171.01,1.584,0,3.1,0,1,0,0,0,1,0,0,0,0,1,0,0,0,0,0,0
0,26.0,1,7.0,4.0,4,2,4,0,15.0,8.0,8.0,9.0,295.99,9.0,8.0,295.99,4.404,0,4.8,0,1,0,0,0,0,1,0,0,1,0,0,0,0,0,0,1
1,21.0,1,9.0,3.0,4,3,6,0,25.0,2.0,2.0,1.0,149.79,1.0,2.0,149.79,1.499,0,3.1,0,1,0,1,0,0,0,0,0,0,0,0,1,0,0,1,1
0,27.0,3,9.0,3.0,4,3,8,0,14.0,1.0,16.0,3.0,273.52,3.0,16.0,273.52,7.544,0,2.9,0,1,0,0,0,1,0,0,0,1,0,0,0,0,1,0,1
0,4.0,3,15.0,4.0,4,3,7,0,12.0,5.0,8.0,8.0,197.64,8.0,8.0,197.64,4.013,0,4.2,0,1,0,0,0,0,0,0,1,0,0,0,0,0,1,0,1
0,12.0,3,17.0,3.0,4,2,3,1,14.0,1.0,2.0,4.0,181.66,4.0,2.0,181.66,1.567,0,2.9,1,0,0,1,0,0,0,0,0,0,1,0,0,0,0,1,0
0,9.0,3,10.0,4.0,4,2,8,0,14.0,1.0,2.0,9.0,203.23,9.0,2.0,203.23,1.633,0,3.4,0,1,0,0,0,0,1,0,0,0,0,0,0,0,1,0,1
0,13.0,3,9.0,3.0,2,3,2,0,19.0,2.0,2.0,8.0,203.8,8.0,2.0,203.8,1.637,0,2.5,0,1,0,0,0,0,1,0,0,0,0,0,0,0,0,1,1
1,4.0,3,31.0,4.0,2,4,6,1,17.0,2.0,2.0,1.0,256.94,1.0,2.0,256.94,1.928,0,3.0,0,0,0,0,0,0,1,0,0,1,0,0,0,0,0,1,0
0,21.0,1,23.0,4.0,2,3,3,1,20.0,1.0,3.0,8.0,175.67,8.0,3.0,175.67,1.925,0,2.8,0,0,0,0,0,1,0,0,0,0,1,0,0,0,1,0,1
0,10.0,3,15.0,3.0,4,2,6,0,14.0,2.0,2.0,8.0,175.79,8.0,2.0,175.79,1.525,0,3.1,0,0,0,1,0,0,0,0,0,0,1,0,0,0,1,0,1
1,1.0,1,16.0,3.0,5,5,2,1,23.0,2.0,2.0,3.0,148.21,3.0,2.0,148.21,1.443,1,3.4,0,0,0,0,0,1,0,0,0,0,0,0,1,0,0,1,1
0,7.0,3,24.0,3.0,4,3,3,0,15.0,6.0,7.0,1.0,299.44,1.0,7.0,299.44,4.098,0,3.9,0,0,0,0,0,0,1,0,0,1,0,0,0,0,0,1,1
1,1.0,1,17.0,4.0,5,5,8,1,21.0,2.0,2.0,1.0,149.04,1.0,2.0,149.04,1.496,1,3.9,0,0,1,0,0,0,1,0,0,0,0,0,1,0,0,1,0
0,7.0,1,20.0,3.0,4,2,5,0,19.0,2.0,2.0,3.0,159.52,3.0,2.0,159.52,1.488,0,3.1,0,1,0,0,0,0,1,0,0,0,0,0,1,0,0,1,0
0,19.0,1,7.0,4.0,4,2,5,0,15.0,1.0,2.0,3.0,147.7,3.0,2.0,147.7,1.441,0,3.4,0,0,1,0,0,1,0,0,0,0,0,0,1,0,1,0,0
0,24.0,1,7.0,4.0,4,2,11,0,15.0,1.0,2.0,4.0,298.99,4.0,2.0,298.99,2.036,0,3.4,0,1,0,0,0,1,0,0,0,1,0,0,0,0,1,0,1
0,7.0,1,7.0,3.0,2,4,3,1,14.0,1.0,2.0,3.0,179.88,3.0,2.0,179.88,1.57,0,2.3,0,0,0,0,0,0,0,0,1,0,1,0,0,0,0,0,0
0,15.0,1,16.0,4.0,4,3,4,0,15.0,2.0,2.0,12.0,319.19,12.0,2.0,319.19,2.092,0,3.6,0,0,0,0,0,1,0,0,0,0,0,0,0,1,1,0,1
0,1.0,1,23.0,3.0,4,4,11,0,15.0,3.0,3.0,3.0,153.11,3.0,3.0,153.11,1.862,1,3.3,0,1,0,1,0,0,0,0,0,0,0,0,1,0,0,0,0
0,19.0,1,30.0,3.0,4,5,3,1,16.0,2.0,2.0,9.0,161.33,9.0,2.0,161.33,1.465,0,3.1,0,0,0,0,0,0,1,0,0,0,1,0,0,0,0,0,1
0,21.0,3,11.0,3.0,4,2,3,1,18.0,2.0,2.0,8.0,166.63,8.0,2.0,166.63,1.489,0,3.1,1,1,0,0,0,0,1,0,0,0,1,0,0,0,0,1,0
1,1.0,1,29.0,3.0,4,3,6,1,12.0,1.0,2.0,2.0,146.32,2.0,2.0,146.32,1.452,1,2.9,0,0,1,0,0,0,1,0,0,0,0,0,1,0,0,0,0
0,24.0,1,31.0,4.0,4,3,5,1,19.0,1.0,2.0,6.0,264.73,6.0,2.0,264.73,1.887,0,3.4,0,1,0,0,0,0,1,0,0,1,0,0,0,0,0,0,1
0,12.0,1,17.0,4.0,4,3,2,0,18.0,1.0,2.0,3.0,151.84,3.0,2.0,151.84,1.457,0,3.4,0,0,0,0,0,1,0,0,0,0,0,0,1,0,0,0,1
0,20.0,1,14.0,4.0,4,3,8,0,14.0,1.0,2.0,8.0,233.45,8.0,2.0,233.45,1.756,0,3.4,0,1,0,0,0,1,0,0,0,0,0,0,0,0,1,0,1
0,1.0,1,24.0,3.0,5,3,3,0,16.0,3.0,4.0,3.0,168.77,3.0,4.0,168.77,2.325,1,3.6,0,1,0,0,0,1,0,0,0,0,1,0,0,0,1,0,0
1,1.0,1,21.0,3.0,5,4,3,1,25.0,2.0,2.0,3.0,162.43,3.0,2.0,162.43,1.5,1,3.4,0,1,0,0,0,0,0,0,1,0,0,0,1,0,1,0,1
0,5.0,1,7.0,4.0,4,5,3,0,13.0,2.0,2.0,4.0,166.48,4.0,2.0,166.48,1.506,0,3.6,0,0,0,0,0,0,1,0,0,0,1,0,0,0,0,0,0
0,1.0,1,12.0,4.0,4,2,3,0,16.0,2.0,2.0,1.0,135.51,1.0,2.0,135.51,1.442,1,3.6,0,0,0,0,0,0,1,0,0,0,0,1,0,0,0,1,1
0,28.0,1,24.0,3.0,4,3,10,0,12.0,2.0,2.0,9.0,232.39,9.0,2.0,232.39,1.75,0,3.1,0,1,0,0,1,0,0,0,0,0,0,0,0,0,0,0,0
0,9.0,1,32.0,3.0,4,3,3,1,12.0,3.0,11.0,3.0,228.88,3.0,11.0,228.88,5.366,0,3.3,0,1,0,0,0,1,0,0,0,0,0,0,0,0,1,0,0
0,4.0,1,15.0,4.0,2,5,2,1,13.0,1.0,2.0,8.0,239.16000000000003,8.0,2.0,239.16000000000003,1.779,0,2.8,0,1,0,0,0,0,1,0,0,0,0,0,0,0,0,0,0
1,1.0,1,18.0,4.0,5,5,3,1,16.0,1.0,2.0,1.0,151.0,1.0,2.0,151.0,1.504,1,3.7,0,1,0,0,0,1,0,0,0,0,0,0,1,0,0,1,0
1,1.0,1,12.0,3.0,4,4,2,0,18.0,1.0,2.0,3.0,149.22,3.0,2.0,149.22,1.447,1,2.9,0,0,0,0,0,1,0,0,0,0,0,0,1,0,0,1,0
0,1.0,1,9.0,3.0,2,2,3,0,13.0,2.0,2.0,4.0,179.72,4.0,2.0,179.72,1.559,1,2.5,0,1,0,0,0,1,0,0,0,0,1,0,0,0,0,0,1
0,1.0,1,15.0,4.0,6,5,3,0,16.0,2.0,2.0,2.0,149.51,2.0,2.0,149.51,1.465,1,4.2,0,0,1,0,0,0,1,0,0,0,0,0,1,0,0,0,1
0,22.0,1,13.0,4.0,5,3,4,0,14.0,1.0,3.0,3.0,167.4,3.0,3.0,167.4,1.92,0,3.7,0,1,0,0,0,0,1,0,0,0,1,0,0,0,0,1,1
0,22.0,1,11.0,4.0,5,3,9,0,15.0,2.0,2.0,9.0,234.99,9.0,2.0,234.99,1.76,0,3.9,0,1,0,0,0,0,1,0,0,0,0,0,0,0,0,1,1
0,15.0,1,14.0,3.0,4,3,8,0,15.0,2.0,3.0,2.0,175.03,2.0,3.0,175.03,1.967,0,3.1,0,1,0,0,0,1,0,0,0,0,1,0,0,0,0,1,0
0,13.0,1,7.0,4.0,5,2,3,0,17.0,1.0,2.0,9.0,252.42000000000002,9.0,2.0,252.42000000000002,1.83,0,3.7,0,1,0,0,0,0,1,0,0,1,0,0,0,0,0,0,0
0,1.0,1,9.0,3.0,4,2,2,0,19.0,1.0,3.0,3.0,167.27,3.0,3.0,167.27,1.919,1,2.9,0,1,0,0,0,0,1,0,0,0,1,0,0,0,0,0,0
0,9.0,1,17.0,3.0,4,2,3,0,21.0,2.0,2.0,3.0,164.17,3.0,2.0,164.17,1.507,0,3.1,0,1,0,0,0,0,0,0,1,0,0,0,1,0,1,0,1
0,16.0,3,12.0,3.0,4,3,8,0,15.0,1.0,2.0,1.0,308.03,1.0,2.0,308.03,2.132,0,2.9,0,1,0,0,0,0,0,1,0,0,0,0,0,1,0,0,1
0,24.0,1,16.0,4.0,4,2,6,0,19.0,2.0,2.0,1.0,148.8,1.0,2.0,148.8,1.495,0,3.6,0,0,1,0,0,0,1,0,0,0,0,0,1,0,0,0,1
0,31.0,1,9.0,4.0,5,2,5,1,14.0,1.0,5.0,4.0,262.26,4.0,5.0,262.26,3.089,0,3.7,1,1,0,0,0,0,1,0,0,1,0,0,0,0,0,1,0
1,1.0,1,18.0,4.0,6,4,7,0,16.0,2.0,2.0,1.0,172.77,1.0,2.0,172.77,1.591,1,4.2,0,1,0,0,0,1,0,0,0,0,1,0,0,0,0,0,0
0,29.0,1,25.0,4.0,4,4,5,1,15.0,7.0,7.0,8.0,188.85,8.0,7.0,188.85,3.578,0,4.6,0,0,0,0,0,1,0,0,0,0,1,0,0,0,0,0,1
0,15.0,1,14.0,3.0,6,3,3,0,23.0,2.0,6.0,11.0,324.73,11.0,6.0,324.73,3.716,0,3.7,0,0,0,0,0,0,1,0,0,0,0,0,0,1,1,0,0
0,12.0,3,10.0,3.0,4,2,10,1,13.0,2.0,2.0,1.0,193.61,1.0,2.0,193.61,1.674,0,3.1,1,1,0,0,0,0,1,0,0,0,1,0,0,0,0,1,1
1,1.0,3,36.0,4.0,6,5,10,0,19.0,1.0,3.0,3.0,174.69,3.0,3.0,174.69,1.949,1,4.0,0,0,0,0,0,1,0,0,0,0,1,0,0,0,0,1,1
1,16.0,3,9.0,3.0,6,2,3,0,16.0,6.0,7.0,10.0,323.45,10.0,7.0,323.45,4.112,0,4.5,0,1,0,0,0,0,0,1,0,0,0,0,0,1,0,0,0
0,18.0,3,35.0,3.0,2,2,5,1,19.0,2.0,2.0,12.0,258.2,12.0,2.0,258.2,1.848,0,2.5,1,1,0,0,0,1,0,0,0,1,0,0,0,0,0,0,0
0,24.0,3,7.0,4.0,4,3,2,0,13.0,2.0,2.0,14.0,188.47,14.0,2.0,188.47,1.567,0,3.6,0,0,0,0,0,0,1,0,0,0,1,0,0,0,0,0,0
1,1.0,1,23.0,3.0,2,5,3,0,17.0,16.0,16.0,15.0,152.43,15.0,16.0,152.43,7.022,1,5.3,0,1,0,0,0,0,1,0,0,0,0,0,1,0,0,1,0
0,13.0,1,29.0,3.0,4,5,3,1,14.0,2.0,2.0,9.0,233.8,9.0,2.0,233.8,1.755,0,3.1,0,0,0,0,0,1,0,0,0,0,0,0,0,0,0,1,0
0,7.0,3,15.0,3.0,5,2,2,0,20.0,3.0,3.0,3.0,148.42,3.0,3.0,148.42,1.844,0,3.6,0,0,0,0,0,0,1,0,0,0,0,0,1,0,0,1,0
0,19.0,3,18.0,3.0,4,2,5,0,15.0,2.0,2.0,2.0,301.5,2.0,2.0,301.5,2.073,0,3.1,0,1,0,0,0,0,1,0,0,1,0,0,0,0,0,0,0
0,6.0,1,36.0,4.0,4,3,11,0,13.0,6.0,8.0,8.0,165.25,8.0,8.0,165.25,3.883,0,4.4,0,0,0,0,0,1,0,0,0,0,0,0,1,0,0,1,0
0,8.0,3,7.0,4.0,2,2,2,0,12.0,2.0,2.0,3.0,222.25,3.0,2.0,222.25,1.739,0,3.0,0,1,0,0,0,0,0,1,0,0,1,0,0,0,1,0,1
0,31.0,3,7.0,4.0,4,2,5,1,15.0,1.0,2.0,5.0,244.04000000000002,5.0,2.0,244.04000000000002,1.809,0,3.4,1,1,0,0,1,0,0,0,0,0,0,0,0,0,0,0,1
0,19.0,2,31.0,3.0,4,4,3,0,17.0,1.0,2.0,5.0,146.77,5.0,2.0,146.77,1.42,0,2.9,0,0,1,0,0,1,0,0,0,0,0,0,1,0,0,1,1
0,27.0,3,9.0,3.0,5,4,4,0,13.0,1.0,7.0,13.0,200.25,13.0,7.0,200.25,3.615,0,3.2,0,0,0,0,0,0,0,1,0,0,0,0,0,0,0,0,0
1,1.0,1,22.0,3.0,4,3,9,0,15.0,1.0,2.0,1.0,173.34,1.0,2.0,173.34,1.593,1,2.9,0,1,0,0,0,0,0,0,1,0,1,0,0,0,1,0,1
1,1.0,1,9.0,3.0,4,5,8,1,15.0,2.0,2.0,3.0,145.42,3.0,2.0,145.42,1.432,1,3.1,0,0,0,0,0,0,1,0,0,0,0,0,1,0,0,0,1
0,8.0,3,17.0,3.0,4,3,3,1,20.0,1.0,2.0,1.0,147.2,1.0,2.0,147.2,1.489,0,2.9,0,0,1,0,0,0,1,0,0,0,0,0,1,0,0,0,0
0,2.0,3,17.0,4.0,4,4,3,0,23.0,2.0,2.0,1.0,135.52,1.0,2.0,135.52,1.442,1,3.6,0,0,1,0,0,1,0,0,0,0,0,0,1,0,0,0,1
0,12.0,1,10.0,3.0,4,3,5,0,17.0,3.0,3.0,3.0,153.21,3.0,3.0,153.21,1.863,0,3.3,0,0,0,0,0,0,0,0,1,0,0,0,1,0,0,0,1
0,24.0,1,9.0,4.0,4,3,4,1,15.0,8.0,8.0,8.0,317.37,8.0,8.0,317.37,4.492,0,4.8,0,1,0,0,0,1,0,0,0,0,0,0,0,1,0,0,1
0,11.0,1,10.0,3.0,4,4,5,0,16.0,2.0,2.0,2.0,166.07,2.0,2.0,166.07,1.531,0,3.1,0,1,0,0,0,0,0,0,1,0,1,0,0,0,0,1,0
0,14.0,3,33.0,4.0,4,5,3,0,15.0,6.0,8.0,6.0,208.96,6.0,8.0,208.96,4.064,0,4.4,0,1,0,0,0,0,0,1,0,0,1,0,0,0,0,0,1
0,1.0,1,7.0,4.0,5,3,3,0,14.0,2.0,2.0,4.0,145.07,4.0,2.0,145.07,1.42,1,3.9,0,0,0,0,0,1,0,0,0,0,0,0,1,0,1,0,0
0,20.0,1,7.0,3.0,4,2,11,0,15.0,2.0,3.0,3.0,321.27,3.0,3.0,321.27,2.535,0,3.1,0,1,0,0,0,1,0,0,0,0,0,0,0,1,1,0,1
0,28.0,3,9.0,3.0,5,3,8,0,12.0,7.0,2.0,1.0,231.86,1.0,2.0,231.86,1.827,0,4.4,0,1,0,0,0,0,1,0,0,0,0,0,0,0,0,0,0
0,30.0,1,16.0,4.0,4,3,4,0,20.0,1.0,2.0,4.0,154.42,4.0,2.0,154.42,1.458,0,3.4,0,0,0,0,0,1,0,0,0,0,0,0,1,0,0,0,0
0,10.0,1,19.0,3.0,5,2,2,0,12.0,6.0,8.0,3.0,213.58,3.0,8.0,213.58,4.104,0,4.2,0,1,0,0,0,1,0,0,0,0,0,0,0,0,0,1,0
0,29.0,1,9.0,3.0,5,5,9,0,15.0,4.0,7.0,3.0,292.56,3.0,7.0,292.56,4.02,0,3.8,0,0,0,0,0,1,0,0,0,1,0,0,0,0,0,1,1
0,17.0,3,32.0,4.0,5,2,7,0,14.0,2.0,2.0,1.0,259.0,1.0,2.0,259.0,1.936,0,3.9,0,1,0,0,0,1,0,0,0,0,0,0,0,0,1,0,1
1,1.0,3,16.0,3.0,4,2,3,1,15.0,1.0,2.0,3.0,148.23,3.0,2.0,148.23,1.443,1,2.9,1,0,0,0,0,0,0,1,0,0,0,0,1,0,0,1,0
1,1.0,1,17.0,3.0,5,5,3,0,14.0,2.0,2.0,1.0,139.16,1.0,2.0,139.16,1.457,1,3.4,0,0,1,0,0,0,1,0,0,0,0,0,1,0,0,1,0
0,20.0,1,15.0,4.0,5,5,10,1,24.0,2.0,2.0,8.0,171.15,8.0,2.0,171.15,1.507,0,3.9,0,1,0,0,0,0,1,0,0,0,1,0,0,0,1,0,0
1,15.0,1,11.0,3.0,4,3,11,1,13.0,2.0,3.0,8.0,149.61,8.0,3.0,149.61,1.821,0,3.1,0,1,0,0,0,0,1,0,0,0,0,0,1,0,0,0,1
1,1.0,1,31.0,4.0,5,5,3,0,13.0,1.0,2.0,3.0,212.22,3.0,2.0,212.22,1.699,1,3.7,0,0,0,0,1,0,0,0,0,0,0,0,0,0,0,1,1
0,1.0,1,7.0,3.0,5,5,3,0,17.0,1.0,2.0,4.0,164.55,4.0,2.0,164.55,1.498,1,3.2,0,1,0,0,0,1,0,0,0,0,0,0,1,0,0,0,1
0,4.0,1,27.0,3.0,4,5,2,0,16.0,2.0,2.0,3.0,224.57,3.0,2.0,224.57,1.748,0,3.1,0,1,0,0,0,0,0,0,1,0,1,0,0,0,0,0,1
0,15.0,1,14.0,3.0,2,3,3,0,14.0,2.0,2.0,9.0,158.76,9.0,2.0,158.76,1.455,0,2.5,0,1,0,1,0,0,0,0,0,0,0,0,1,0,0,0,0
0,12.0,1,24.0,4.0,5,3,2,0,19.0,1.0,2.0,3.0,213.23,3.0,2.0,213.23,1.703,0,3.7,0,1,0,0,0,0,1,0,0,0,0,0,0,0,0,0,0
0,14.0,1,27.0,4.0,4,2,6,0,21.0,5.0,12.0,3.0,228.22,3.0,12.0,228.22,5.763,0,4.2,0,1,0,0,1,0,0,0,0,0,0,0,0,0,0,0,1
0,1.0,1,15.0,3.0,6,3,3,0,20.0,2.0,2.0,3.0,171.21,3.0,2.0,171.21,1.535,1,3.7,0,0,0,0,0,0,1,0,0,0,0,0,1,0,0,0,1
0,29.0,1,9.0,4.0,4,4,5,0,19.0,2.0,2.0,3.0,234.76,3.0,2.0,234.76,1.789,0,3.6,0,0,0,0,0,0,1,0,0,0,0,0,0,0,0,0,1
0,2.0,1,17.0,3.0,4,3,5,0,14.0,2.0,2.0,8.0,161.6,8.0,2.0,161.6,1.469,1,3.1,0,1,0,0,0,0,0,0,1,0,1,0,0,0,0,1,0
1,8.0,2,7.0,4.0,5,5,11,0,15.0,3.0,4.0,3.0,229.82,3.0,4.0,229.82,2.569,0,4.1,0,1,0,0,0,1,0,0,0,0,0,0,0,0,0,0,1
0,7.0,1,12.0,3.0,5,2,6,0,16.0,1.0,2.0,3.0,196.19,3.0,2.0,196.19,1.635,0,3.2,0,1,0,0,0,0,1,0,0,0,0,0,0,0,1,0,1
1,1.0,3,11.0,3.0,4,5,2,1,23.0,4.0,5.0,3.0,220.82,3.0,5.0,220.82,2.933,1,3.5,0,1,0,0,1,0,0,0,0,0,0,0,0,0,0,1,1
1,1.0,1,36.0,3.0,5,3,3,0,23.0,4.0,4.0,9.0,170.08,9.0,4.0,170.08,2.3,1,3.8,0,0,0,0,0,1,0,0,0,0,1,0,0,0,0,1,0
0,2.0,1,22.0,3.0,4,3,3,0,17.0,3.0,3.0,3.0,147.07,3.0,3.0,147.07,1.838,1,3.3,0,0,1,0,0,0,1,0,0,0,0,0,1,0,1,0,1
0,8.0,1,10.0,3.0,4,2,2,0,18.0,2.0,2.0,5.0,202.56,5.0,2.0,202.56,1.644,0,3.1,0,0,0,0,0,0,1,0,0,0,1,0,0,0,0,1,1
0,11.0,3,17.0,3.0,5,2,4,1,15.0,1.0,2.0,1.0,191.94,1.0,2.0,191.94,1.668,0,3.2,1,1,0,0,0,0,1,0,0,0,1,0,0,0,1,0,0
1,1.0,1,11.0,3.0,4,2,3,1,16.0,6.0,6.0,7.0,161.91,7.0,6.0,161.91,3.073,1,3.9,1,1,0,1,0,0,0,0,0,0,0,0,1,0,0,0,1
1,1.0,1,28.0,3.0,4,3,3,0,21.0,2.0,2.0,1.0,148.77,1.0,2.0,148.77,1.495,1,3.1,0,0,1,0,0,1,0,0,0,0,0,0,1,0,1,0,1
1,1.0,1,32.0,3.0,5,4,6,1,21.0,1.0,3.0,3.0,148.13,3.0,3.0,148.13,1.843,1,3.2,0,0,1,0,0,1,0,0,0,0,0,0,1,0,0,1,1
0,16.0,1,9.0,3.0,4,5,2,0,15.0,6.0,14.0,8.0,301.65,8.0,14.0,301.65,6.829,0,3.9,0,1,0,0,0,1,0,0,0,1,0,0,0,0,0,0,1
1,1.0,1,5.0,3.0,5,4,3,0,16.0,1.0,2.0,1.0,150.96,1.0,2.0,150.96,1.504,1,3.2,0,0,0,0,0,1,0,0,0,0,0,0,1,0,1,0,1
1,14.0,3,7.0,3.0,4,3,5,1,15.0,1.0,2.0,1.0,172.28,1.0,2.0,172.28,1.589,0,2.9,0,0,0,0,0,0,0,0,1,0,1,0,0,0,0,1,1
0,7.0,3,14.0,2.0,4,4,2,0,18.0,2.0,2.0,3.0,168.02,3.0,2.0,168.02,1.522,0,2.6,0,0,0,0,0,0,1,0,0,0,1,0,0,0,0,0,0
0,8.0,1,10.0,3.0,5,2,5,0,18.0,2.0,2.0,1.0,154.79,1.0,2.0,154.79,1.519,0,3.4,0,0,0,0,0,0,1,0,0,0,0,0,1,0,0,0,1
0,22.0,1,7.0,3.0,2,2,4,0,15.0,1.0,3.0,2.0,293.85,2.0,3.0,293.85,2.442,0,2.3,0,0,0,0,0,1,0,0,0,1,0,0,0,0,0,1,1
0,19.0,3,16.0,4.0,5,3,3,0,14.0,1.0,5.0,13.0,180.93,13.0,5.0,180.93,2.738,0,3.7,0,0,0,0,0,0,1,0,0,0,1,0,0,0,0,0,0
0,26.0,1,14.0,3.0,4,4,9,0,20.0,4.0,5.0,3.0,229.45,3.0,5.0,229.45,2.968,0,3.5,0,1,0,0,0,0,1,0,0,0,0,0,0,0,0,1,1
0,12.0,3,17.0,4.0,5,3,2,1,15.0,3.0,3.0,3.0,212.4,3.0,3.0,212.4,2.1,0,4.1,0,1,0,0,0,0,0,1,0,0,0,0,0,0,1,0,1
0,3.0,1,35.0,4.0,4,2,6,0,23.0,1.0,2.0,8.0,150.14,8.0,2.0,150.14,1.423,0,3.4,0,1,0,0,0,0,1,0,0,0,0,0,1,0,1,0,0
0,2.0,1,10.0,4.0,4,4,2,0,18.0,1.0,2.0,8.0,201.55,8.0,2.0,201.55,1.628,1,3.4,0,1,0,0,0,1,0,0,0,0,0,0,0,0,1,0,0
0,20.0,3,10.0,3.0,4,3,5,0,15.0,2.0,5.0,10.0,299.65,10.0,5.0,299.65,3.217,0,3.1,0,1,0,0,0,0,0,1,0,1,0,0,0,0,0,0,1
0,12.0,3,9.0,3.0,4,4,9,0,17.0,2.0,2.0,1.0,198.51,1.0,2.0,198.51,1.694,0,3.1,0,1,0,0,0,0,0,1,0,0,0,0,0,0,0,1,1
0,17.0,1,34.0,3.0,4,5,10,0,12.0,1.0,2.0,2.0,233.2,2.0,2.0,233.2,1.799,0,2.9,0,0,0,0,0,0,1,0,0,0,0,0,0,0,0,0,0
1,3.0,1,9.0,3.0,4,2,9,0,12.0,8.0,2.0,6.0,246.69,6.0,2.0,246.69,1.815,0,4.3,0,0,0,0,0,0,1,0,0,1,0,0,0,0,1,0,1
0,14.0,1,21.0,3.0,5,3,3,0,15.0,5.0,5.0,10.0,321.26,10.0,5.0,321.26,3.303,0,4.0,0,1,0,0,0,1,0,0,0,0,0,0,0,1,0,1,1
0,1.0,1,7.0,4.0,5,4,3,1,12.0,1.0,3.0,3.0,145.7,3.0,3.0,145.7,1.833,1,3.7,0,0,1,1,0,0,0,0,0,0,0,0,1,0,0,1,0
0,13.0,1,16.0,4.0,4,4,22,0,16.0,2.0,2.0,4.0,192.82,4.0,2.0,192.82,1.611,0,3.6,0,0,0,0,0,0,1,0,0,0,1,0,0,0,0,1,1
0,10.0,1,25.0,4.0,4,2,4,0,21.0,2.0,2.0,10.0,202.79,10.0,2.0,202.79,1.629,0,3.6,0,0,0,0,0,0,1,0,0,0,1,0,0,0,0,1,1
0,5.0,3,27.0,4.0,2,2,2,0,13.0,2.0,3.0,3.0,152.91,3.0,3.0,152.91,1.862,0,3.0,0,0,0,0,0,0,1,0,0,0,0,0,1,0,0,0,1
0,2.0,1,9.0,4.0,5,4,2,0,18.0,1.0,2.0,5.0,157.01,5.0,2.0,157.01,1.461,1,3.7,0,1,0,0,0,0,1,0,0,0,0,0,1,0,0,0,1
0,9.0,3,18.0,3.0,4,2,3,0,12.0,1.0,2.0,3.0,174.68,3.0,2.0,174.68,1.549,0,2.9,0,0,0,0,0,0,0,1,0,0,1,0,0,0,1,0,1
0,23.0,3,15.0,3.0,5,4,8,0,18.0,2.0,2.0,4.0,256.2,4.0,2.0,256.2,1.865,0,3.4,0,1,0,0,1,0,0,0,0,1,0,0,0,0,0,0,1
0,8.0,1,9.0,4.0,4,3,4,0,12.0,2.0,2.0,3.0,165.33,3.0,2.0,165.33,1.511,0,3.6,0,0,0,0,0,0,1,0,0,0,1,0,0,0,0,1,1
0,3.0,1,17.0,4.0,4,4,2,0,15.0,2.0,2.0,2.0,157.91,2.0,2.0,157.91,1.498,0,3.6,0,0,0,0,0,0,1,0,0,0,0,0,1,0,1,0,0
0,16.0,1,36.0,3.0,6,2,6,0,20.0,2.0,2.0,1.0,167.72,1.0,2.0,167.72,1.571,0,3.7,0,1,0,0,0,1,0,0,0,0,1,0,0,0,0,1,1
0,3.0,1,15.0,4.0,5,2,3,1,14.0,1.0,2.0,3.0,175.56,3.0,2.0,175.56,1.552,0,3.7,1,1,0,0,0,1,0,0,0,0,1,0,0,0,0,0,1
0,12.0,2,7.0,3.0,2,3,3,0,14.0,2.0,6.0,1.0,153.44,1.0,6.0,153.44,3.114,0,2.5,0,1,0,0,0,0,0,0,1,0,0,0,1,0,0,0,1
0,5.0,1,13.0,3.0,5,3,3,1,15.0,2.0,2.0,3.0,152.03,3.0,2.0,152.03,1.458,0,3.4,0,0,0,0,0,0,1,0,0,0,0,0,1,0,1,0,1
1,1.0,1,15.0,4.0,4,3,3,0,13.0,1.0,2.0,1.0,144.04,1.0,2.0,144.04,1.476,1,3.4,0,0,0,0,0,1,0,0,0,0,0,0,1,0,0,1,1
1,1.0,3,16.0,4.0,4,5,2,1,18.0,1.0,2.0,4.0,207.24,4.0,2.0,207.24,1.669,1,3.4,0,1,0,0,0,0,0,1,0,0,1,0,0,0,0,1,0
0,15.0,1,19.0,3.0,4,2,5,1,12.0,2.0,2.0,1.0,172.66,1.0,2.0,172.66,1.591,0,3.1,1,1,0,0,0,0,1,0,0,0,0,0,1,0,0,0,1
1,1.0,1,22.0,4.0,4,3,3,0,13.0,3.0,3.0,3.0,151.1,3.0,3.0,151.1,1.854,1,3.8,0,0,0,0,0,1,0,0,0,0,0,0,1,0,0,0,1
0,11.0,1,32.0,3.0,5,2,9,0,14.0,1.0,2.0,4.0,182.31,4.0,2.0,182.31,1.569,0,3.2,0,1,0,0,0,1,0,0,0,0,1,0,0,0,1,0,0
0,1.0,1,13.0,3.0,5,3,3,0,14.0,3.0,3.0,3.0,150.39,3.0,3.0,150.39,1.852,1,3.6,0,1,0,0,0,0,1,0,0,0,0,0,1,0,0,0,1
0,8.0,3,16.0,4.0,4,3,3,0,21.0,2.0,2.0,4.0,182.14,4.0,2.0,182.14,1.569,0,3.6,0,1,0,0,0,0,1,0,0,0,1,0,0,0,0,0,0
0,9.0,2,15.0,4.0,4,3,3,0,18.0,1.0,2.0,5.0,168.23,5.0,2.0,168.23,1.506,0,3.4,0,1,0,1,0,0,0,0,0,0,0,0,1,0,0,1,1
1,1.0,3,30.0,3.0,5,5,3,0,14.0,1.0,4.0,11.0,198.36,11.0,4.0,198.36,2.41,1,3.2,0,1,0,0,0,0,1,0,0,0,0,0,0,0,0,0,0
0,14.0,1,16.0,3.0,4,3,11,0,18.0,1.0,2.0,14.0,259.99,14.0,2.0,259.99,1.853,0,2.9,0,0,0,0,0,1,0,0,0,0,0,0,0,0,0,1,0
1,6.0,3,19.0,3.0,4,5,2,1,13.0,1.0,14.0,15.0,262.58,15.0,14.0,262.58,6.663,0,2.9,0,0,0,0,0,0,1,0,0,1,0,0,0,0,0,1,1
0,16.0,3,11.0,3.0,4,5,9,0,14.0,2.0,2.0,6.0,176.55,6.0,2.0,176.55,1.535,0,3.1,0,1,0,0,0,0,0,1,0,0,1,0,0,0,0,1,1
0,9.0,1,7.0,3.0,5,3,8,0,13.0,2.0,2.0,8.0,147.58,8.0,2.0,147.58,1.413,0,3.4,0,0,1,0,0,1,0,0,0,0,0,0,1,0,0,0,1
0,1.0,1,31.0,3.0,4,4,10,0,23.0,2.0,2.0,3.0,160.97,3.0,2.0,160.97,1.494,1,3.1,0,1,0,0,0,1,0,0,0,0,0,0,1,0,0,1,1
1,1.0,1,19.0,4.0,4,2,3,1,12.0,2.0,2.0,1.0,150.15,1.0,2.0,150.15,1.501,1,3.6,1,1,0,0,0,0,1,0,0,0,0,0,1,0,0,0,0
0,1.0,1,10.0,3.0,2,2,3,0,23.0,2.0,2.0,8.0,169.2,8.0,2.0,169.2,1.499,1,2.5,0,1,0,0,0,1,0,0,0,0,0,0,1,0,0,0,1
0,4.0,3,17.0,4.0,5,3,3,0,19.0,2.0,2.0,5.0,190.78,5.0,2.0,190.78,1.596,0,3.9,0,1,0,0,0,0,0,1,0,0,1,0,0,0,0,0,1
0,14.0,1,33.0,4.0,5,2,5,1,14.0,2.0,2.0,1.0,169.22,1.0,2.0,169.22,1.577,0,3.9,1,0,0,0,0,1,0,0,0,0,1,0,0,0,0,0,0
0,9.0,1,9.0,3.0,5,4,4,0,19.0,7.0,7.0,3.0,227.74,3.0,7.0,227.74,3.761,0,4.4,0,1,0,0,0,0,1,0,0,0,0,0,0,0,1,0,1
0,8.0,1,7.0,4.0,5,5,2,0,21.0,2.0,5.0,10.0,178.43,10.0,5.0,178.43,2.732,0,3.9,0,0,0,0,0,1,0,0,0,0,1,0,0,0,0,1,1
0,9.0,1,11.0,3.0,5,2,3,0,14.0,3.0,3.0,3.0,148.76,3.0,3.0,148.76,1.845,0,3.6,0,0,0,0,0,0,0,0,1,0,0,0,1,0,0,0,1
1,7.0,3,16.0,3.0,6,3,10,0,14.0,2.0,2.0,4.0,178.46,4.0,2.0,178.46,1.554,0,3.7,0,1,0,0,0,0,0,1,0,0,1,0,0,0,0,1,0
0,6.0,3,9.0,4.0,4,5,3,0,13.0,1.0,2.0,1.0,153.27,1.0,2.0,153.27,1.513,0,3.4,0,0,0,0,0,0,1,0,0,0,0,0,1,0,1,0,0
0,30.0,1,11.0,4.0,4,5,6,0,14.0,1.0,5.0,3.0,324.43,3.0,5.0,324.43,3.348,0,3.4,0,1,0,0,1,0,0,0,0,0,0,0,0,1,1,0,0
0,3.0,1,13.0,3.0,4,2,3,0,14.0,1.0,2.0,9.0,156.31,9.0,2.0,156.31,1.445,0,2.9,0,1,0,0,0,1,0,0,0,0,0,0,1,0,0,0,0
0,1.0,1,16.0,3.0,4,5,3,0,26.0,1.0,2.0,1.0,150.52,1.0,2.0,150.52,1.502,1,2.9,0,1,0,0,0,0,1,0,0,0,0,0,1,0,0,1,1
0,19.0,1,14.0,3.0,4,3,6,1,20.0,2.0,2.0,3.0,169.77,3.0,2.0,169.77,1.529,0,3.1,0,1,0,0,0,1,0,0,0,0,0,0,1,0,0,0,0
0,11.0,1,7.0,3.0,5,2,3,0,14.0,4.0,4.0,12.0,189.74,12.0,4.0,189.74,2.374,0,3.8,0,1,0,0,0,0,1,0,0,0,1,0,0,0,0,0,0
0,1.0,1,10.0,3.0,5,3,3,0,13.0,1.0,2.0,3.0,155.33,3.0,2.0,155.33,1.471,1,3.2,0,1,0,0,0,0,1,0,0,0,0,0,1,0,0,1,1
1,8.0,1,17.0,4.0,4,3,3,1,12.0,2.0,2.0,3.0,154.36,3.0,2.0,154.36,1.467,0,3.6,0,1,0,0,0,0,1,0,0,0,0,0,1,0,0,1,1
0,27.0,1,14.0,3.0,4,3,5,0,15.0,5.0,5.0,8.0,311.06,8.0,5.0,311.06,3.266,0,3.7,0,1,0,0,0,1,0,0,0,0,0,0,0,1,1,0,0
0,3.0,1,22.0,4.0,6,2,2,1,19.0,2.0,2.0,4.0,146.68,4.0,2.0,146.68,1.427,0,4.2,1,0,1,0,0,0,1,0,0,0,0,0,1,0,0,0,0
1,1.0,1,10.0,3.0,5,2,2,1,12.0,1.0,2.0,1.0,153.53,1.0,2.0,153.53,1.514,1,3.2,1,0,0,0,0,0,1,0,0,0,0,0,1,0,0,0,1
0,20.0,3,9.0,4.0,4,5,10,0,15.0,13.0,16.0,10.0,295.48,10.0,16.0,295.48,7.6,0,5.8,0,1,0,0,0,0,0,1,0,1,0,0,0,0,0,0,0
0,18.0,1,24.0,4.0,6,3,4,0,14.0,2.0,2.0,1.0,147.9,1.0,2.0,147.9,1.492,0,4.2,0,0,0,0,0,0,1,0,0,0,0,0,1,0,0,1,1
0,7.0,2,9.0,3.0,4,3,3,0,14.0,1.0,2.0,5.0,161.0,5.0,2.0,161.0,1.477,0,2.9,0,1,0,0,0,0,0,0,1,0,0,0,1,0,0,0,1
1,5.0,1,12.0,4.0,5,5,8,0,18.0,2.0,2.0,1.0,146.07,1.0,2.0,146.07,1.484,0,3.9,0,0,0,0,0,0,1,0,0,0,0,0,1,0,1,0,1
0,4.0,3,36.0,4.0,4,5,10,0,20.0,2.0,2.0,4.0,166.15,4.0,2.0,166.15,1.505,0,3.6,0,1,0,0,0,0,1,0,0,0,1,0,0,0,1,0,1
0,14.0,3,9.0,4.0,4,4,7,0,13.0,2.0,2.0,1.0,168.27,1.0,2.0,168.27,1.573,0,3.6,0,0,0,0,0,1,0,0,0,0,1,0,0,0,0,0,1
0,24.0,1,9.0,2.0,4,5,4,0,15.0,3.0,3.0,3.0,303.56,3.0,3.0,303.56,2.464,0,2.8,0,0,0,0,0,1,0,0,0,1,0,0,0,0,0,0,0
0,2.0,1,26.0,4.0,5,5,3,0,13.0,2.0,4.0,4.0,156.96,4.0,4.0,156.96,2.268,1,3.9,0,1,0,0,0,1,0,0,0,0,0,0,1,0,0,0,1
0,20.0,1,22.0,3.0,4,4,7,0,15.0,2.0,2.0,4.0,315.81,4.0,2.0,315.81,2.103,0,3.1,0,1,0,0,0,0,1,0,0,0,0,0,0,1,0,0,1
0,9.0,3,24.0,4.0,4,5,5,1,16.0,2.0,2.0,3.0,214.66,3.0,2.0,214.66,1.709,0,3.6,0,1,0,0,0,0,1,0,0,0,1,0,0,0,0,0,1
1,1.0,1,24.0,4.0,4,4,3,0,14.0,1.0,2.0,1.0,147.1,1.0,2.0,147.1,1.488,1,3.4,0,0,1,0,0,0,1,0,0,0,0,0,1,0,0,0,0
0,7.0,3,32.0,3.0,4,3,3,0,13.0,1.0,2.0,2.0,170.39,2.0,2.0,170.39,1.548,0,2.9,0,0,0,0,0,1,0,0,0,0,1,0,0,0,0,0,0
0,10.0,1,13.0,3.0,6,3,3,0,15.0,1.0,2.0,8.0,152.41,8.0,2.0,152.41,1.432,0,3.5,0,1,0,0,0,0,1,0,0,0,0,0,1,0,1,0,1
0,4.0,1,14.0,3.0,4,3,3,0,14.0,9.0,9.0,10.0,159.91,10.0,9.0,159.91,4.258,0,4.5,0,1,0,0,0,0,1,0,0,0,1,0,0,0,1,0,1
0,18.0,1,36.0,3.0,4,2,3,0,26.0,2.0,2.0,18.0,170.41,18.0,2.0,170.41,1.492,0,3.1,0,1,0,0,0,0,0,0,1,0,1,0,0,0,0,1,1
0,1.0,3,28.0,3.0,2,2,3,0,18.0,1.0,3.0,3.0,151.78,3.0,3.0,151.78,1.857,1,2.3,0,1,0,0,0,0,0,1,0,0,0,0,1,0,0,1,1
0,20.0,1,9.0,3.0,4,2,4,0,12.0,2.0,2.0,5.0,198.79,5.0,2.0,198.79,1.628,0,3.1,0,1,0,0,1,0,0,0,0,0,1,0,0,0,1,0,1
0,16.0,2,9.0,4.0,2,5,9,0,17.0,1.0,2.0,4.0,187.72,4.0,2.0,187.72,1.591,0,2.8,0,0,0,0,0,1,0,0,0,0,1,0,0,0,0,0,1
0,31.0,3,14.0,3.0,2,2,2,1,19.0,1.0,2.0,10.0,177.2,10.0,2.0,177.2,1.527,0,2.3,1,1,0,0,0,0,0,1,0,0,1,0,0,0,1,0,1
0,6.0,1,20.0,4.0,5,4,3,0,21.0,1.0,3.0,3.0,152.43,3.0,3.0,152.43,1.86,0,3.7,0,0,0,0,0,0,0,0,1,0,0,0,1,0,0,0,0
0,6.0,1,9.0,3.0,4,3,6,1,15.0,2.0,2.0,8.0,174.98,8.0,2.0,174.98,1.522,0,3.1,0,0,0,0,0,0,1,0,0,0,1,0,0,0,0,1,0
0,10.0,1,7.0,4.0,6,5,4,1,22.0,6.0,8.0,3.0,227.52,3.0,8.0,227.52,4.16,0,5.0,0,1,0,0,1,0,0,0,0,0,0,0,0,0,1,0,0
0,7.0,1,16.0,3.0,4,2,2,0,14.0,2.0,5.0,11.0,152.81,11.0,5.0,152.81,2.628,0,3.1,0,1,0,0,0,1,0,0,0,0,0,0,1,0,0,0,1
0,14.0,3,17.0,3.0,5,4,9,0,13.0,2.0,2.0,4.0,193.52,4.0,2.0,193.52,1.614,0,3.4,0,1,0,0,1,0,0,0,0,0,1,0,0,0,1,0,0
0,1.0,3,17.0,3.0,4,2,2,0,15.0,1.0,2.0,2.0,174.5,2.0,2.0,174.5,1.565,1,2.9,0,1,0,0,0,0,1,0,0,0,1,0,0,0,0,1,1
0,4.0,1,7.0,4.0,4,4,2,1,22.0,2.0,6.0,8.0,160.79,8.0,6.0,160.79,3.065,0,3.6,0,1,0,0,0,1,0,0,0,0,0,0,1,0,0,0,1
0,16.0,1,33.0,3.0,4,5,5,1,18.0,1.0,2.0,1.0,256.91,1.0,2.0,256.91,1.928,0,2.9,0,0,0,0,0,1,0,0,0,0,0,0,0,0,0,0,0
0,9.0,3,15.0,4.0,5,2,6,1,12.0,3.0,5.0,3.0,228.77,3.0,5.0,228.77,2.965,0,4.1,1,0,0,0,0,0,0,1,0,0,0,0,0,0,0,0,0
0,1.0,1,21.0,3.0,4,5,3,1,15.0,3.0,7.0,9.0,147.35,9.0,7.0,147.35,3.409,1,3.3,0,0,1,0,0,0,1,0,0,0,0,0,1,0,0,0,1
0,28.0,1,7.0,3.0,4,3,9,0,18.0,2.0,2.0,3.0,230.02,3.0,2.0,230.02,1.77,0,3.1,0,0,0,0,0,0,1,0,0,0,0,0,0,0,1,0,0
0,18.0,1,9.0,4.0,2,2,3,0,14.0,7.0,8.0,8.0,145.11,8.0,8.0,145.11,3.803,0,4.0,0,0,1,0,0,0,1,0,0,0,0,0,1,0,0,0,0
1,1.0,1,17.0,4.0,5,4,3,1,26.0,2.0,2.0,1.0,143.59,1.0,2.0,143.59,1.474,1,3.9,0,0,0,0,0,1,0,0,0,0,0,0,1,0,0,1,0
0,3.0,1,7.0,4.0,4,2,3,0,16.0,1.0,2.0,3.0,162.6,3.0,2.0,162.6,1.5,0,3.4,0,1,0,0,0,0,1,0,0,0,0,0,1,0,1,0,0
0,28.0,1,10.0,3.0,4,2,5,0,15.0,2.0,2.0,10.0,302.79,10.0,2.0,302.79,2.029,0,3.1,0,1,0,0,0,0,1,0,0,1,0,0,0,0,0,0,1
0,5.0,1,18.0,4.0,4,5,3,1,13.0,1.0,2.0,2.0,193.33,2.0,2.0,193.33,1.64,0,3.4,0,1,0,0,0,1,0,0,0,0,1,0,0,0,0,0,1
0,5.0,1,31.0,4.0,5,5,3,0,20.0,1.0,2.0,9.0,193.12,9.0,2.0,193.12,1.592,0,3.7,0,1,0,0,0,1,0,0,0,0,1,0,0,0,0,1,0
0,31.0,3,10.0,3.0,5,2,7,0,18.0,1.0,2.0,6.0,176.71,6.0,2.0,176.71,1.535,0,3.2,0,1,0,0,0,0,1,0,0,0,1,0,0,0,0,1,0
0,17.0,1,10.0,4.0,6,2,5,0,15.0,2.0,2.0,8.0,322.4,8.0,2.0,322.4,2.112,0,4.2,0,1,0,0,0,0,1,0,0,0,0,0,0,1,0,0,1
0,23.0,1,11.0,3.0,5,3,4,0,15.0,1.0,2.0,1.0,312.11,1.0,2.0,312.11,2.148,0,3.2,0,1,0,0,0,1,0,0,0,0,0,0,0,1,0,0,1
0,10.0,1,10.0,3.0,4,4,3,0,13.0,2.0,2.0,8.0,161.92,8.0,2.0,161.92,1.47,0,3.1,0,0,0,1,0,0,0,0,0,0,0,0,1,0,0,0,1
0,22.0,1,9.0,4.0,2,4,7,0,12.0,1.0,2.0,1.0,150.59,1.0,2.0,150.59,1.502,0,2.8,0,1,0,1,0,0,0,0,0,0,0,0,1,0,0,1,1
0,1.0,1,11.0,4.0,4,3,3,0,12.0,2.0,2.0,4.0,150.17,4.0,2.0,150.17,1.441,1,3.6,0,1,0,0,0,0,1,0,0,0,0,0,1,0,1,0,1
0,3.0,1,14.0,3.0,4,2,3,1,12.0,1.0,2.0,1.0,191.23,1.0,2.0,191.23,1.665,0,2.9,1,1,0,0,0,0,1,0,0,0,1,0,0,0,1,0,1
0,22.0,1,7.0,4.0,5,2,8,0,15.0,2.0,2.0,1.0,307.65,1.0,2.0,307.65,2.131,0,3.9,0,1,0,0,0,0,1,0,0,0,0,0,0,1,0,1,1
0,3.0,1,7.0,3.0,5,2,5,0,15.0,1.0,2.0,8.0,286.24,8.0,2.0,286.24,1.967,0,3.2,0,1,0,0,0,0,1,0,0,1,0,0,0,0,1,0,0
0,8.0,1,27.0,3.0,2,3,2,0,18.0,2.0,2.0,1.0,150.85,1.0,2.0,150.85,1.503,0,2.5,0,1,0,1,0,0,0,0,0,0,0,0,1,0,0,0,0
0,18.0,3,12.0,3.0,4,4,9,0,15.0,2.0,4.0,11.0,307.13,11.0,4.0,307.13,2.845,0,3.1,0,1,0,0,0,0,0,1,0,0,0,0,0,1,0,0,1
0,7.0,3,17.0,3.0,2,3,2,1,15.0,2.0,2.0,9.0,208.8,9.0,2.0,208.8,1.655,0,2.5,0,1,0,0,0,0,0,1,0,0,0,0,0,0,1,0,1
0,1.0,1,32.0,3.0,2,2,3,1,13.0,2.0,2.0,2.0,154.94,2.0,2.0,154.94,1.486,1,2.5,1,1,0,0,0,0,1,0,0,0,0,0,1,0,0,1,0
0,1.0,1,7.0,3.0,4,3,3,0,23.0,1.0,2.0,2.0,137.23,2.0,2.0,137.23,1.416,1,2.9,0,0,1,0,0,0,1,0,0,0,0,0,1,0,0,0,1
1,1.0,3,31.0,4.0,6,2,3,1,15.0,2.0,2.0,1.0,136.18,1.0,2.0,136.18,1.445,1,4.2,1,0,0,0,0,0,1,0,0,0,0,0,1,0,0,1,1
0,1.0,1,11.0,3.0,4,2,3,1,21.0,1.0,3.0,3.0,153.75,3.0,3.0,153.75,1.865,1,2.9,1,1,0,0,0,0,1,0,0,0,0,0,1,0,0,1,1
1,9.0,3,9.0,4.0,6,4,4,1,15.0,1.0,2.0,12.0,313.24,12.0,2.0,313.24,2.068,0,4.0,0,1,0,0,0,0,0,1,0,0,0,0,0,1,0,1,0
0,29.0,1,15.0,3.0,5,4,3,1,16.0,4.0,16.0,1.0,260.77,1.0,16.0,260.77,7.543,0,3.8,0,0,0,0,0,1,0,0,0,1,0,0,0,0,1,0,1
1,1.0,1,17.0,3.0,5,3,3,0,21.0,3.0,3.0,3.0,151.25,3.0,3.0,151.25,1.855,1,3.6,0,0,0,0,0,0,1,0,0,0,0,0,1,0,0,1,0
0,20.0,3,11.0,3.0,5,4,4,0,15.0,2.0,2.0,9.0,312.89,9.0,2.0,312.89,2.072,0,3.4,0,1,0,0,0,0,0,1,0,0,0,0,0,1,0,0,0
0,8.0,3,9.0,3.0,4,5,2,1,13.0,2.0,2.0,3.0,170.38,3.0,2.0,170.38,1.532,0,3.1,0,1,0,0,0,0,0,1,0,0,1,0,0,0,0,1,0
0,25.0,3,16.0,3.0,4,4,6,1,25.0,3.0,12.0,11.0,323.47,11.0,12.0,323.47,6.111,0,3.3,0,0,0,0,0,0,1,0,0,0,0,0,0,1,1,0,1
0,31.0,1,25.0,4.0,4,2,8,0,13.0,2.0,6.0,3.0,230.12,3.0,6.0,230.12,3.37,0,3.6,0,1,0,0,0,1,0,0,0,0,0,0,0,0,0,1,1
0,8.0,1,26.0,3.0,4,4,6,0,14.0,4.0,6.0,11.0,169.44,11.0,6.0,169.44,3.094,0,3.5,0,0,0,0,0,1,0,0,0,0,1,0,0,0,1,0,0
0,2.0,1,7.0,3.0,4,3,2,1,12.0,1.0,2.0,3.0,146.54,3.0,2.0,146.54,1.436,1,2.9,0,0,0,0,0,1,0,0,0,0,0,0,1,0,0,1,1
0,18.0,1,11.0,4.0,2,5,3,0,15.0,2.0,15.0,14.0,316.9,14.0,15.0,316.9,7.281,0,3.0,0,1,0,0,0,0,1,0,0,0,0,0,0,1,1,0,1
0,8.0,2,18.0,3.0,5,4,6,0,12.0,1.0,2.0,9.0,169.9,9.0,2.0,169.9,1.5,0,3.2,0,0,0,0,0,0,1,0,0,0,1,0,0,0,0,0,1
0,9.0,1,13.0,4.0,4,3,2,1,15.0,2.0,3.0,3.0,160.06,3.0,3.0,160.06,1.89,0,3.6,0,1,0,0,0,0,1,0,0,0,0,0,1,0,0,0,1
0,16.0,1,14.0,4.0,2,4,8,1,17.0,1.0,2.0,1.0,148.72,1.0,2.0,148.72,1.495,0,2.8,0,0,1,0,0,1,0,0,0,0,1,0,0,0,0,0,0
0,17.0,3,11.0,3.0,5,2,5,0,15.0,11.0,16.0,3.0,227.31,3.0,16.0,227.31,7.359,0,5.2,0,1,0,0,0,0,0,1,0,0,0,0,0,0,0,1,0
0,10.0,1,9.0,3.0,4,4,11,1,12.0,5.0,6.0,13.0,179.1,13.0,6.0,179.1,3.131,0,3.7,0,1,0,0,0,0,1,0,0,0,1,0,0,0,0,1,0
1,8.0,1,22.0,4.0,4,2,3,0,12.0,1.0,2.0,6.0,204.78,6.0,2.0,204.78,1.648,0,3.4,0,1,0,0,0,1,0,0,0,0,0,0,0,0,0,0,0
0,2.0,1,9.0,3.0,5,2,3,1,13.0,3.0,3.0,3.0,163.67,3.0,3.0,163.67,1.905,1,3.6,1,0,0,0,0,0,1,0,0,0,0,0,1,0,0,0,1
0,25.0,1,13.0,3.0,5,3,2,0,15.0,8.0,8.0,8.0,153.38,8.0,8.0,153.38,3.836,0,4.6,0,0,0,0,0,1,0,0,0,0,0,0,1,0,0,1,0
0,4.0,1,16.0,4.0,4,3,9,1,19.0,2.0,2.0,8.0,171.95,8.0,2.0,171.95,1.51,0,3.6,0,0,0,0,0,1,0,0,0,0,1,0,0,0,0,1,0
1,1.0,1,14.0,3.0,4,3,5,1,14.0,2.0,8.0,8.0,158.39,8.0,8.0,158.39,3.856,1,3.1,0,1,0,1,0,0,0,0,0,0,0,0,1,0,1,0,0
0,2.0,1,7.0,3.0,4,5,4,0,12.0,1.0,2.0,3.0,145.8,3.0,2.0,145.8,1.433,1,2.9,0,0,1,1,0,0,0,0,0,0,0,0,1,0,0,1,1
0,1.0,1,7.0,3.0,4,4,3,0,19.0,2.0,3.0,2.0,145.96,2.0,3.0,145.96,1.851,1,3.1,0,0,1,0,0,1,0,0,0,0,0,0,1,0,0,1,0
0,6.0,3,15.0,3.0,2,2,3,0,16.0,1.0,2.0,9.0,187.09,9.0,2.0,187.09,1.568,0,2.3,0,1,0,0,0,1,0,0,0,0,1,0,0,0,0,0,1
0,19.0,1,32.0,3.0,4,4,5,0,15.0,2.0,2.0,1.0,305.61,1.0,2.0,305.61,2.122,0,3.1,0,0,0,0,0,1,0,0,0,0,0,0,0,1,0,1,0
0,13.0,1,20.0,4.0,5,4,8,1,15.0,14.0,16.0,3.0,296.23,3.0,16.0,296.23,7.635,0,6.3,0,1,0,0,0,1,0,0,0,1,0,0,0,0,1,0,0
0,31.0,1,30.0,3.0,4,3,3,0,13.0,3.0,3.0,3.0,148.72,3.0,3.0,148.72,1.845,0,3.3,0,0,1,0,0,0,1,0,0,0,0,0,1,0,1,0,1
1,1.0,1,14.0,4.0,4,3,3,0,19.0,2.0,2.0,2.0,173.83,2.0,2.0,173.83,1.562,1,3.6,0,1,0,0,0,0,1,0,0,0,1,0,0,0,0,0,1
1,3.0,1,30.0,4.0,4,5,2,0,14.0,1.0,2.0,4.0,164.04,4.0,2.0,164.04,1.496,0,3.4,0,1,0,0,0,1,0,0,0,0,0,0,1,0,0,1,1
0,4.0,1,13.0,3.0,5,2,2,0,13.0,6.0,7.0,8.0,171.27,8.0,7.0,171.27,3.507,0,4.2,0,1,0,1,0,0,0,0,0,0,1,0,0,0,0,0,0
0,10.0,1,17.0,4.0,4,3,5,0,13.0,1.0,2.0,8.0,195.94,8.0,2.0,195.94,1.606,0,3.4,0,1,0,0,1,0,0,0,0,0,0,0,0,0,0,0,0
0,20.0,2,7.0,3.0,4,5,8,0,13.0,4.0,6.0,8.0,159.23,8.0,6.0,159.23,3.059,0,3.5,0,1,0,0,0,0,1,0,0,0,0,0,1,0,0,1,0
0,2.0,1,7.0,3.0,6,2,2,0,12.0,8.0,8.0,6.0,191.74,6.0,8.0,191.74,3.996,1,4.9,0,0,0,0,0,0,1,0,0,0,1,0,0,0,0,0,0
0,24.0,1,35.0,3.0,4,5,6,1,15.0,1.0,2.0,3.0,293.8,3.0,2.0,293.8,2.025,0,2.9,0,1,0,0,0,0,1,0,0,1,0,0,0,0,0,0,0
1,4.0,3,32.0,3.0,5,4,4,1,13.0,1.0,2.0,3.0,215.94,3.0,2.0,215.94,1.714,0,3.2,0,1,0,0,0,0,0,1,0,0,0,0,0,0,0,1,1
1,16.0,3,12.0,4.0,4,4,11,1,20.0,6.0,8.0,3.0,209.46,3.0,8.0,209.46,4.088,0,4.4,0,1,0,0,0,0,1,0,0,0,0,0,0,0,0,1,1
0,4.0,1,24.0,4.0,4,5,3,1,24.0,1.0,2.0,9.0,244.16000000000003,9.0,2.0,244.16000000000003,1.797,0,3.4,0,1,0,0,0,1,0,0,0,0,0,0,0,0,0,0,0
0,13.0,1,25.0,3.0,4,3,2,0,12.0,1.0,2.0,8.0,170.34,8.0,2.0,170.34,1.504,0,2.9,0,1,0,0,0,0,1,0,0,0,1,0,0,0,0,1,1
0,5.0,3,9.0,3.0,4,3,3,1,20.0,4.0,10.0,3.0,223.52,3.0,10.0,223.52,4.944,0,3.5,0,0,0,0,0,0,1,0,0,0,0,0,0,0,1,0,0
0,15.0,3,17.0,3.0,6,4,3,0,14.0,4.0,12.0,10.0,186.51,10.0,12.0,186.51,5.564,0,4.1,0,0,0,0,0,1,0,0,0,0,1,0,0,0,0,1,1
1,1.0,3,7.0,3.0,4,4,3,1,12.0,2.0,3.0,3.0,148.02,3.0,3.0,148.02,1.842,1,3.1,0,0,0,0,0,0,1,0,0,0,0,0,1,0,0,1,0
1,8.0,1,10.0,3.0,4,5,6,0,13.0,2.0,2.0,3.0,148.62,3.0,2.0,148.62,1.444,0,3.1,0,0,1,0,0,0,1,0,0,0,0,0,1,0,0,0,1
0,16.0,1,9.0,3.0,4,3,2,1,15.0,1.0,3.0,11.0,303.61,11.0,3.0,303.61,2.431,0,2.9,0,0,0,0,0,0,1,0,0,1,0,0,0,0,0,0,1
0,29.0,1,9.0,3.0,6,3,6,0,15.0,6.0,10.0,12.0,316.87,12.0,10.0,316.87,5.283,0,4.5,0,1,0,0,0,1,0,0,0,0,0,0,0,1,0,0,0
0,30.0,2,15.0,3.0,4,4,8,0,15.0,2.0,8.0,8.0,322.17,8.0,8.0,322.17,4.511,0,3.1,0,1,0,0,0,0,1,0,0,0,0,0,0,1,0,1,1
0,14.0,1,23.0,4.0,4,3,11,0,17.0,2.0,2.0,1.0,160.44,1.0,2.0,160.44,1.542,0,3.6,0,0,0,0,0,0,1,0,0,0,0,0,1,0,1,0,1
0,8.0,1,16.0,3.0,4,2,2,0,12.0,2.0,2.0,3.0,210.0,3.0,2.0,210.0,1.69,0,3.1,0,1,0,0,0,0,1,0,0,0,0,0,0,0,1,0,1
0,14.0,1,9.0,4.0,4,2,3,0,14.0,4.0,9.0,9.0,171.61,9.0,9.0,171.61,4.306,0,4.0,0,1,0,0,0,0,1,0,0,0,1,0,0,0,0,1,1
0,15.0,3,7.0,4.0,4,5,2,0,18.0,1.0,2.0,8.0,166.03,8.0,2.0,166.03,1.486,0,3.4,0,0,0,0,0,0,0,1,0,0,1,0,0,0,1,0,0
0,9.0,1,11.0,3.0,4,3,3,1,12.0,2.0,2.0,2.0,167.49,2.0,2.0,167.49,1.537,0,3.1,0,0,0,0,0,0,1,0,0,0,1,0,0,0,0,1,1
0,25.0,2,12.0,3.0,4,4,3,1,12.0,1.0,2.0,11.0,265.26,11.0,2.0,265.26,1.878,0,2.9,0,1,0,0,0,0,1,0,0,1,0,0,0,0,1,0,1
0,12.0,3,9.0,3.0,4,5,5,0,16.0,1.0,2.0,8.0,193.93,8.0,2.0,193.93,1.598,0,2.9,0,1,0,0,0,0,1,0,0,0,1,0,0,0,1,0,0
0,8.0,3,22.0,4.0,4,5,3,0,13.0,2.0,10.0,7.0,186.25,7.0,10.0,186.25,4.77,0,3.6,0,1,0,0,0,1,0,0,0,0,1,0,0,0,0,1,0
0,1.0,1,26.0,4.0,4,2,5,0,12.0,2.0,2.0,3.0,161.69,3.0,2.0,161.69,1.497,1,3.6,0,1,0,0,0,1,0,0,0,0,0,0,1,0,0,0,1
1,21.0,1,14.0,3.0,5,5,9,1,15.0,5.0,6.0,3.0,225.08,3.0,6.0,225.08,3.35,0,4.0,0,1,0,0,0,1,0,0,0,0,0,0,0,0,0,0,0
0,14.0,1,7.0,3.0,4,4,5,0,23.0,2.0,2.0,4.0,148.87,4.0,2.0,148.87,1.435,0,3.1,0,0,1,0,0,0,1,0,0,0,0,0,1,0,0,0,1
0,10.0,3,14.0,3.0,2,5,4,0,17.0,6.0,7.0,14.0,171.39,14.0,7.0,171.39,3.499,0,3.3,0,0,0,0,0,0,0,1,0,0,1,0,0,0,0,0,0
0,22.0,1,11.0,3.0,4,2,3,0,12.0,2.0,2.0,9.0,203.98,9.0,2.0,203.98,1.636,0,3.1,0,1,0,0,0,0,1,0,0,0,0,0,0,0,0,1,1
0,1.0,3,18.0,4.0,2,2,10,0,15.0,2.0,2.0,1.0,150.34,1.0,2.0,150.34,1.501,1,3.0,0,1,0,0,0,1,0,0,0,0,0,0,1,0,0,0,0
0,25.0,1,18.0,3.0,5,4,5,0,17.0,1.0,2.0,4.0,256.42,4.0,2.0,256.42,1.866,0,3.2,0,1,0,0,1,0,0,0,0,1,0,0,0,0,0,1,0
0,1.0,1,7.0,4.0,4,2,3,0,16.0,2.0,2.0,1.0,141.11,1.0,2.0,141.11,1.464,1,3.6,0,0,0,0,0,0,1,0,0,0,0,0,1,0,0,1,0
0,9.0,1,7.0,3.0,5,2,2,0,13.0,2.0,2.0,1.0,178.63,1.0,2.0,178.63,1.615,0,3.4,0,1,0,0,0,1,0,0,0,0,1,0,0,0,0,0,0
0,1.0,3,9.0,3.0,6,2,5,0,21.0,2.0,2.0,1.0,175.71,1.0,2.0,175.71,1.603,1,3.7,0,0,0,0,0,0,1,0,0,0,1,0,0,0,0,1,1
1,19.0,3,20.0,3.0,2,3,8,1,18.0,1.0,4.0,9.0,261.95,9.0,4.0,261.95,2.668,0,2.3,0,1,0,0,0,0,0,1,0,1,0,0,0,0,0,1,1
0,30.0,1,30.0,4.0,4,4,6,1,13.0,12.0,2.0,10.0,259.02,10.0,2.0,259.02,1.854,0,5.6,0,1,0,0,0,0,1,0,0,1,0,0,0,0,0,0,1
0,8.0,1,33.0,4.0,5,3,3,0,21.0,2.0,2.0,1.0,145.29,1.0,2.0,145.29,1.481,0,3.9,0,0,0,1,0,0,0,0,0,0,0,0,1,0,1,0,0
0,14.0,1,9.0,3.0,2,3,7,0,21.0,6.0,12.0,9.0,188.77,9.0,12.0,188.77,5.575,0,3.3,0,1,0,0,0,1,0,0,0,0,1,0,0,0,1,0,0
0,8.0,1,36.0,3.0,4,3,6,0,14.0,1.0,8.0,8.0,179.29,8.0,8.0,179.29,3.939,0,2.9,0,1,0,0,0,1,0,0,0,0,1,0,0,0,0,0,1
1,1.0,3,9.0,3.0,5,2,9,0,15.0,1.0,2.0,1.0,152.85,1.0,2.0,152.85,1.511,1,3.2,0,0,0,0,0,0,1,0,0,0,0,0,1,0,0,1,0
1,1.0,3,25.0,4.0,4,3,2,1,19.0,4.0,4.0,3.0,171.14,3.0,4.0,171.14,2.335,1,4.0,0,0,0,0,0,0,0,1,0,0,1,0,0,0,0,0,0
0,12.0,1,14.0,3.0,2,3,3,0,12.0,1.0,2.0,4.0,151.1,4.0,2.0,151.1,1.444,0,2.3,0,0,0,0,0,0,1,0,0,0,0,0,1,0,1,0,1
0,8.0,1,9.0,4.0,4,2,3,0,12.0,2.0,5.0,12.0,191.87,12.0,5.0,191.87,2.783,0,3.6,0,1,0,1,0,0,0,0,0,0,1,0,0,0,0,1,0
0,2.0,3,33.0,3.0,5,5,3,0,12.0,2.0,2.0,5.0,172.24,5.0,2.0,172.24,1.522,1,3.4,0,1,0,0,0,0,1,0,0,0,1,0,0,0,0,0,1
1,1.0,1,29.0,4.0,4,3,3,1,16.0,4.0,7.0,8.0,186.79,8.0,7.0,186.79,3.569,1,4.0,0,1,0,0,0,1,0,0,0,0,1,0,0,0,0,0,1
0,13.0,3,28.0,3.0,5,2,5,1,13.0,1.0,2.0,5.0,186.2,5.0,2.0,186.2,1.578,0,3.2,1,1,0,0,0,0,1,0,0,0,1,0,0,0,0,0,1
0,25.0,3,9.0,3.0,4,4,4,0,12.0,1.0,4.0,3.0,230.96,3.0,4.0,230.96,2.574,0,2.9,0,0,0,0,0,0,0,1,0,0,0,0,0,0,0,0,1
0,15.0,1,29.0,4.0,4,2,5,1,15.0,1.0,4.0,4.0,179.67,4.0,4.0,179.67,2.359,0,3.4,1,0,0,0,0,0,1,0,0,0,1,0,0,0,1,0,0
0,11.0,1,11.0,3.0,4,3,9,1,16.0,2.0,2.0,4.0,154.96,4.0,2.0,154.96,1.46,0,3.1,0,1,0,0,0,0,1,0,0,0,0,0,1,0,0,0,1
0,7.0,3,12.0,4.0,4,2,8,0,14.0,2.0,2.0,3.0,224.98,3.0,2.0,224.98,1.75,0,3.6,0,0,0,0,0,0,1,0,0,0,1,0,0,0,0,0,1
0,6.0,3,9.0,3.0,4,4,2,1,14.0,1.0,2.0,3.0,165.78,3.0,2.0,165.78,1.513,0,2.9,0,1,0,0,0,0,0,1,0,0,1,0,0,0,0,0,1
0,13.0,1,32.0,4.0,4,3,5,0,22.0,1.0,2.0,6.0,234.2,6.0,2.0,234.2,1.765,0,3.4,0,0,0,0,0,0,1,0,0,0,0,0,0,0,0,0,1
0,1.0,3,25.0,4.0,2,3,4,0,12.0,1.0,2.0,3.0,187.32,3.0,2.0,187.32,1.599,1,2.8,0,1,0,0,0,0,1,0,0,0,1,0,0,0,0,0,1
0,26.0,1,35.0,3.0,2,3,4,1,12.0,1.0,2.0,3.0,257.47,3.0,2.0,257.47,1.88,0,2.3,0,0,0,0,0,1,0,0,0,1,0,0,0,0,0,0,0
0,17.0,1,13.0,4.0,5,3,3,1,15.0,2.0,2.0,9.0,165.81,9.0,2.0,165.81,1.483,0,3.9,0,1,0,0,0,1,0,0,0,0,1,0,0,0,0,1,0
0,1.0,3,17.0,4.0,5,2,3,1,12.0,3.0,5.0,5.0,182.69,5.0,5.0,182.69,2.764,1,4.1,1,1,0,0,0,0,0,1,0,0,1,0,0,0,0,0,0
1,1.0,1,24.0,3.0,4,3,3,1,14.0,4.0,8.0,8.0,148.94,8.0,8.0,148.94,3.818,1,3.5,0,0,1,0,0,0,1,0,0,0,0,0,1,0,0,1,0
0,1.0,1,9.0,3.0,5,2,2,0,13.0,1.0,2.0,2.0,164.04,2.0,2.0,164.04,1.523,1,3.2,0,1,0,0,0,1,0,0,0,0,0,0,1,0,0,1,1
0,16.0,2,17.0,3.0,4,5,2,0,15.0,1.0,2.0,10.0,292.99,10.0,2.0,292.99,1.99,0,2.9,0,1,0,0,0,0,0,0,1,1,0,0,0,0,0,0,0
0,26.0,1,15.0,3.0,4,5,11,0,14.0,2.0,2.0,5.0,154.5,5.0,2.0,154.5,1.451,0,3.1,0,1,0,0,0,0,0,0,1,0,0,0,1,0,0,0,0
0,11.0,1,18.0,4.0,4,3,6,0,19.0,1.0,2.0,3.0,161.29,3.0,2.0,161.29,1.495,0,3.4,0,1,0,0,0,1,0,0,0,0,0,0,1,0,0,1,0
0,9.0,1,25.0,3.0,4,2,4,0,12.0,1.0,3.0,3.0,218.62,3.0,3.0,218.62,2.124,0,2.9,0,0,0,0,0,0,1,0,0,0,0,0,0,0,0,1,1
0,1.0,1,7.0,3.0,4,2,6,0,12.0,2.0,2.0,3.0,157.29,3.0,2.0,157.29,1.479,1,3.1,0,1,0,1,0,0,0,0,0,0,0,0,1,0,0,0,1
0,1.0,1,14.0,4.0,2,5,2,0,13.0,2.0,2.0,8.0,160.78,8.0,2.0,160.78,1.465,1,3.0,0,1,0,0,0,0,0,0,1,0,0,0,1,0,0,1,1
0,3.0,2,24.0,3.0,5,5,3,0,14.0,1.0,2.0,10.0,204.88,10.0,2.0,204.88,1.638,0,3.2,0,1,0,0,0,0,0,0,1,0,0,0,0,0,0,1,1
1,1.0,1,35.0,4.0,5,5,5,0,21.0,1.0,2.0,4.0,167.84,4.0,2.0,167.84,1.511,1,3.7,0,0,0,0,0,0,1,0,0,0,1,0,0,0,0,1,1
1,1.0,1,21.0,3.0,4,2,2,1,13.0,3.0,8.0,8.0,200.53,8.0,8.0,200.53,4.024,1,3.3,1,0,0,0,0,0,0,0,1,0,0,0,0,0,0,1,0
0,28.0,1,7.0,3.0,4,2,8,0,15.0,6.0,13.0,8.0,298.28,8.0,13.0,298.28,6.415,0,3.9,0,1,0,0,0,1,0,0,0,1,0,0,0,0,0,1,0
0,31.0,1,7.0,4.0,4,5,5,1,15.0,2.0,2.0,6.0,322.01,6.0,2.0,322.01,2.117,0,3.6,0,1,0,0,0,1,0,0,0,0,0,0,0,1,0,0,0
0,29.0,1,7.0,3.0,2,2,4,0,14.0,1.0,2.0,1.0,272.32,1.0,2.0,272.32,1.989,0,2.3,0,1,0,0,0,1,0,0,0,1,0,0,0,0,1,0,1
0,10.0,3,10.0,3.0,4,4,5,1,17.0,1.0,2.0,3.0,217.78,3.0,2.0,217.78,1.721,0,2.9,0,1,0,0,0,0,0,1,0,0,1,0,0,0,0,1,0
1,1.0,3,7.0,3.0,6,3,3,0,13.0,2.0,2.0,1.0,138.59,1.0,2.0,138.59,1.454,1,3.7,0,0,0,0,0,0,1,0,0,0,0,0,1,0,0,1,0
0,4.0,3,14.0,4.0,4,5,9,0,15.0,2.0,2.0,3.0,172.79,3.0,2.0,172.79,1.541,0,3.6,0,1,0,0,0,0,0,1,0,0,1,0,0,0,1,0,0
0,5.0,1,15.0,4.0,4,4,5,0,12.0,1.0,2.0,1.0,289.22,1.0,2.0,289.22,2.057,0,3.4,0,1,0,0,0,0,1,0,0,1,0,0,0,0,0,1,0
0,8.0,1,7.0,4.0,4,5,7,0,15.0,2.0,2.0,4.0,154.96,4.0,2.0,154.96,1.46,0,3.6,0,0,0,0,0,0,0,0,1,0,0,0,1,0,1,0,1
1,1.0,1,15.0,3.0,5,4,3,0,13.0,1.0,2.0,1.0,137.61,1.0,2.0,137.61,1.45,1,3.2,0,0,1,0,0,0,1,0,0,0,0,0,1,0,0,1,0
0,1.0,1,18.0,4.0,4,5,2,0,15.0,2.0,2.0,5.0,145.99,5.0,2.0,145.99,1.417,1,3.6,0,0,1,0,0,0,1,0,0,0,0,0,1,0,0,0,1
0,10.0,1,11.0,3.0,5,2,3,0,17.0,2.0,2.0,9.0,183.1,9.0,2.0,183.1,1.552,0,3.4,0,1,0,0,0,0,1,0,0,0,1,0,0,0,0,1,1
0,10.0,3,23.0,4.0,5,5,6,0,14.0,2.0,2.0,3.0,181.47,3.0,2.0,181.47,1.576,0,3.9,0,1,0,0,0,0,0,1,0,0,1,0,0,0,0,0,0
0,21.0,1,7.0,4.0,4,2,9,0,13.0,2.0,2.0,3.0,159.2,3.0,2.0,159.2,1.487,0,3.6,0,1,0,1,0,0,0,0,0,0,0,0,1,0,0,0,1
1,1.0,3,16.0,4.0,5,5,5,0,13.0,2.0,3.0,3.0,169.0,3.0,3.0,169.0,1.926,1,3.9,0,1,0,0,0,0,1,0,0,0,0,0,1,0,0,0,1
0,11.0,1,12.0,3.0,2,3,2,0,15.0,2.0,2.0,4.0,160.0,4.0,2.0,160.0,1.48,0,2.5,0,0,0,1,0,0,0,0,0,0,0,0,1,0,0,1,1
0,30.0,1,7.0,3.0,4,5,4,0,23.0,2.0,2.0,1.0,145.66,1.0,2.0,145.66,1.483,0,3.1,0,0,1,0,0,0,1,0,0,0,0,0,1,0,0,0,0
0,21.0,1,9.0,3.0,4,3,5,0,15.0,4.0,6.0,7.0,296.69,7.0,6.0,296.69,3.612,0,3.5,0,1,0,0,0,1,0,0,0,1,0,0,0,0,0,0,0
0,1.0,3,11.0,3.0,4,3,3,1,13.0,2.0,2.0,4.0,166.62,4.0,2.0,166.62,1.506,1,3.1,0,1,0,0,0,1,0,0,0,0,1,0,0,0,0,0,0
0,6.0,3,14.0,4.0,4,2,6,0,13.0,2.0,2.0,3.0,217.04,3.0,2.0,217.04,1.718,0,3.6,0,1,0,0,0,0,0,1,0,0,1,0,0,0,0,0,1
0,8.0,1,7.0,3.0,5,4,7,0,18.0,2.0,2.0,3.0,157.94,3.0,2.0,157.94,1.482,0,3.4,0,1,0,0,0,0,1,0,0,0,0,0,1,0,0,0,0
0,15.0,1,12.0,3.0,2,3,4,1,13.0,2.0,2.0,4.0,146.27,4.0,2.0,146.27,1.425,0,2.5,0,0,1,0,0,1,0,0,0,0,0,0,1,0,0,0,1
0,14.0,1,16.0,3.0,4,3,5,0,12.0,2.0,2.0,8.0,164.75,8.0,2.0,164.75,1.481,0,3.1,0,0,0,0,0,0,0,0,1,0,1,0,0,0,1,0,1
0,5.0,3,15.0,3.0,4,2,3,0,19.0,3.0,2.0,10.0,232.93,10.0,2.0,232.93,1.75,0,3.3,0,1,0,0,0,0,1,0,0,0,0,0,0,0,1,0,1
1,10.0,3,16.0,3.0,4,1,6,0,12.0,1.0,5.0,3.0,225.96,3.0,5.0,225.96,2.954,0,2.9,0,1,0,0,0,0,0,1,0,0,0,0,0,0,1,0,1
1,3.0,1,9.0,3.0,5,5,4,1,24.0,1.0,2.0,1.0,161.46,1.0,2.0,161.46,1.546,0,3.2,0,0,0,0,0,0,1,0,0,0,0,0,1,0,0,1,0
1,1.0,1,7.0,4.0,2,4,3,0,12.0,4.0,5.0,8.0,199.46,8.0,5.0,199.46,2.82,1,3.4,0,0,0,0,0,0,1,0,0,0,0,0,0,0,0,1,0
0,19.0,1,27.0,4.0,6,5,4,1,19.0,1.0,2.0,8.0,233.51,8.0,2.0,233.51,1.756,0,4.0,0,1,0,0,0,1,0,0,0,0,0,0,0,0,1,0,1
0,5.0,2,15.0,4.0,2,4,11,0,19.0,1.0,2.0,3.0,146.09,3.0,2.0,146.09,1.434,0,2.8,0,0,1,0,0,1,0,0,0,0,0,0,1,0,0,1,0
1,1.0,1,9.0,4.0,4,1,8,1,14.0,3.0,3.0,3.0,162.22,3.0,3.0,162.22,1.899,1,3.8,1,0,0,0,0,0,1,0,0,0,0,0,1,0,0,0,1
0,19.0,1,36.0,3.0,4,1,6,1,19.0,2.0,2.0,3.0,218.8,3.0,2.0,218.8,1.725,0,3.1,1,1,0,0,1,0,0,0,0,0,0,0,0,0,0,0,1
0,22.0,3,14.0,4.0,4,5,6,0,12.0,2.0,3.0,3.0,179.86,3.0,3.0,179.86,1.969,0,3.6,0,1,0,0,0,0,0,1,0,0,1,0,0,0,1,0,1
1,1.0,2,16.0,3.0,4,3,3,0,16.0,2.0,3.0,3.0,152.42,3.0,3.0,152.42,1.86,1,3.1,0,1,0,1,0,0,0,0,0,0,0,0,1,0,0,0,0
0,14.0,1,15.0,3.0,5,4,4,0,12.0,1.0,5.0,9.0,262.57,9.0,5.0,262.57,3.07,0,3.2,0,0,0,0,0,1,0,0,0,0,0,0,0,0,1,0,1
0,2.0,3,12.0,3.0,4,5,2,0,19.0,2.0,2.0,3.0,209.63,3.0,2.0,209.63,1.689,1,3.1,0,1,0,0,0,1,0,0,0,0,1,0,0,0,0,1,1
0,18.0,1,12.0,3.0,5,3,5,0,15.0,1.0,2.0,4.0,156.62,4.0,2.0,156.62,1.466,0,3.2,0,0,0,0,0,0,1,0,0,0,0,0,1,0,0,1,1
0,27.0,1,9.0,3.0,2,4,6,0,13.0,1.0,9.0,9.0,290.98,9.0,9.0,290.98,4.784,0,2.3,0,1,0,0,0,1,0,0,0,1,0,0,0,0,0,1,1
0,23.0,1,12.0,4.0,4,3,4,0,15.0,1.0,2.0,3.0,191.51,3.0,2.0,191.51,1.616,0,3.4,0,1,0,1,0,0,0,0,0,0,1,0,0,0,0,0,1
0,14.0,1,9.0,4.0,4,3,4,0,15.0,1.0,2.0,3.0,148.45,3.0,2.0,148.45,1.444,0,3.4,0,0,1,0,0,1,0,0,0,0,0,0,1,0,1,0,1
0,18.0,1,27.0,3.0,4,4,3,0,14.0,2.0,2.0,4.0,159.2,4.0,2.0,159.2,1.477,0,3.1,0,1,0,0,0,0,1,0,0,0,0,0,1,0,0,1,1
0,7.0,3,14.0,3.0,4,5,2,0,15.0,1.0,2.0,4.0,168.73,4.0,2.0,168.73,1.515,0,2.9,0,0,0,0,0,1,0,0,0,0,1,0,0,0,0,0,1
0,8.0,3,10.0,3.0,6,5,5,0,19.0,3.0,4.0,13.0,172.59,13.0,4.0,172.59,2.305,0,3.9,0,1,0,0,0,0,0,0,1,0,1,0,0,0,0,1,1
0,4.0,3,23.0,4.0,4,3,10,0,16.0,1.0,3.0,3.0,178.01,3.0,3.0,178.01,1.962,0,3.4,0,1,0,0,0,0,1,0,0,0,1,0,0,0,0,0,1
0,16.0,1,16.0,4.0,4,1,3,0,14.0,5.0,6.0,9.0,161.73,9.0,6.0,161.73,3.067,0,4.2,0,0,0,0,0,1,0,0,0,0,0,0,1,0,0,1,0
0,18.0,3,7.0,4.0,4,3,9,0,13.0,2.0,2.0,1.0,172.68,1.0,2.0,172.68,1.591,0,3.6,0,0,0,0,0,0,0,1,0,0,1,0,0,0,0,0,0
0,4.0,1,14.0,4.0,4,3,3,0,14.0,1.0,2.0,1.0,137.74,1.0,2.0,137.74,1.451,0,3.4,0,0,0,1,0,0,0,0,0,0,0,0,1,0,1,0,1
0,51.0,1,7.0,4.0,2,3,2,0,25.0,2.0,3.0,9.0,174.0,9.0,3.0,174.0,1.916,0,3.0,0,1,0,0,0,0,1,0,0,0,1,0,0,0,0,0,1
0,23.0,1,14.0,3.0,4,4,5,0,15.0,1.0,2.0,3.0,229.66,3.0,2.0,229.66,1.769,0,2.9,0,1,0,0,0,0,1,0,0,0,0,0,0,0,1,0,1
0,8.0,1,22.0,4.0,4,5,9,0,15.0,3.0,7.0,10.0,295.07,10.0,7.0,295.07,3.998,0,3.8,0,0,0,0,0,1,0,0,0,1,0,0,0,0,1,0,1
1,1.0,3,7.0,4.0,4,3,5,0,16.0,2.0,2.0,3.0,154.09,3.0,2.0,154.09,1.466,1,3.6,0,0,0,1,0,0,0,0,0,0,0,0,1,0,0,0,1
1,1.0,3,20.0,3.0,4,4,7,0,12.0,1.0,2.0,1.0,182.65,1.0,2.0,182.65,1.631,1,2.9,0,0,0,1,0,0,0,0,0,0,1,0,0,0,0,1,0
1,1.0,3,31.0,3.0,5,4,2,1,24.0,3.0,11.0,11.0,170.99,11.0,11.0,170.99,5.101,1,3.6,0,1,0,0,0,1,0,0,0,0,1,0,0,0,0,1,0
0,9.0,3,14.0,4.0,4,3,3,0,14.0,2.0,2.0,1.0,149.04,1.0,2.0,149.04,1.496,0,3.6,0,0,1,0,0,0,1,0,0,0,0,0,1,0,0,0,1
1,1.0,1,16.0,3.0,4,5,4,1,12.0,1.0,2.0,1.0,156.72,1.0,2.0,156.72,1.527,1,2.9,0,0,0,0,0,1,0,0,0,0,0,0,1,0,0,1,1
0,1.0,3,20.0,4.0,4,4,3,0,14.0,1.0,2.0,1.0,145.33,1.0,2.0,145.33,1.481,1,3.4,0,0,0,0,0,0,1,0,0,0,0,0,1,0,0,0,0
0,18.0,1,9.0,3.0,4,3,7,1,19.0,1.0,3.0,3.0,227.09,3.0,3.0,227.09,2.158,0,2.9,0,0,0,0,0,1,0,0,0,0,0,0,0,0,0,1,1
0,3.0,3,26.0,4.0,5,3,3,0,15.0,2.0,2.0,3.0,211.2,3.0,2.0,211.2,1.695,0,3.9,0,1,0,0,0,0,1,0,0,0,1,0,0,0,1,0,1
0,4.0,2,7.0,3.0,4,3,2,0,22.0,1.0,2.0,4.0,145.64,4.0,2.0,145.64,1.423,0,2.9,0,0,1,0,0,0,1,0,0,0,0,0,1,0,1,0,1
0,29.0,1,11.0,2.0,4,3,2,1,17.0,1.0,2.0,3.0,165.35,3.0,2.0,165.35,1.511,0,2.4,0,1,0,0,0,0,1,0,0,0,1,0,0,0,0,0,1
0,7.0,1,11.0,3.0,5,4,10,0,12.0,1.0,2.0,3.0,163.38,3.0,2.0,163.38,1.504,0,3.2,0,1,0,0,0,1,0,0,0,0,0,0,1,0,0,0,0
0,21.0,3,21.0,4.0,4,3,5,1,18.0,2.0,2.0,3.0,170.91,3.0,2.0,170.91,1.534,0,3.6,0,1,0,0,0,1,0,0,0,0,1,0,0,0,0,0,0
1,1.0,1,9.0,3.0,5,5,9,0,12.0,1.0,2.0,1.0,150.61,1.0,2.0,150.61,1.502,1,3.2,0,0,0,0,0,1,0,0,0,0,0,0,1,0,0,1,1
0,2.0,1,7.0,4.0,5,3,3,0,15.0,1.0,2.0,1.0,140.63,1.0,2.0,140.63,1.463,1,3.7,0,0,1,0,0,0,1,0,0,0,0,0,1,0,1,0,1
0,2.0,3,14.0,3.0,4,5,2,0,15.0,2.0,2.0,4.0,173.98,4.0,2.0,173.98,1.536,1,3.1,0,0,0,0,0,0,1,0,0,0,1,0,0,0,0,1,1
0,23.0,1,10.0,3.0,5,5,6,0,26.0,2.0,2.0,3.0,172.89,3.0,2.0,172.89,1.542,0,3.4,0,1,0,0,0,1,0,0,0,0,1,0,0,0,0,0,0
0,3.0,1,9.0,4.0,4,4,2,0,14.0,1.0,2.0,3.0,156.8,3.0,2.0,156.8,1.477,0,3.4,0,0,0,0,0,0,1,0,0,0,0,0,1,0,0,0,0
0,2.0,1,36.0,4.0,6,4,3,0,15.0,2.0,2.0,8.0,190.49,8.0,2.0,190.49,1.584,1,4.2,0,1,0,0,0,0,1,0,0,0,1,0,0,0,0,0,1
0,7.0,1,15.0,4.0,4,3,4,1,18.0,1.0,2.0,1.0,188.88,1.0,2.0,188.88,1.656,0,3.4,0,1,0,0,0,0,1,0,0,0,1,0,0,0,0,1,1
0,6.0,1,17.0,1.0,4,1,4,0,26.0,1.0,2.0,1.0,237.44,1.0,2.0,237.44,1.85,0,1.9,0,1,0,0,0,1,0,0,0,0,0,0,0,0,0,1,1
0,28.0,1,18.0,3.0,4,1,5,0,21.0,1.0,2.0,13.0,285.32,13.0,2.0,285.32,1.956,0,2.9,0,0,0,0,0,1,0,0,0,1,0,0,0,0,1,0,0
1,1.0,1,7.0,4.0,5,5,8,0,14.0,1.0,2.0,8.0,148.62,8.0,2.0,148.62,1.417,1,3.7,0,0,1,1,0,0,0,0,0,0,0,0,1,0,0,1,1
0,18.0,1,35.0,3.0,4,5,5,0,14.0,1.0,15.0,18.0,288.28,18.0,15.0,288.28,7.164,0,2.9,0,1,0,0,0,0,1,0,0,1,0,0,0,0,0,0,1
0,13.0,1,13.0,3.0,4,4,6,0,19.0,1.0,3.0,3.0,208.76,3.0,3.0,208.76,2.085,0,2.9,0,1,0,0,0,0,1,0,0,0,0,0,0,0,0,1,0
0,20.0,3,10.0,3.0,4,4,10,0,13.0,1.0,6.0,2.0,291.06,2.0,6.0,291.06,3.631,0,2.9,0,1,0,0,0,0,1,0,0,1,0,0,0,0,0,0,0
0,9.0,1,23.0,4.0,5,4,3,0,20.0,2.0,4.0,3.0,211.06,3.0,4.0,211.06,2.494,0,3.9,0,1,0,0,0,0,1,0,0,0,0,0,0,0,0,1,0
0,1.0,1,27.0,4.0,4,3,2,0,15.0,2.0,2.0,3.0,147.72,3.0,2.0,147.72,1.441,1,3.6,0,0,1,0,0,0,1,0,0,0,1,0,0,0,0,1,1
1,4.0,1,16.0,3.0,4,5,5,0,15.0,2.0,2.0,1.0,145.18,1.0,2.0,145.18,1.481,0,3.1,0,0,1,0,0,0,1,0,0,0,0,0,1,0,0,1,1
0,8.0,3,7.0,4.0,5,3,3,1,15.0,8.0,9.0,7.0,195.83,7.0,9.0,195.83,4.408,0,5.1,0,1,0,0,1,0,0,0,0,0,0,0,0,0,0,0,1
1,1.0,1,10.0,3.0,4,3,3,0,13.0,7.0,8.0,8.0,165.84,8.0,8.0,165.84,3.886,1,4.1,0,0,0,0,0,0,1,0,0,0,0,0,1,0,0,1,0
0,24.0,1,29.0,3.0,6,1,3,1,14.0,1.0,14.0,10.0,269.11,10.0,14.0,269.11,6.695,0,3.5,1,0,0,0,0,1,0,0,0,1,0,0,0,0,0,1,1
0,8.0,3,14.0,3.0,4,3,2,1,26.0,1.0,6.0,8.0,148.08,8.0,6.0,148.08,3.015,0,2.9,0,0,1,1,0,0,0,0,0,0,0,0,1,0,1,0,1
0,16.0,1,9.0,4.0,5,4,6,0,15.0,2.0,2.0,1.0,173.41,1.0,2.0,173.41,1.594,0,3.9,0,1,0,0,0,1,0,0,0,0,0,0,1,0,1,0,1
0,11.0,1,20.0,3.0,4,1,3,0,18.0,1.0,4.0,8.0,167.85,8.0,4.0,167.85,2.294,0,2.9,0,1,0,0,0,1,0,0,0,0,1,0,0,0,1,0,1
0,3.0,1,15.0,3.0,6,5,5,0,14.0,1.0,2.0,3.0,222.15,3.0,2.0,222.15,1.739,0,3.5,0,1,0,0,0,0,0,0,1,0,1,0,0,0,1,0,0
0,7.0,1,32.0,3.0,5,4,3,0,14.0,1.0,2.0,3.0,168.2,3.0,2.0,168.2,1.523,0,3.2,0,1,0,0,0,0,1,0,0,0,1,0,0,0,0,1,1
0,19.0,1,35.0,4.0,4,1,6,0,21.0,2.0,2.0,4.0,146.32,4.0,2.0,146.32,1.425,0,3.6,0,0,1,1,0,0,0,0,0,0,0,0,1,0,1,0,1
0,16.0,1,9.0,3.0,4,1,4,1,15.0,13.0,14.0,3.0,226.24,3.0,14.0,226.24,6.555,0,5.3,1,0,0,0,0,0,1,0,0,0,0,0,0,0,1,0,1
0,14.0,3,16.0,3.0,4,5,2,0,13.0,3.0,8.0,2.0,179.73,2.0,8.0,179.73,3.986,0,3.3,0,1,0,0,0,1,0,0,0,0,1,0,0,0,1,0,1
0,7.0,1,35.0,4.0,4,3,3,1,13.0,2.0,6.0,8.0,177.07,8.0,6.0,177.07,3.131,0,3.6,0,1,0,0,0,0,1,0,0,0,1,0,0,0,1,0,1
0,14.0,2,13.0,3.0,4,1,3,1,22.0,1.0,8.0,8.0,289.37,8.0,8.0,289.37,4.38,0,2.9,1,1,0,0,0,1,0,0,0,1,0,0,0,0,0,1,1
0,1.0,1,28.0,3.0,5,5,2,0,15.0,1.0,2.0,1.0,147.96,1.0,2.0,147.96,1.492,1,3.2,0,0,1,1,0,0,0,0,0,0,0,0,1,0,1,0,1
0,14.0,1,15.0,4.0,4,1,5,1,19.0,3.0,3.0,3.0,165.69,3.0,3.0,165.69,1.913,0,3.8,1,0,0,0,0,0,1,0,0,0,1,0,0,0,1,0,1
0,19.0,1,7.0,4.0,4,4,3,0,13.0,7.0,8.0,8.0,199.41,8.0,8.0,199.41,4.02,0,4.6,0,1,0,0,1,0,0,0,0,0,0,0,0,0,1,0,1
0,9.0,3,7.0,4.0,5,3,2,0,24.0,3.0,5.0,3.0,149.3,3.0,5.0,149.3,2.647,0,4.1,0,0,1,0,0,0,1,0,0,0,0,0,1,0,1,0,0
0,6.0,1,12.0,4.0,5,4,5,0,13.0,2.0,3.0,6.0,183.78,6.0,3.0,183.78,1.964,0,3.9,0,1,0,0,0,0,1,0,0,0,1,0,0,0,1,0,0
0,10.0,3,9.0,4.0,4,1,5,1,22.0,1.0,2.0,3.0,151.44,3.0,2.0,151.44,1.456,0,3.4,1,1,0,0,0,0,1,0,0,0,0,0,1,0,0,1,1
0,22.0,3,23.0,4.0,4,3,10,0,15.0,2.0,8.0,8.0,189.39,8.0,8.0,189.39,3.98,0,3.6,0,1,0,0,0,0,1,0,0,0,1,0,0,0,1,0,0
0,3.0,1,16.0,4.0,2,3,8,0,19.0,2.0,2.0,1.0,149.51,1.0,2.0,149.51,1.498,0,3.0,0,1,0,0,0,0,1,0,0,0,0,0,1,0,1,0,1
0,7.0,3,15.0,3.0,4,5,4,0,14.0,3.0,3.0,3.0,188.92,3.0,3.0,188.92,2.006,0,3.3,0,1,0,0,0,0,1,0,0,0,1,0,0,0,1,0,1
1,1.0,3,7.0,4.0,5,5,3,0,12.0,4.0,7.0,3.0,222.14,3.0,7.0,222.14,3.739,1,4.3,0,1,0,0,0,0,1,0,0,0,1,0,0,0,1,0,1
0,12.0,2,17.0,4.0,4,3,5,0,12.0,1.0,2.0,3.0,185.77,3.0,2.0,185.77,1.593,0,3.4,0,0,0,0,0,0,0,0,1,0,1,0,0,0,1,0,1
0,9.0,1,7.0,4.0,5,5,3,0,20.0,1.0,2.0,3.0,149.5,3.0,2.0,149.5,1.448,0,3.7,0,0,1,0,0,1,0,0,0,0,0,0,1,0,0,1,1
0,4.0,3,36.0,3.0,4,4,5,0,13.0,1.0,2.0,3.0,217.5,3.0,2.0,217.5,1.72,0,2.9,0,1,0,0,1,0,0,0,0,0,0,0,0,0,1,0,1
1,1.0,1,9.0,4.0,4,5,3,1,13.0,2.0,2.0,1.0,145.74,1.0,2.0,145.74,1.483,1,3.6,0,0,1,0,0,0,1,0,0,0,0,0,1,0,1,0,0
1,17.0,1,9.0,4.0,5,1,2,0,17.0,2.0,2.0,3.0,226.69,3.0,2.0,226.69,1.757,0,3.9,0,1,0,0,1,0,0,0,0,0,0,0,0,0,1,0,0
1,2.0,1,9.0,3.0,4,4,6,0,12.0,1.0,2.0,5.0,173.55,5.0,2.0,173.55,1.528,1,2.9,0,1,0,0,0,1,0,0,0,0,1,0,0,0,1,0,1
0,6.0,1,7.0,4.0,4,5,6,0,15.0,2.0,2.0,3.0,165.87,3.0,2.0,165.87,1.513,0,3.6,0,0,0,1,0,0,0,0,0,0,1,0,0,0,1,0,1
0,22.0,1,22.0,4.0,4,5,10,0,13.0,8.0,8.0,7.0,148.67,7.0,8.0,148.67,3.82,0,4.8,0,0,1,0,0,0,0,0,1,0,0,0,1,0,1,0,0
0,8.0,1,14.0,3.0,4,1,3,0,14.0,1.0,2.0,1.0,154.72,1.0,2.0,154.72,1.519,0,2.9,0,1,0,0,0,1,0,0,0,0,0,0,1,0,0,1,1
0,29.0,3,33.0,3.0,5,1,3,0,15.0,3.0,3.0,14.0,320.86,14.0,3.0,320.86,2.497,0,3.6,0,1,0,0,0,0,0,1,0,0,0,0,0,1,1,0,1
0,8.0,1,7.0,3.0,4,1,11,0,18.0,2.0,3.0,2.0,179.84,2.0,3.0,179.84,1.986,0,3.1,0,1,0,0,0,0,1,0,0,0,1,0,0,0,1,0,1
0,1.0,1,10.0,3.0,4,1,3,0,22.0,2.0,2.0,1.0,145.61,1.0,2.0,145.61,1.482,1,3.1,0,0,1,0,0,0,1,0,0,0,0,0,1,0,1,0,0
0,12.0,3,21.0,4.0,4,4,2,0,12.0,6.0,8.0,3.0,224.24,3.0,8.0,224.24,4.147,0,4.4,0,1,0,0,0,0,1,0,0,0,1,0,0,0,1,0,1
0,12.0,3,23.0,3.0,4,4,4,0,13.0,1.0,2.0,3.0,166.98,3.0,2.0,166.98,1.518,0,2.9,0,1,0,0,0,0,1,0,0,0,1,0,0,0,0,1,0
0,10.0,3,7.0,4.0,4,3,8,0,14.0,2.0,2.0,1.0,193.15,1.0,2.0,193.15,1.673,0,3.6,0,1,0,0,0,0,1,0,0,0,1,0,0,0,0,1,0
0,3.0,1,10.0,3.0,4,5,3,1,19.0,1.0,2.0,6.0,172.23,6.0,2.0,172.23,1.517,0,2.9,0,1,0,0,0,1,0,0,0,0,0,0,1,0,0,1,1
0,9.0,1,17.0,3.0,4,3,5,1,17.0,2.0,2.0,5.0,186.42,5.0,2.0,186.42,1.579,0,3.1,0,1,0,0,0,1,0,0,0,0,1,0,0,0,0,1,0
0,13.0,3,13.0,3.0,2,3,4,0,12.0,5.0,8.0,7.0,207.37,7.0,8.0,207.37,4.054,0,3.1,0,1,0,0,0,1,0,0,0,0,0,0,0,0,1,0,1
0,3.0,1,9.0,3.0,4,1,3,0,20.0,1.0,2.0,3.0,213.53,3.0,2.0,213.53,1.704,0,2.9,0,0,0,0,0,0,1,0,0,0,1,0,0,0,1,0,1
0,24.0,3,6.0,3.0,4,3,6,1,15.0,1.0,2.0,1.0,318.31,1.0,2.0,318.31,2.173,0,2.9,0,1,0,0,0,0,0,1,0,0,0,0,0,1,1,0,1
0,1.0,1,17.0,3.0,2,3,4,0,17.0,3.0,3.0,3.0,145.73,3.0,3.0,145.73,1.833,1,2.7,0,0,1,1,0,0,0,0,0,0,0,0,1,0,1,0,1
0,10.0,1,13.0,4.0,2,5,5,1,14.0,2.0,2.0,3.0,180.62,3.0,2.0,180.62,1.572,0,3.0,0,0,0,0,0,0,1,0,0,0,1,0,0,0,1,0,1
0,16.0,1,16.0,4.0,5,1,10,0,15.0,2.0,2.0,2.0,321.13,2.0,2.0,321.13,2.151,0,3.9,0,1,0,0,0,0,0,0,1,0,0,0,0,1,0,1,1
0,9.0,1,35.0,3.0,2,3,3,0,18.0,6.0,7.0,9.0,159.07,9.0,7.0,159.07,3.456,0,3.3,0,1,0,0,0,0,1,0,0,0,1,0,0,0,1,0,1
0,8.0,1,17.0,4.0,5,3,3,0,15.0,3.0,8.0,8.0,175.63,8.0,8.0,175.63,3.925,0,4.1,0,0,0,1,0,0,0,0,0,0,1,0,0,0,1,0,1
0,14.0,3,21.0,3.0,4,5,3,0,16.0,1.0,2.0,3.0,171.39,3.0,2.0,171.39,1.536,0,2.9,0,1,0,0,0,0,1,0,0,0,1,0,0,0,1,0,0
0,17.0,1,34.0,3.0,2,4,7,0,13.0,2.0,2.0,3.0,173.76,3.0,2.0,173.76,1.545,0,2.5,0,1,0,1,0,0,0,0,0,0,0,0,1,0,1,0,1
0,9.0,1,14.0,4.0,5,1,3,0,19.0,2.0,2.0,2.0,151.9,2.0,2.0,151.9,1.474,0,3.9,0,1,0,0,0,0,1,0,0,0,0,0,1,0,1,0,1
0,20.0,3,7.0,3.0,2,5,3,0,15.0,2.0,2.0,13.0,300.67,13.0,2.0,300.67,2.017,0,2.5,0,1,0,0,0,0,1,0,0,1,0,0,0,0,0,1,1
1,1.0,1,31.0,3.0,4,4,3,1,18.0,1.0,2.0,1.0,149.08,1.0,2.0,149.08,1.496,1,2.9,0,0,1,0,0,1,0,0,0,0,0,0,1,0,1,0,1
0,1.0,1,33.0,3.0,5,3,3,1,15.0,1.0,2.0,4.0,153.14,4.0,2.0,153.14,1.453,1,3.2,0,0,0,0,0,0,0,0,1,0,0,0,1,0,1,0,0
0,24.0,1,27.0,3.0,4,3,4,1,16.0,4.0,2.0,14.0,237.45,14.0,2.0,237.45,1.763,0,3.5,0,0,0,0,0,1,0,0,0,1,0,0,0,0,1,0,1
0,6.0,1,12.0,3.0,2,1,5,0,18.0,2.0,2.0,3.0,158.12,3.0,2.0,158.12,1.482,0,2.5,0,1,0,0,0,0,0,0,1,0,0,0,1,0,1,0,0
0,18.0,1,14.0,3.0,4,1,2,1,15.0,2.0,2.0,11.0,315.49,11.0,2.0,315.49,2.079,0,3.1,1,1,0,0,0,1,0,0,0,0,0,0,0,1,1,0,0
0,4.0,1,14.0,3.0,5,4,3,0,13.0,1.0,2.0,2.0,146.41,2.0,2.0,146.41,1.452,0,3.2,0,0,1,0,0,1,0,0,0,0,0,0,1,0,1,0,1
0,19.0,1,12.0,3.0,6,5,3,1,15.0,2.0,2.0,5.0,182.69,5.0,2.0,182.69,1.564,0,3.7,0,1,0,0,0,1,0,0,0,0,1,0,0,0,0,1,0
0,19.0,3,33.0,3.0,5,5,3,0,16.0,1.0,5.0,6.0,168.85,6.0,5.0,168.85,2.704,0,3.2,0,0,0,0,0,0,0,1,0,0,1,0,0,0,1,0,1
0,5.0,3,9.0,3.0,4,5,9,0,14.0,1.0,2.0,4.0,178.32,4.0,2.0,178.32,1.553,0,2.9,0,0,0,0,0,0,0,0,1,0,1,0,0,0,0,1,1
0,10.0,1,19.0,4.0,4,3,11,1,13.0,1.0,2.0,2.0,171.63,2.0,2.0,171.63,1.553,0,3.4,0,1,0,0,0,0,1,0,0,0,1,0,0,0,1,0,0
0,8.0,1,17.0,3.0,2,1,3,0,14.0,6.0,8.0,3.0,172.24,3.0,8.0,172.24,3.939,0,3.3,0,0,0,0,0,0,1,0,0,0,1,0,0,0,1,0,1
0,23.0,1,32.0,3.0,4,5,3,0,15.0,1.0,2.0,5.0,157.11,5.0,2.0,157.11,1.462,0,2.9,0,1,0,0,0,0,1,0,0,0,0,0,1,0,1,0,0
0,13.0,1,17.0,4.0,4,5,4,0,14.0,5.0,8.0,8.0,178.77,8.0,8.0,178.77,3.937,0,4.2,0,1,0,0,0,1,0,0,0,0,1,0,0,0,1,0,1
0,1.0,1,26.0,4.0,5,5,3,0,12.0,1.0,2.0,8.0,165.66,8.0,2.0,165.66,1.485,1,3.7,0,1,0,0,0,0,0,0,1,0,0,0,1,0,1,0,1
0,9.0,1,25.0,3.0,2,5,3,0,12.0,1.0,2.0,11.0,177.08,11.0,2.0,177.08,1.525,0,2.3,0,1,0,0,0,0,1,0,0,0,1,0,0,0,1,0,1
0,2.0,1,34.0,3.0,6,5,2,0,22.0,2.0,2.0,1.0,25.0,1.0,2.0,25.0,1.0,1,3.7,0,1,0,0,0,1,0,0,0,0,1,0,0,0,1,0,0
0,1.0,1,12.0,4.0,4,1,3,0,19.0,2.0,3.0,3.0,156.17,3.0,3.0,156.17,1.875,1,3.6,0,1,0,0,0,1,0,0,0,0,0,0,1,0,0,1,1
1,1.0,3,10.0,4.0,4,1,3,1,13.0,1.0,2.0,1.0,140.69,1.0,2.0,140.69,1.463,1,3.4,1,0,0,0,0,1,0,0,0,0,0,0,1,0,0,1,0
0,21.0,2,33.0,4.0,4,3,5,0,15.0,2.0,2.0,1.0,321.58,1.0,2.0,321.58,2.186,0,3.6,0,1,0,0,0,0,1,0,0,0,0,0,0,1,1,0,0
0,13.0,1,10.0,4.0,5,3,2,0,16.0,1.0,2.0,8.0,155.69,8.0,2.0,155.69,1.445,0,3.7,0,1,0,0,0,1,0,0,0,0,1,0,0,0,1,0,1
0,14.0,1,22.0,4.0,5,3,3,0,14.0,2.0,15.0,3.0,229.35,3.0,15.0,229.35,6.967,0,3.9,0,1,0,0,0,0,1,0,0,0,0,0,0,0,1,0,0
0,9.0,1,15.0,3.0,4,3,3,0,13.0,3.0,3.0,10.0,166.48,10.0,3.0,166.48,1.884,0,3.3,0,0,0,0,0,0,1,0,0,0,1,0,0,0,1,0,0
0,11.0,1,26.0,3.0,4,3,5,0,18.0,1.0,2.0,3.0,182.68,3.0,2.0,182.68,1.581,0,2.9,0,1,0,0,0,0,1,0,0,0,1,0,0,0,1,0,1
0,13.0,1,11.0,3.0,4,3,2,0,14.0,4.0,4.0,9.0,175.42,9.0,4.0,175.42,2.322,0,3.5,0,0,0,0,0,1,0,0,0,0,1,0,0,0,0,1,0
0,19.0,1,9.0,3.0,5,1,3,0,20.0,3.0,4.0,10.0,182.7,10.0,4.0,182.7,2.349,0,3.6,0,1,0,0,0,0,0,0,1,0,1,0,0,0,1,0,0
0,12.0,1,9.0,3.0,5,3,5,1,20.0,2.0,2.0,3.0,202.56,3.0,2.0,202.56,1.66,0,3.4,0,1,0,0,0,1,0,0,0,0,0,0,0,0,1,0,0
1,1.0,3,17.0,3.0,5,5,11,0,18.0,5.0,7.0,3.0,228.06,3.0,7.0,228.06,3.762,1,4.0,0,1,0,0,0,1,0,0,0,0,0,0,0,0,1,0,1
0,11.0,1,17.0,4.0,4,4,3,0,12.0,2.0,8.0,8.0,164.36,8.0,8.0,164.36,3.88,0,3.6,0,1,0,0,0,1,0,0,0,0,0,0,1,0,1,0,0
0,14.0,1,23.0,3.0,4,1,8,1,16.0,2.0,4.0,4.0,204.45,4.0,4.0,204.45,2.458,0,3.1,1,1,0,0,0,0,1,0,0,0,0,0,0,0,0,1,0
0,18.0,2,7.0,3.0,4,1,6,1,12.0,2.0,2.0,3.0,182.43,3.0,2.0,182.43,1.58,0,3.1,1,0,0,0,0,0,0,0,1,0,1,0,0,0,1,0,1
0,22.0,1,11.0,3.0,5,1,4,0,26.0,1.0,3.0,3.0,277.02,3.0,3.0,277.02,2.358,0,3.2,0,0,0,0,0,1,0,0,0,1,0,0,0,0,1,0,1
1,1.0,3,22.0,3.0,6,1,8,1,15.0,2.0,3.0,3.0,179.4,3.0,3.0,179.4,1.968,1,3.7,1,1,0,0,0,1,0,0,0,0,1,0,0,0,1,0,1
0,1.0,1,9.0,3.0,4,1,3,1,14.0,2.0,2.0,4.0,162.6,4.0,2.0,162.6,1.49,1,3.1,1,0,0,1,0,0,0,0,0,0,0,0,1,0,0,1,0
0,1.0,1,15.0,3.0,2,3,9,0,18.0,1.0,2.0,3.0,160.17,3.0,2.0,160.17,1.491,1,2.3,0,1,0,0,0,1,0,0,0,0,0,0,1,0,1,0,0
0,1.0,1,9.0,3.0,4,1,4,0,14.0,1.0,2.0,3.0,150.8,3.0,2.0,150.8,1.453,1,2.9,0,0,0,0,0,1,0,0,0,0,0,0,1,0,0,1,1
1,4.0,1,14.0,4.0,4,5,5,1,15.0,1.0,2.0,4.0,146.66,4.0,2.0,146.66,1.427,0,3.4,0,0,1,0,0,0,1,0,0,0,0,0,1,0,0,1,1
0,3.0,3,17.0,3.0,5,3,11,0,12.0,2.0,2.0,5.0,183.69,5.0,2.0,183.69,1.568,0,3.4,0,1,0,0,0,1,0,0,0,0,1,0,0,0,0,1,1
0,10.0,1,12.0,3.0,4,5,6,0,13.0,2.0,2.0,3.0,205.08,3.0,2.0,205.08,1.67,0,3.1,0,1,0,0,0,0,1,0,0,0,0,0,0,0,1,0,0
0,1.0,1,9.0,4.0,2,3,3,0,18.0,1.0,2.0,8.0,177.06,8.0,2.0,177.06,1.53,1,2.8,0,0,0,0,0,0,1,0,0,0,1,0,0,0,1,0,1
0,13.0,1,19.0,4.0,4,4,6,0,22.0,2.0,2.0,1.0,177.95,1.0,2.0,177.95,1.612,0,3.6,0,1,0,0,0,1,0,0,0,0,1,0,0,0,1,0,1
0,23.0,1,29.0,4.0,4,4,5,0,17.0,1.0,2.0,3.0,289.13,3.0,2.0,289.13,2.007,0,3.4,0,1,0,0,0,0,0,0,1,1,0,0,0,0,1,0,0
0,24.0,1,24.0,3.0,5,5,7,0,16.0,2.0,2.0,12.0,257.69,12.0,2.0,257.69,1.846,0,3.4,0,1,0,0,0,0,1,0,0,0,0,0,0,0,1,0,0
0,1.0,3,9.0,3.0,4,3,3,0,20.0,1.0,3.0,3.0,152.83,3.0,3.0,152.83,1.861,1,2.9,0,1,0,0,0,1,0,0,0,0,0,0,1,0,0,1,0
0,8.0,1,10.0,4.0,4,4,3,0,13.0,8.0,8.0,10.0,179.33,10.0,8.0,179.33,3.936,0,4.8,0,1,0,0,0,0,1,0,0,0,1,0,0,0,1,0,0
0,10.0,1,14.0,4.0,4,4,4,0,12.0,1.0,2.0,4.0,145.13,4.0,2.0,145.13,1.421,0,3.4,0,0,1,0,0,0,1,0,0,0,0,0,1,0,0,1,1
0,23.0,1,13.0,3.0,5,3,4,1,20.0,1.0,3.0,13.0,264.66,13.0,3.0,264.66,2.273,0,3.2,0,1,0,0,0,0,1,0,0,1,0,0,0,0,1,0,0
0,10.0,1,7.0,3.0,5,3,2,0,16.0,2.0,2.0,3.0,168.74,3.0,2.0,168.74,1.525,0,3.4,0,0,0,0,0,1,0,0,0,0,1,0,0,0,1,0,0
0,10.0,1,10.0,4.0,2,5,8,0,21.0,2.0,2.0,5.0,193.42,5.0,2.0,193.42,1.607,0,3.0,0,1,0,0,0,0,1,0,0,0,1,0,0,0,1,0,1
0,28.0,1,29.0,4.0,4,3,5,0,15.0,3.0,5.0,8.0,299.26,8.0,5.0,299.26,3.219,0,3.8,0,1,0,0,0,1,0,0,0,1,0,0,0,0,1,0,0
0,17.0,1,22.0,4.0,5,3,3,0,15.0,5.0,7.0,12.0,301.03,12.0,7.0,301.03,4.02,0,4.5,0,1,0,0,0,0,1,0,0,1,0,0,0,0,1,0,1
1,1.0,3,19.0,3.0,4,1,5,1,25.0,4.0,7.0,8.0,170.81,8.0,7.0,170.81,3.505,1,3.5,1,0,0,0,0,0,0,0,1,0,1,0,0,0,0,1,1
0,12.0,1,7.0,3.0,4,1,9,0,16.0,3.0,3.0,10.0,172.35,10.0,3.0,172.35,1.908,0,3.3,0,0,0,0,0,0,1,0,0,0,1,0,0,0,1,0,1
0,3.0,3,12.0,3.0,5,4,3,1,14.0,1.0,2.0,10.0,166.87,10.0,2.0,166.87,1.486,0,3.2,0,1,0,0,0,1,0,0,0,0,1,0,0,0,1,0,1
0,7.0,3,9.0,4.0,4,1,3,0,15.0,2.0,2.0,5.0,180.05,5.0,2.0,180.05,1.554,0,3.6,0,1,0,0,0,1,0,0,0,0,1,0,0,0,1,0,1
0,6.0,1,9.0,3.0,4,4,2,0,14.0,1.0,2.0,7.0,179.7,7.0,2.0,179.7,1.544,0,2.9,0,1,0,0,0,1,0,0,0,0,1,0,0,0,1,0,1
0,5.0,3,12.0,4.0,4,1,3,0,12.0,1.0,2.0,3.0,179.76,3.0,2.0,179.76,1.569,0,3.4,0,1,0,0,0,0,1,0,0,0,1,0,0,0,1,0,0
0,23.0,1,23.0,4.0,4,5,6,1,17.0,2.0,3.0,3.0,150.87,3.0,3.0,150.87,1.853,0,3.6,0,1,0,0,0,1,0,0,0,0,0,0,1,0,1,0,0
0,12.0,1,9.0,3.0,5,4,3,0,23.0,2.0,4.0,4.0,149.4,4.0,4.0,149.4,2.238,0,3.4,0,0,0,0,0,1,0,0,0,0,0,0,1,0,0,1,0
0,21.0,3,9.0,3.0,2,4,8,0,15.0,1.0,2.0,3.0,284.72,3.0,2.0,284.72,1.989,0,2.3,0,1,0,0,0,0,1,0,0,1,0,0,0,0,1,0,0
0,23.0,1,7.0,3.0,4,3,6,0,15.0,1.0,2.0,1.0,278.79,1.0,2.0,278.79,2.015,0,2.9,0,1,0,0,0,0,1,0,0,1,0,0,0,0,0,1,1
0,15.0,3,30.0,4.0,4,3,5,1,17.0,1.0,2.0,3.0,195.82,3.0,2.0,195.82,1.633,0,3.4,0,1,0,0,0,0,1,0,0,0,0,0,0,0,0,1,1
0,1.0,3,16.0,3.0,4,5,3,0,12.0,1.0,2.0,3.0,152.28,3.0,2.0,152.28,1.459,1,2.9,0,1,0,0,0,0,1,0,0,0,0,0,1,0,0,1,1
0,7.0,3,23.0,3.0,4,1,3,1,26.0,1.0,2.0,3.0,178.68,3.0,2.0,178.68,1.565,0,2.9,1,0,0,0,0,0,1,0,0,0,1,0,0,0,1,0,0
0,10.0,1,33.0,4.0,4,3,8,0,15.0,2.0,2.0,3.0,178.47,3.0,2.0,178.47,1.564,0,3.6,0,1,0,0,0,0,1,0,0,0,1,0,0,0,1,0,1
0,18.0,2,7.0,3.0,4,1,6,1,19.0,3.0,3.0,3.0,156.95,3.0,3.0,156.95,1.878,0,3.3,1,1,0,0,0,0,1,0,0,0,0,0,1,0,1,0,0
1,1.0,1,15.0,4.0,5,3,3,1,12.0,2.0,2.0,3.0,164.89,3.0,2.0,164.89,1.51,1,3.9,0,1,0,0,0,1,0,0,0,0,0,0,1,0,0,1,1
0,12.0,1,11.0,3.0,4,3,9,0,20.0,1.0,2.0,1.0,158.06,1.0,2.0,158.06,1.532,0,2.9,0,1,0,0,0,1,0,0,0,0,0,0,1,0,1,0,0
0,27.0,1,31.0,3.0,2,1,5,0,16.0,1.0,2.0,3.0,195.05,3.0,2.0,195.05,1.63,0,2.3,0,1,0,0,0,1,0,0,0,0,0,0,0,0,1,0,1
1,12.0,3,14.0,4.0,4,3,4,1,12.0,5.0,8.0,8.0,151.55,8.0,8.0,151.55,3.828,0,4.2,0,0,0,0,0,1,0,0,0,0,0,0,1,0,1,0,0
1,1.0,1,9.0,4.0,4,4,3,0,13.0,2.0,2.0,1.0,138.93,1.0,2.0,138.93,1.456,1,3.6,0,0,1,0,0,0,1,0,0,0,0,0,1,0,0,1,1
0,1.0,1,14.0,4.0,4,1,3,0,21.0,6.0,6.0,8.0,150.7,8.0,6.0,150.7,3.025,1,4.4,0,0,0,0,0,1,0,0,0,0,0,0,1,0,0,1,1
0,29.0,1,29.0,4.0,5,4,7,0,13.0,2.0,2.0,3.0,160.37,3.0,2.0,160.37,1.491,0,3.9,0,1,0,1,0,0,0,0,0,0,0,0,1,0,1,0,1
0,8.0,1,12.0,3.0,5,1,3,0,15.0,5.0,5.0,14.0,164.86,14.0,5.0,164.86,2.673,0,4.0,0,1,0,0,0,1,0,0,0,0,1,0,0,0,1,0,1
0,31.0,1,7.0,4.0,6,1,5,0,21.0,1.0,2.0,1.0,233.82999999999998,1.0,2.0,233.82999999999998,1.835,0,4.0,0,1,0,0,0,1,0,0,0,0,0,0,0,0,1,0,1
0,7.0,1,28.0,4.0,2,4,3,0,19.0,3.0,3.0,14.0,145.28,14.0,3.0,145.28,1.794,0,3.2,0,0,1,0,0,1,0,0,0,0,0,0,1,0,1,0,1
0,11.0,3,7.0,3.0,6,1,3,0,15.0,1.0,2.0,3.0,220.25,3.0,2.0,220.25,1.731,0,3.5,0,0,0,0,0,1,0,0,0,0,1,0,0,0,1,0,1
0,8.0,1,26.0,3.0,5,1,3,0,13.0,4.0,9.0,8.0,154.29,8.0,9.0,154.29,4.239,0,3.8,0,1,0,0,0,0,1,0,0,0,0,0,1,0,1,0,0
1,1.0,3,14.0,3.0,4,1,3,1,22.0,2.0,2.0,3.0,147.75,3.0,2.0,147.75,1.441,1,3.1,1,0,1,0,0,0,1,0,0,0,0,0,1,0,1,0,1
0,18.0,1,9.0,4.0,2,1,3,1,20.0,7.0,7.0,8.0,203.79,8.0,7.0,203.79,3.637,0,4.0,1,1,0,0,0,0,1,0,0,0,0,0,0,0,1,0,0
0,9.0,1,9.0,4.0,5,1,2,1,15.0,2.0,2.0,5.0,174.3,5.0,2.0,174.3,1.531,0,3.9,1,0,0,0,0,1,0,0,0,0,0,0,1,0,0,1,1
0,17.0,3,9.0,4.0,4,1,3,1,18.0,1.0,9.0,9.0,203.47,9.0,9.0,203.47,4.434,0,3.4,1,1,0,0,0,1,0,0,0,0,1,0,0,0,1,0,1
0,1.0,1,16.0,4.0,2,3,3,0,17.0,1.0,2.0,5.0,169.01,5.0,2.0,169.01,1.509,1,2.8,0,1,0,0,0,1,0,0,0,0,0,0,1,0,1,0,1
0,15.0,3,13.0,3.0,4,3,3,0,13.0,7.0,9.0,3.0,217.41,3.0,9.0,217.41,4.52,0,4.1,0,1,0,0,0,0,0,1,0,0,0,0,0,0,0,1,1
0,3.0,1,16.0,3.0,4,3,11,0,18.0,2.0,2.0,3.0,154.74,3.0,2.0,154.74,1.469,0,3.1,0,1,0,0,0,1,0,0,0,0,0,0,1,0,1,0,0
0,10.0,3,9.0,3.0,4,1,5,0,16.0,4.0,7.0,8.0,170.02,8.0,7.0,170.02,3.502,0,3.5,0,1,0,0,0,0,1,0,0,0,1,0,0,0,0,1,0
0,19.0,1,7.0,4.0,5,3,5,0,24.0,4.0,2.0,5.0,232.48000000000002,5.0,2.0,232.48000000000002,1.763,0,4.3,0,0,0,0,0,0,1,0,0,0,0,0,0,0,1,0,1
1,1.0,2,29.0,3.0,6,3,3,0,12.0,1.0,2.0,1.0,140.55,1.0,2.0,140.55,1.462,1,3.5,0,0,1,0,0,0,0,0,1,0,0,0,1,0,1,0,1
1,11.0,3,16.0,3.0,6,3,9,0,12.0,2.0,2.0,11.0,254.36,11.0,2.0,254.36,1.834,0,3.7,0,0,0,0,0,0,1,0,0,1,0,0,0,0,1,0,1
0,1.0,1,24.0,4.0,6,3,3,0,16.0,1.0,2.0,3.0,148.05,3.0,2.0,148.05,1.442,1,4.0,0,0,1,0,0,1,0,0,0,0,0,0,1,0,1,0,1
0,19.0,1,35.0,3.0,5,4,3,0,15.0,4.0,9.0,7.0,292.04,7.0,9.0,292.04,4.793,0,3.8,0,1,0,0,1,0,0,0,0,1,0,0,0,0,0,1,0
0,6.0,1,17.0,3.0,4,3,8,0,14.0,1.0,2.0,4.0,159.33,4.0,2.0,159.33,1.477,0,2.9,0,0,0,0,0,0,1,0,0,0,0,0,1,0,1,0,1
0,5.0,1,9.0,4.0,4,3,3,0,15.0,1.0,2.0,4.0,159.77,4.0,2.0,159.77,1.479,0,3.4,0,1,0,0,0,0,1,0,0,0,0,0,1,0,1,0,1
0,15.0,2,11.0,3.0,6,4,8,0,20.0,1.0,2.0,3.0,189.3,3.0,2.0,189.3,1.607,0,3.5,0,0,0,0,0,0,0,0,1,0,1,0,0,0,1,0,1
0,14.0,1,15.0,4.0,4,5,4,1,17.0,1.0,2.0,1.0,190.16,1.0,2.0,190.16,1.661,0,3.4,0,1,0,0,0,0,1,0,0,0,1,0,0,0,1,0,0
0,1.0,1,36.0,4.0,4,5,3,0,14.0,2.0,2.0,3.0,164.07,3.0,2.0,164.07,1.506,1,3.6,0,1,0,0,0,1,0,0,0,0,0,0,1,0,1,0,1
0,20.0,1,20.0,3.0,4,4,8,0,15.0,2.0,2.0,10.0,180.62,10.0,2.0,180.62,1.541,0,3.1,0,1,0,0,0,0,1,0,0,0,1,0,0,0,0,1,1
0,9.0,1,34.0,3.0,4,3,4,0,17.0,1.0,2.0,8.0,193.83,8.0,2.0,193.83,1.598,0,2.9,0,1,0,0,0,0,1,0,0,0,1,0,0,0,1,0,1
0,4.0,1,23.0,3.0,4,1,3,0,13.0,1.0,2.0,9.0,153.62,9.0,2.0,153.62,1.434,0,2.9,0,1,0,0,0,0,1,0,0,0,0,0,1,0,1,0,1
0,21.0,3,9.0,3.0,4,4,9,0,12.0,1.0,2.0,1.0,174.78,1.0,2.0,174.78,1.599,0,2.9,0,0,0,0,0,0,0,1,0,0,1,0,0,0,1,0,1
0,20.0,3,9.0,4.0,4,1,6,1,13.0,1.0,2.0,3.0,228.68,3.0,2.0,228.68,1.765,0,3.4,1,1,0,0,0,0,1,0,0,0,0,0,0,0,1,0,1
1,1.0,3,20.0,4.0,5,5,7,1,14.0,3.0,3.0,3.0,186.34,3.0,3.0,186.34,1.995,1,4.1,0,1,0,0,0,0,0,1,0,0,1,0,0,0,1,0,1
1,1.0,3,7.0,3.0,6,4,8,0,16.0,1.0,2.0,1.0,192.35,1.0,2.0,192.35,1.669,1,3.5,0,1,0,0,0,0,1,0,0,0,1,0,0,0,0,1,1
0,1.0,1,11.0,3.0,4,4,3,0,14.0,2.0,2.0,3.0,157.95,3.0,2.0,157.95,1.482,1,3.1,0,1,0,0,0,1,0,0,0,0,0,0,1,0,0,1,0
0,5.0,1,31.0,2.0,4,1,4,0,21.0,2.0,2.0,5.0,177.38,5.0,2.0,177.38,1.543,0,2.6,0,0,0,1,0,0,0,0,0,0,1,0,0,0,0,1,0
0,13.0,1,7.0,4.0,4,1,3,1,16.0,4.0,6.0,9.0,189.72,9.0,6.0,189.72,3.179,0,4.0,1,0,0,0,0,0,1,0,0,0,1,0,0,0,1,0,1
0,6.0,3,26.0,4.0,6,3,5,0,14.0,2.0,2.0,3.0,221.1,3.0,2.0,221.1,1.734,0,4.2,0,1,0,0,0,0,1,0,0,0,0,0,0,0,1,0,1
0,14.0,3,14.0,3.0,4,4,3,0,15.0,2.0,13.0,9.0,323.33,9.0,13.0,323.33,6.513,0,3.1,0,1,0,0,0,1,0,0,0,0,0,0,0,1,0,1,1
0,19.0,2,11.0,3.0,6,3,6,0,22.0,2.0,2.0,3.0,222.56,3.0,2.0,222.56,1.74,0,3.7,0,1,0,0,0,0,1,0,0,0,0,0,0,0,1,0,0
0,4.0,1,9.0,4.0,5,5,2,0,17.0,1.0,2.0,8.0,174.68,8.0,2.0,174.68,1.521,0,3.7,0,0,0,1,0,0,0,0,0,0,0,0,1,0,0,1,0
0,1.0,2,17.0,3.0,4,1,2,0,15.0,2.0,3.0,2.0,146.45,2.0,3.0,146.45,1.852,1,3.1,0,0,0,0,0,1,0,0,0,0,0,0,1,0,1,0,1
1,1.0,2,15.0,4.0,5,1,8,0,12.0,2.0,2.0,3.0,146.8,3.0,2.0,146.8,1.437,1,3.9,0,0,0,0,0,0,0,0,1,0,0,0,1,0,1,0,0
0,5.0,3,12.0,3.0,4,3,3,0,20.0,1.0,2.0,3.0,208.46,3.0,2.0,208.46,1.684,0,2.9,0,1,0,0,1,0,0,0,0,0,1,0,0,0,1,0,1
0,1.0,1,15.0,4.0,4,1,3,0,12.0,2.0,2.0,5.0,159.45,5.0,2.0,159.45,1.471,1,3.6,0,1,0,0,0,1,0,0,0,0,0,0,1,0,0,1,0
1,1.0,3,16.0,3.0,6,4,3,0,14.0,2.0,3.0,3.0,152.6,3.0,3.0,152.6,1.86,1,3.7,0,1,0,0,0,0,0,1,0,0,0,0,1,0,0,1,0
0,3.0,1,7.0,4.0,2,3,10,1,13.0,1.0,2.0,3.0,187.94,3.0,2.0,187.94,1.602,0,2.8,0,0,0,0,0,0,1,0,0,0,1,0,0,0,0,1,1
0,4.0,3,22.0,4.0,5,5,4,0,12.0,1.0,2.0,8.0,196.4,8.0,2.0,196.4,1.608,0,3.7,0,1,0,0,0,0,0,1,0,0,0,0,0,0,1,0,1
0,8.0,1,9.0,4.0,2,1,2,1,15.0,1.0,2.0,3.0,154.32,3.0,2.0,154.32,1.467,0,2.8,1,1,0,0,0,1,0,0,0,0,0,0,1,0,1,0,1
0,7.0,3,9.0,4.0,4,4,10,0,16.0,1.0,2.0,8.0,176.47,8.0,2.0,176.47,1.528,0,3.4,0,0,0,0,0,0,0,1,0,0,1,0,0,0,0,1,0
0,23.0,3,18.0,4.0,4,1,5,0,13.0,1.0,2.0,5.0,170.07,5.0,2.0,170.07,1.514,0,3.4,0,1,0,0,0,0,0,1,0,0,1,0,0,0,0,1,0
1,1.0,3,23.0,4.0,4,5,4,1,21.0,1.0,2.0,3.0,210.64,3.0,2.0,210.64,1.693,1,3.4,0,1,0,0,0,0,1,0,0,0,0,0,0,0,0,1,0
0,12.0,1,9.0,4.0,5,4,6,0,15.0,1.0,2.0,6.0,149.68,6.0,2.0,149.68,1.427,0,3.7,0,0,0,0,0,1,0,0,0,0,0,0,1,0,1,0,0
1,1.0,3,23.0,4.0,4,3,4,0,14.0,2.0,2.0,1.0,206.61,1.0,2.0,206.61,1.726,1,3.6,0,1,0,0,0,0,0,1,0,0,0,0,0,0,1,0,1
0,3.0,1,11.0,4.0,5,5,3,0,14.0,1.0,2.0,1.0,146.09,1.0,2.0,146.09,1.484,0,3.7,0,0,1,1,0,0,0,0,0,0,0,0,1,0,1,0,0
0,1.0,1,23.0,3.0,2,3,5,0,17.0,2.0,2.0,8.0,177.94,8.0,2.0,177.94,1.534,1,2.5,0,1,0,0,0,0,1,0,0,0,1,0,0,0,1,0,1
0,6.0,1,12.0,4.0,4,4,4,0,15.0,2.0,2.0,8.0,152.18,8.0,2.0,152.18,1.431,0,3.6,0,0,0,1,0,0,0,0,0,0,0,0,1,0,0,1,1
0,12.0,1,25.0,3.0,6,1,5,1,17.0,1.0,2.0,1.0,183.11,1.0,2.0,183.11,1.632,0,3.5,1,1,0,0,0,1,0,0,0,0,1,0,0,0,1,0,1
1,7.0,1,24.0,3.0,5,3,11,1,17.0,2.0,2.0,1.0,149.37,1.0,2.0,149.37,1.497,0,3.4,0,0,0,1,0,0,0,0,0,0,0,0,1,0,1,0,1
0,16.0,1,19.0,3.0,4,4,10,0,23.0,2.0,2.0,5.0,152.66,5.0,2.0,152.66,1.444,0,3.1,0,1,0,0,0,1,0,0,0,0,0,0,1,0,1,0,1
0,29.0,1,9.0,3.0,5,5,10,0,15.0,1.0,2.0,1.0,315.38,1.0,2.0,315.38,2.162,0,3.2,0,1,0,0,0,1,0,0,0,0,0,0,0,1,1,0,1
0,7.0,1,11.0,3.0,4,4,7,0,16.0,1.0,2.0,8.0,155.55,8.0,2.0,155.55,1.444,0,2.9,0,0,0,1,0,0,0,0,0,0,1,0,0,0,1,0,1
0,15.0,1,16.0,4.0,4,5,3,0,21.0,2.0,2.0,5.0,147.89,5.0,2.0,147.89,1.425,0,3.6,0,0,1,0,0,0,1,0,0,0,0,0,1,0,1,0,1
0,8.0,3,17.0,3.0,4,3,3,1,15.0,2.0,2.0,8.0,165.01,8.0,2.0,165.01,1.482,0,3.1,0,0,0,0,0,0,1,0,0,0,1,0,0,0,1,0,1
0,27.0,1,7.0,3.0,5,3,6,1,21.0,1.0,2.0,3.0,254.64999999999998,3.0,2.0,254.64999999999998,1.869,0,3.2,0,0,0,0,0,1,0,0,0,1,0,0,0,0,1,0,0
0,17.0,2,9.0,4.0,4,1,2,0,14.0,1.0,2.0,9.0,160.39,9.0,2.0,160.39,1.462,0,3.4,0,1,0,0,0,0,1,0,0,0,0,0,1,0,0,1,1
0,8.0,3,10.0,3.0,6,1,7,0,13.0,2.0,3.0,3.0,185.29,3.0,3.0,185.29,1.991,0,3.7,0,1,0,0,0,0,1,0,0,0,1,0,0,0,0,1,0
1,1.0,3,14.0,3.0,4,4,3,0,14.0,2.0,2.0,1.0,151.79,1.0,2.0,151.79,1.507,1,3.1,0,1,0,0,0,0,0,1,0,0,0,0,1,0,0,1,1
0,12.0,1,13.0,3.0,5,3,3,0,12.0,1.0,2.0,5.0,162.02,5.0,2.0,162.02,1.481,0,3.2,0,1,0,0,0,0,0,0,1,0,0,0,1,0,1,0,0
1,1.0,1,15.0,4.0,4,5,3,1,18.0,1.0,2.0,1.0,148.98,1.0,2.0,148.98,1.496,1,3.4,0,0,1,0,0,1,0,0,0,0,0,0,1,0,1,0,0
0,5.0,3,36.0,4.0,5,1,3,0,15.0,3.0,6.0,8.0,179.68,8.0,6.0,179.68,3.141,0,4.1,0,1,0,0,0,0,0,1,0,0,1,0,0,0,1,0,0
0,25.0,1,10.0,3.0,4,3,4,0,12.0,3.0,2.0,3.0,256.16,3.0,2.0,256.16,1.875,0,3.3,0,1,0,0,1,0,0,0,0,0,0,0,0,0,1,0,0
0,11.0,3,16.0,3.0,5,4,3,0,15.0,1.0,2.0,4.0,166.89,4.0,2.0,166.89,1.508,0,3.2,0,1,0,0,0,0,0,1,0,0,1,0,0,0,1,0,1
0,20.0,1,9.0,3.0,4,1,9,1,15.0,2.0,3.0,3.0,318.28,3.0,3.0,318.28,2.523,0,3.1,1,1,0,0,0,1,0,0,0,0,0,0,0,1,1,0,1
0,10.0,1,17.0,3.0,4,5,9,1,14.0,2.0,6.0,8.0,208.21,8.0,6.0,208.21,3.255,0,3.1,0,1,0,0,0,0,1,0,0,0,0,0,0,0,1,0,1
1,8.0,1,7.0,3.0,4,4,3,1,13.0,2.0,3.0,4.0,148.42,4.0,3.0,148.42,1.834,0,3.1,0,0,0,0,0,1,0,0,0,0,0,0,1,0,1,0,1
0,11.0,2,15.0,3.0,4,4,4,0,14.0,5.0,5.0,8.0,165.71,8.0,5.0,165.71,2.685,0,3.7,0,1,0,0,0,0,0,0,1,0,1,0,0,0,1,0,1
1,1.0,3,34.0,3.0,4,1,3,1,19.0,1.0,8.0,8.0,183.13,8.0,8.0,183.13,3.955,1,2.9,1,1,0,0,0,0,1,0,0,0,1,0,0,0,0,1,1
0,7.0,1,15.0,3.0,2,5,8,0,20.0,7.0,8.0,7.0,156.43,7.0,8.0,156.43,3.851,0,3.5,0,1,0,0,0,0,1,0,0,0,0,0,1,0,1,0,1
0,2.0,1,7.0,3.0,4,1,3,0,12.0,1.0,2.0,4.0,145.44,4.0,2.0,145.44,1.422,1,2.9,0,0,1,0,0,0,1,0,0,0,0,0,1,0,1,0,1
0,13.0,1,17.0,4.0,4,3,9,0,22.0,3.0,2.0,3.0,259.64,3.0,2.0,259.64,1.889,0,3.8,0,1,0,0,0,1,0,0,0,0,0,0,0,0,0,1,1
0,20.0,3,33.0,4.0,5,4,10,0,16.0,3.0,3.0,3.0,204.91,3.0,3.0,204.91,2.07,0,4.1,0,0,0,0,0,0,1,0,0,0,1,0,0,0,0,1,1
0,14.0,1,9.0,3.0,4,5,6,0,18.0,2.0,2.0,3.0,158.77,3.0,2.0,158.77,1.485,0,3.1,0,1,0,0,0,0,1,0,0,0,0,0,1,0,1,0,0
0,16.0,1,20.0,4.0,2,5,7,0,19.0,2.0,2.0,1.0,180.38,1.0,2.0,180.38,1.622,0,3.0,0,1,0,0,0,1,0,0,0,0,1,0,0,0,1,0,1
0,9.0,1,9.0,3.0,4,1,4,0,15.0,1.0,2.0,8.0,182.62,8.0,2.0,182.62,1.553,0,2.9,0,0,0,0,0,1,0,0,0,0,1,0,0,0,1,0,1
0,12.0,2,9.0,4.0,4,4,7,0,14.0,4.0,4.0,9.0,150.92,9.0,4.0,150.92,2.224,0,4.0,0,0,0,0,0,0,0,0,1,0,0,0,1,0,1,0,1
1,1.0,1,16.0,4.0,4,5,6,0,18.0,1.0,2.0,8.0,178.46,8.0,2.0,178.46,1.536,1,3.4,0,0,0,0,0,0,1,0,0,0,1,0,0,0,1,0,1
1,1.0,1,17.0,3.0,4,5,3,0,16.0,1.0,2.0,9.0,167.13,9.0,2.0,167.13,1.489,1,2.9,0,1,0,0,0,1,0,0,0,0,1,0,0,0,0,1,1
0,13.0,3,27.0,3.0,4,1,4,0,19.0,2.0,3.0,3.0,166.27,3.0,3.0,166.27,1.915,0,3.1,0,0,0,0,0,0,1,0,0,0,1,0,0,0,1,0,1
0,17.0,1,16.0,3.0,4,3,6,0,14.0,1.0,2.0,3.0,149.38,3.0,2.0,149.38,1.448,0,2.9,0,0,0,0,0,0,1,0,0,0,0,0,1,0,0,1,1
0,15.0,1,12.0,3.0,2,4,5,0,13.0,2.0,2.0,3.0,193.7,3.0,2.0,193.7,1.625,0,2.5,0,1,0,0,0,0,1,0,0,0,1,0,0,0,0,1,1
0,15.0,3,11.0,3.0,4,3,2,1,14.0,1.0,14.0,3.0,229.47,3.0,14.0,229.47,6.568,0,2.9,0,1,0,0,0,0,0,1,0,0,0,0,0,0,1,0,0
0,4.0,1,17.0,4.0,4,3,11,0,15.0,1.0,2.0,3.0,221.67,3.0,2.0,221.67,1.737,0,3.4,0,1,0,0,0,1,0,0,0,0,0,0,0,0,0,1,0
1,1.0,2,27.0,4.0,4,4,2,1,12.0,1.0,2.0,5.0,146.48,5.0,2.0,146.48,1.419,1,3.4,0,0,1,0,0,1,0,0,0,0,0,0,1,0,1,0,0
1,10.0,1,28.0,4.0,4,4,6,0,23.0,2.0,4.0,3.0,214.26,3.0,4.0,214.26,2.507,0,3.6,0,1,0,0,0,1,0,0,0,0,1,0,0,0,1,0,0
0,14.0,1,7.0,3.0,4,1,6,0,18.0,1.0,2.0,4.0,190.13,4.0,2.0,190.13,1.601,0,2.9,0,1,0,0,0,0,1,0,0,0,1,0,0,0,1,0,0
0,8.0,3,15.0,4.0,2,3,3,0,22.0,1.0,5.0,9.0,192.99,9.0,5.0,192.99,2.792,0,2.8,0,1,0,0,1,0,0,0,0,0,1,0,0,0,1,0,1
0,31.0,3,9.0,3.0,4,4,6,0,23.0,11.0,15.0,15.0,25.0,15.0,15.0,25.0,6.112,0,4.9,0,0,0,0,0,1,0,0,0,1,0,0,0,0,1,0,1
0,9.0,1,30.0,4.0,6,3,2,0,17.0,2.0,2.0,4.0,152.05,4.0,2.0,152.05,1.448,0,4.2,0,1,0,0,0,1,0,0,0,0,0,0,1,0,1,0,1
0,21.0,1,11.0,4.0,5,4,10,1,13.0,3.0,15.0,3.0,228.33,3.0,15.0,228.33,6.963,0,4.1,0,1,0,0,0,0,1,0,0,0,0,0,0,0,1,0,0
0,14.0,1,19.0,3.0,4,5,4,0,13.0,8.0,8.0,8.0,169.48,8.0,8.0,169.48,3.9,0,4.3,0,1,0,0,0,0,1,0,0,0,1,0,0,0,1,0,0
0,28.0,1,14.0,4.0,4,1,6,0,16.0,2.0,2.0,8.0,193.54,8.0,2.0,193.54,1.596,0,3.6,0,1,0,0,0,1,0,0,0,0,1,0,0,0,1,0,0
0,5.0,3,14.0,4.0,4,5,4,0,15.0,3.0,3.0,3.0,221.37,3.0,3.0,221.37,2.135,0,3.8,0,0,0,0,0,0,0,1,0,0,0,0,0,0,1,0,0
0,2.0,1,7.0,4.0,4,5,3,0,26.0,2.0,2.0,3.0,160.91,3.0,2.0,160.91,1.494,1,3.6,0,1,0,0,0,1,0,0,0,0,0,0,1,0,1,0,0
0,12.0,3,9.0,4.0,6,1,4,1,21.0,1.0,2.0,4.0,179.05,4.0,2.0,179.05,1.556,0,4.0,1,1,0,0,0,0,0,1,0,0,1,0,0,0,1,0,0
0,1.0,3,17.0,3.0,4,1,3,0,14.0,1.0,2.0,3.0,171.84,3.0,2.0,171.84,1.537,1,2.9,0,1,0,0,0,1,0,0,0,0,1,0,0,0,0,1,1
0,31.0,1,22.0,3.0,4,3,4,1,15.0,1.0,3.0,3.0,282.87,3.0,3.0,282.87,2.381,0,2.9,0,0,0,0,0,0,1,0,0,1,0,0,0,0,1,0,1
0,1.0,1,21.0,3.0,4,3,3,0,17.0,2.0,2.0,1.0,140.14,1.0,2.0,140.14,1.461,1,3.1,0,0,0,0,0,1,0,0,0,0,0,0,1,0,0,1,0
1,1.0,2,25.0,3.0,2,5,2,0,18.0,2.0,2.0,1.0,154.56,1.0,2.0,154.56,1.518,1,2.5,0,1,0,0,0,0,0,0,1,0,0,0,1,0,1,0,1
1,1.0,2,20.0,3.0,5,5,6,1,16.0,2.0,3.0,1.0,148.35,1.0,3.0,148.35,1.893,1,3.4,0,0,1,0,0,0,0,0,1,0,0,0,1,0,1,0,1
0,19.0,3,9.0,4.0,4,3,6,0,23.0,4.0,6.0,8.0,176.54,8.0,6.0,176.54,3.128,0,4.0,0,0,0,0,0,0,1,0,0,0,1,0,0,0,1,0,0
0,10.0,1,9.0,4.0,4,4,6,1,23.0,1.0,2.0,1.0,194.62,1.0,2.0,194.62,1.678,0,3.4,0,1,0,0,0,0,0,0,1,0,1,0,0,0,1,0,0
0,17.0,3,9.0,4.0,4,1,3,0,21.0,6.0,8.0,8.0,181.75,8.0,8.0,181.75,3.949,0,4.4,0,0,0,0,0,0,1,0,0,0,1,0,0,0,1,0,1
0,1.0,1,12.0,3.0,4,1,2,1,15.0,2.0,2.0,3.0,148.79,3.0,2.0,148.79,1.445,1,3.1,1,0,0,0,0,0,1,0,0,0,0,0,1,0,0,1,0
0,3.0,1,27.0,3.0,4,1,3,0,14.0,2.0,4.0,11.0,163.12,11.0,4.0,163.12,2.269,0,3.1,0,0,0,0,0,1,0,0,0,0,0,0,1,0,1,0,1
0,6.0,3,17.0,4.0,4,1,10,0,14.0,2.0,2.0,1.0,171.48,1.0,2.0,171.48,1.586,0,3.6,0,0,0,0,0,0,0,1,0,0,1,0,0,0,0,1,1
0,16.0,1,17.0,3.0,4,3,5,0,23.0,2.0,4.0,4.0,154.36,4.0,4.0,154.36,2.257,0,3.1,0,0,0,1,0,0,0,0,0,0,0,0,1,0,1,0,1
0,21.0,1,16.0,4.0,4,3,6,0,13.0,2.0,3.0,1.0,146.05,1.0,3.0,146.05,1.884,0,3.6,0,0,1,0,0,0,1,0,0,0,0,0,1,0,0,1,0
0,20.0,1,9.0,3.0,4,1,5,0,15.0,2.0,5.0,3.0,210.78,3.0,5.0,210.78,2.893,0,3.1,0,1,0,0,0,0,1,0,0,0,0,0,0,0,1,0,1
0,2.0,2,7.0,3.0,4,1,3,0,16.0,1.0,3.0,3.0,152.06,3.0,3.0,152.06,1.858,1,2.9,0,0,0,0,0,0,1,0,0,0,0,0,1,0,1,0,1
0,3.0,1,36.0,4.0,6,3,10,0,18.0,2.0,2.0,7.0,188.84,7.0,2.0,188.84,1.58,0,4.2,0,1,0,0,0,0,1,0,0,0,1,0,0,0,1,0,1
0,16.0,1,15.0,3.0,4,3,6,0,14.0,2.0,2.0,1.0,164.68,1.0,2.0,164.68,1.559,0,3.1,0,1,0,0,0,0,1,0,0,0,0,0,1,0,0,1,1
1,1.0,3,9.0,3.0,5,4,9,1,13.0,3.0,3.0,3.0,224.07,3.0,3.0,224.07,2.146,1,3.6,0,1,0,0,0,0,0,1,0,0,1,0,0,0,0,1,1
0,20.0,3,10.0,3.0,2,5,4,0,13.0,2.0,2.0,9.0,257.25,9.0,2.0,257.25,1.849,0,2.5,0,1,0,0,1,0,0,0,0,1,0,0,0,0,1,0,0
0,1.0,3,30.0,3.0,5,3,3,0,22.0,5.0,6.0,9.0,160.4,9.0,6.0,160.4,3.062,1,4.0,0,1,0,0,0,1,0,0,0,0,1,0,0,0,1,0,0
0,3.0,2,13.0,3.0,5,4,3,0,12.0,2.0,2.0,1.0,153.04,1.0,2.0,153.04,1.512,0,3.4,0,1,0,0,0,1,0,0,0,0,0,0,1,0,1,0,1
0,17.0,1,13.0,3.0,5,3,9,0,15.0,4.0,7.0,15.0,318.92,15.0,7.0,318.92,4.088,0,3.8,0,1,0,0,0,1,0,0,0,0,0,0,0,1,1,0,0
0,22.0,1,17.0,4.0,5,4,6,0,15.0,4.0,13.0,10.0,321.65,10.0,13.0,321.65,6.505,0,4.3,0,1,0,0,0,0,1,0,0,0,0,0,0,1,1,0,1
1,1.0,1,31.0,4.0,5,1,3,1,25.0,2.0,2.0,1.0,149.39,1.0,2.0,149.39,1.498,1,3.9,1,0,0,0,0,0,1,0,0,0,0,0,1,0,0,1,1
1,10.0,3,17.0,4.0,4,4,7,0,22.0,1.0,2.0,8.0,198.14,8.0,2.0,198.14,1.615,0,3.4,0,1,0,0,0,0,1,0,0,0,0,0,0,0,1,0,0
0,1.0,1,22.0,4.0,5,5,2,0,20.0,8.0,8.0,4.0,172.74,4.0,8.0,172.74,3.931,1,5.1,0,0,0,0,0,0,1,0,0,0,0,0,1,0,1,0,0
0,13.0,1,26.0,3.0,4,1,10,0,15.0,2.0,3.0,3.0,164.02,3.0,3.0,164.02,1.906,0,3.1,0,1,0,0,0,0,0,0,1,0,1,0,0,0,1,0,1
0,29.0,1,9.0,4.0,5,1,10,0,21.0,1.0,2.0,5.0,151.62,5.0,2.0,151.62,1.44,0,3.7,0,1,0,1,0,0,0,0,0,0,0,0,1,0,1,0,1
0,2.0,3,10.0,4.0,4,4,3,0,20.0,2.0,2.0,1.0,153.56,1.0,2.0,153.56,1.514,1,3.6,0,1,0,0,0,1,0,0,0,0,0,0,1,0,1,0,0
1,1.0,3,16.0,3.0,4,1,3,0,14.0,1.0,2.0,1.0,135.81,1.0,2.0,135.81,1.443,1,2.9,0,0,1,0,0,1,0,0,0,0,0,0,1,0,0,1,1
1,1.0,1,14.0,4.0,4,4,3,1,24.0,2.0,2.0,1.0,149.72,1.0,2.0,149.72,1.499,1,3.6,0,1,0,0,0,0,1,0,0,0,0,0,1,0,0,1,1
0,10.0,3,17.0,4.0,5,3,3,1,14.0,2.0,2.0,8.0,181.73,8.0,2.0,181.73,1.549,0,3.9,0,1,0,1,0,0,0,0,0,0,1,0,0,0,1,0,0
0,5.0,1,27.0,3.0,4,3,3,0,12.0,1.0,2.0,3.0,166.97,3.0,2.0,166.97,1.518,0,2.9,0,1,0,0,0,0,1,0,0,0,1,0,0,0,1,0,1
0,8.0,3,11.0,4.0,4,1,4,1,14.0,1.0,2.0,3.0,222.13,3.0,2.0,222.13,1.739,0,3.4,1,1,0,0,0,0,1,0,0,0,0,0,0,0,1,0,1
0,3.0,1,14.0,3.0,4,5,5,0,15.0,1.0,2.0,3.0,145.62,3.0,2.0,145.62,1.432,0,2.9,0,0,1,0,0,0,1,0,0,0,0,0,1,0,0,1,1
0,11.0,1,14.0,4.0,4,5,7,1,23.0,1.0,2.0,5.0,167.84,5.0,2.0,167.84,1.505,0,3.4,0,1,0,0,0,1,0,0,0,0,1,0,0,0,1,0,1
0,9.0,1,23.0,3.0,5,4,2,1,12.0,2.0,2.0,3.0,172.88,3.0,2.0,172.88,1.542,0,3.4,0,1,0,0,0,0,0,0,1,0,1,0,0,0,1,0,0
0,19.0,1,32.0,4.0,5,1,2,0,14.0,1.0,4.0,9.0,184.06,9.0,4.0,184.06,2.356,0,3.7,0,1,0,0,0,0,1,0,0,0,1,0,0,0,1,0,0
0,10.0,2,9.0,4.0,5,1,3,0,22.0,2.0,2.0,9.0,163.86,9.0,2.0,163.86,1.475,0,3.9,0,0,0,0,0,0,0,0,1,0,1,0,0,0,0,1,1
0,14.0,1,7.0,4.0,4,5,4,0,15.0,10.0,12.0,17.0,293.23,17.0,12.0,293.23,5.984,0,5.2,0,1,0,0,0,0,1,0,0,1,0,0,0,0,1,0,1
0,1.0,1,7.0,3.0,5,3,3,1,14.0,1.0,2.0,1.0,154.33,1.0,2.0,154.33,1.517,1,3.2,0,1,0,0,0,0,1,0,0,0,0,0,1,0,1,0,0
0,1.0,3,9.0,3.0,2,3,2,0,15.0,1.0,2.0,8.0,190.0,8.0,2.0,190.0,1.582,1,2.3,0,1,0,0,0,1,0,0,0,0,1,0,0,0,0,1,0
0,22.0,1,29.0,3.0,4,1,5,0,15.0,1.0,5.0,8.0,296.74,8.0,5.0,296.74,3.209,0,2.9,0,0,0,0,0,1,0,0,0,1,0,0,0,0,1,0,0
0,18.0,1,7.0,4.0,2,5,4,0,16.0,3.0,3.0,3.0,175.33,3.0,3.0,175.33,1.951,0,3.2,0,1,0,0,0,0,1,0,0,0,1,0,0,0,1,0,1
1,1.0,1,23.0,3.0,6,5,3,1,24.0,4.0,4.0,1.0,148.07,1.0,4.0,148.07,2.292,1,4.1,0,0,0,1,0,0,0,0,0,0,0,0,1,0,1,0,1
1,20.0,1,31.0,4.0,4,1,3,0,17.0,1.0,2.0,1.0,150.87,1.0,2.0,150.87,1.503,0,3.4,0,1,0,0,0,0,1,0,0,0,0,0,1,0,0,1,1
0,10.0,3,24.0,3.0,5,4,4,0,17.0,2.0,2.0,4.0,180.07,4.0,2.0,180.07,1.56,0,3.4,0,1,0,0,0,0,0,1,0,0,1,0,0,0,1,0,1
0,15.0,3,15.0,3.0,4,4,7,0,22.0,2.0,2.0,5.0,168.93,5.0,2.0,168.93,1.509,0,3.1,0,1,0,0,0,0,0,1,0,0,1,0,0,0,1,0,0
0,16.0,1,13.0,3.0,4,5,11,0,14.0,4.0,2.0,8.0,258.48,8.0,2.0,258.48,1.856,0,3.5,0,1,0,0,0,1,0,0,0,0,0,0,0,0,1,0,1
0,5.0,3,17.0,3.0,4,1,4,1,12.0,1.0,2.0,5.0,190.83,5.0,2.0,190.83,1.597,0,2.9,1,1,0,0,0,1,0,0,0,0,1,0,0,0,1,0,0
0,8.0,3,10.0,4.0,5,1,5,1,13.0,1.0,2.0,2.0,206.03,2.0,2.0,206.03,1.691,0,3.7,1,1,0,0,0,1,0,0,0,0,1,0,0,0,1,0,0
0,5.0,1,11.0,4.0,2,3,10,0,13.0,3.0,3.0,3.0,164.78,3.0,3.0,164.78,1.909,0,3.2,0,1,0,0,0,1,0,0,0,0,0,0,1,0,1,0,0
0,1.0,1,13.0,4.0,2,1,2,0,19.0,3.0,8.0,8.0,150.44,8.0,8.0,150.44,3.824,1,3.2,0,0,0,0,0,0,0,0,1,0,0,0,1,0,1,0,1
0,19.0,1,7.0,3.0,4,3,6,0,13.0,2.0,2.0,4.0,178.99,4.0,2.0,178.99,1.556,0,3.1,0,0,0,0,0,1,0,0,0,0,1,0,0,0,0,1,1
0,7.0,3,17.0,3.0,4,3,3,0,15.0,1.0,2.0,10.0,179.87,10.0,2.0,179.87,1.538,0,2.9,0,1,0,0,0,0,0,1,0,0,1,0,0,0,0,1,1
0,2.0,3,7.0,3.0,5,1,3,1,13.0,1.0,2.0,8.0,193.34,8.0,2.0,193.34,1.596,1,3.2,1,0,0,0,0,0,1,0,0,0,1,0,0,0,1,0,1
1,1.0,3,31.0,3.0,2,5,3,0,18.0,2.0,2.0,1.0,135.91,1.0,2.0,135.91,1.444,1,2.5,0,0,0,1,0,0,0,0,0,0,0,0,1,0,0,1,1
0,13.0,3,28.0,3.0,6,3,8,0,20.0,1.0,2.0,3.0,182.36,3.0,2.0,182.36,1.579,0,3.5,0,0,0,0,0,0,1,0,0,0,1,0,0,0,1,0,0
0,1.0,1,9.0,3.0,4,4,3,0,12.0,2.0,2.0,3.0,147.26,3.0,2.0,147.26,1.439,1,3.1,0,0,1,1,0,0,0,0,0,0,0,0,1,0,1,0,1
0,8.0,1,29.0,3.0,5,1,3,1,16.0,4.0,7.0,12.0,182.47,12.0,7.0,182.47,3.545,0,3.8,1,0,0,0,0,0,0,0,1,0,1,0,0,0,1,0,1
1,1.0,3,20.0,3.0,4,3,5,1,12.0,3.0,3.0,3.0,223.54,3.0,3.0,223.54,2.144,1,3.3,0,1,0,0,0,0,0,1,0,0,1,0,0,0,0,1,0
0,21.0,1,21.0,4.0,4,4,10,0,19.0,1.0,2.0,8.0,179.67,8.0,2.0,179.67,1.541,0,3.4,0,0,0,1,0,0,0,0,0,0,1,0,0,0,1,0,1
0,30.0,3,18.0,3.0,5,5,6,0,17.0,1.0,2.0,1.0,178.8,1.0,2.0,178.8,1.615,0,3.2,0,1,0,0,0,0,0,1,0,0,1,0,0,0,1,0,0
0,13.0,1,16.0,3.0,4,5,3,0,26.0,5.0,8.0,10.0,176.51,10.0,8.0,176.51,3.924,0,3.7,0,1,0,0,0,1,0,0,0,0,1,0,0,0,1,0,1
0,12.0,1,15.0,3.0,5,4,3,1,17.0,2.0,2.0,8.0,146.33,8.0,2.0,146.33,1.408,0,3.4,0,0,0,0,0,1,0,0,0,0,1,0,0,0,1,0,0
0,31.0,3,28.0,4.0,4,1,6,1,15.0,2.0,2.0,1.0,303.75,1.0,2.0,303.75,2.115,0,3.6,1,1,0,0,0,0,1,0,0,1,0,0,0,0,1,0,0
1,1.0,1,12.0,3.0,2,3,5,1,15.0,1.0,2.0,4.0,149.32,4.0,2.0,149.32,1.437,1,2.3,0,0,0,0,0,0,1,0,0,0,0,0,1,0,0,1,0
0,12.0,1,16.0,4.0,4,1,4,0,20.0,2.0,2.0,4.0,172.71,4.0,2.0,172.71,1.531,0,3.6,0,1,0,0,0,0,1,0,0,0,0,0,1,0,1,0,1
0,23.0,1,9.0,3.0,4,1,5,0,15.0,3.0,5.0,4.0,316.61,4.0,5.0,316.61,3.306,0,3.3,0,0,0,0,0,0,1,0,0,0,0,0,0,1,1,0,1
0,16.0,3,19.0,4.0,4,1,5,1,13.0,1.0,2.0,1.0,175.87,1.0,2.0,175.87,1.603,0,3.4,1,1,0,0,0,0,0,1,0,0,1,0,0,0,1,0,1
1,1.0,2,29.0,3.0,5,4,3,0,13.0,2.0,2.0,1.0,153.63,1.0,2.0,153.63,1.515,1,3.4,0,0,0,0,0,0,0,0,1,0,0,0,1,0,1,0,0
0,9.0,3,25.0,4.0,4,5,2,0,17.0,1.0,2.0,5.0,25.0,5.0,2.0,25.0,0.933,0,3.4,0,1,0,0,0,1,0,0,0,0,1,0,0,0,1,0,1
0,2.0,1,23.0,3.0,4,3,3,0,15.0,1.0,2.0,5.0,146.44,5.0,2.0,146.44,1.419,1,2.9,0,0,0,0,0,1,0,0,0,0,0,0,1,0,0,1,1
0,5.0,1,10.0,3.0,4,5,3,1,14.0,1.0,3.0,4.0,155.65,4.0,3.0,155.65,1.863,0,2.9,0,0,0,0,0,1,0,0,0,0,0,0,1,0,1,0,1
0,10.0,1,16.0,4.0,2,4,3,0,23.0,2.0,2.0,3.0,153.1,3.0,2.0,153.1,1.462,0,3.0,0,0,0,0,0,0,1,0,0,0,0,0,1,0,1,0,1
0,8.0,3,7.0,3.0,4,1,3,0,22.0,2.0,3.0,3.0,223.88,3.0,3.0,223.88,2.146,0,3.1,0,1,0,0,0,0,0,1,0,0,0,0,0,0,0,1,1
0,8.0,3,20.0,3.0,4,3,3,0,19.0,2.0,2.0,3.0,211.28,3.0,2.0,211.28,1.695,0,3.1,0,1,0,0,0,1,0,0,0,0,0,0,0,0,1,0,1
0,1.0,1,7.0,4.0,4,5,2,0,14.0,4.0,8.0,7.0,153.67,7.0,8.0,153.67,3.84,1,4.0,0,1,0,0,0,1,0,0,0,0,0,0,1,0,0,1,1
0,3.0,1,7.0,3.0,4,5,2,0,13.0,2.0,2.0,3.0,178.73,3.0,2.0,178.73,1.565,0,3.1,0,1,0,0,0,0,1,0,0,0,1,0,0,0,1,0,1
0,6.0,1,22.0,3.0,4,1,7,0,19.0,1.0,2.0,3.0,191.67,3.0,2.0,191.67,1.617,0,2.9,0,0,0,0,0,1,0,0,0,0,1,0,0,0,1,0,0
0,5.0,1,7.0,3.0,6,5,3,0,22.0,2.0,9.0,8.0,175.03,8.0,9.0,175.03,4.322,0,3.7,0,0,0,0,0,0,1,0,0,0,1,0,0,0,1,0,1
1,1.0,1,24.0,3.0,5,1,7,0,13.0,1.0,2.0,4.0,148.67,4.0,2.0,148.67,1.435,1,3.2,0,0,1,1,0,0,0,0,0,0,0,0,1,0,1,0,1
0,12.0,3,7.0,3.0,5,5,6,0,15.0,1.0,2.0,1.0,153.58,1.0,2.0,153.58,1.514,0,3.2,0,1,0,0,0,0,1,0,0,0,0,0,1,0,0,1,1
0,9.0,3,14.0,3.0,4,1,3,1,12.0,2.0,2.0,10.0,177.04,10.0,2.0,177.04,1.526,0,3.1,1,1,0,0,0,0,1,0,0,0,1,0,0,0,1,0,0
0,1.0,3,16.0,3.0,4,1,3,0,15.0,1.0,2.0,8.0,166.05,8.0,2.0,166.05,1.486,1,2.9,0,1,0,0,0,0,0,1,0,0,1,0,0,0,0,1,1
0,6.0,1,12.0,3.0,5,1,10,0,25.0,1.0,2.0,3.0,221.79,3.0,2.0,221.79,1.737,0,3.2,0,1,0,0,0,0,1,0,0,0,1,0,0,0,0,1,1
1,1.0,3,33.0,4.0,4,1,3,1,12.0,1.0,2.0,9.0,181.17,9.0,2.0,181.17,1.545,1,3.4,1,0,0,0,0,0,0,1,0,0,1,0,0,0,1,0,1
1,17.0,3,31.0,4.0,4,5,8,1,14.0,3.0,3.0,3.0,229.48,3.0,3.0,229.48,2.168,0,3.8,0,1,0,0,0,0,1,0,0,0,0,0,0,0,0,1,1
0,28.0,1,16.0,4.0,4,3,5,0,12.0,1.0,3.0,4.0,153.97,4.0,3.0,153.97,1.856,0,3.4,0,1,0,0,0,0,1,0,0,0,1,0,0,0,1,0,0
0,7.0,1,14.0,3.0,4,3,3,0,21.0,3.0,3.0,9.0,184.68,9.0,3.0,184.68,1.959,0,3.3,0,0,0,0,0,0,1,0,0,0,1,0,0,0,1,0,1
0,17.0,1,18.0,2.0,4,3,3,0,18.0,2.0,2.0,10.0,200.1,10.0,2.0,200.1,1.619,0,2.6,0,1,0,0,0,0,1,0,0,0,0,0,0,0,1,0,1
0,12.0,2,7.0,3.0,4,4,2,1,12.0,2.0,2.0,3.0,154.91,3.0,2.0,154.91,1.47,0,3.1,0,0,0,0,0,0,0,0,1,0,0,0,1,0,1,0,1
0,29.0,2,33.0,4.0,2,4,6,1,15.0,2.0,2.0,5.0,321.36,5.0,2.0,321.36,2.119,0,3.0,0,1,0,0,0,0,0,0,1,0,0,0,0,1,1,0,1
0,5.0,1,9.0,3.0,6,1,3,1,12.0,2.0,2.0,1.0,136.29,1.0,2.0,136.29,1.445,0,3.7,1,0,1,0,0,1,0,0,0,0,0,0,1,0,1,0,0
0,13.0,3,22.0,4.0,4,5,2,0,13.0,5.0,2.0,11.0,258.41,11.0,2.0,258.41,1.85,0,4.2,0,1,0,0,0,0,0,1,0,1,0,0,0,0,0,1,1
0,16.0,1,30.0,3.0,5,3,3,0,13.0,3.0,4.0,8.0,168.32,8.0,4.0,168.32,2.296,0,3.6,0,0,0,0,0,0,1,0,0,0,1,0,0,0,0,1,1
0,5.0,1,17.0,3.0,4,3,6,0,21.0,4.0,2.0,9.0,235.31,9.0,2.0,235.31,1.761,0,3.5,0,0,0,0,0,1,0,0,0,0,0,0,0,0,1,0,0
0,28.0,1,17.0,4.0,4,5,8,1,20.0,1.0,2.0,5.0,169.4,5.0,2.0,169.4,1.511,0,3.4,0,1,0,0,0,1,0,0,0,0,1,0,0,0,0,1,0
0,1.0,1,7.0,3.0,5,3,3,0,13.0,2.0,2.0,3.0,171.17,3.0,2.0,171.17,1.535,1,3.4,0,1,0,0,0,0,1,0,0,0,1,0,0,0,0,1,1
0,1.0,1,19.0,4.0,4,1,3,0,14.0,2.0,2.0,5.0,151.47,5.0,2.0,151.47,1.439,1,3.6,0,1,0,0,0,0,0,0,1,0,0,0,1,0,0,1,1
0,14.0,1,18.0,4.0,4,3,3,0,12.0,3.0,10.0,5.0,188.23,5.0,10.0,188.23,4.786,0,3.8,0,0,0,1,0,0,0,0,0,0,1,0,0,0,1,0,0
0,14.0,3,9.0,4.0,4,4,5,0,15.0,2.0,6.0,11.0,181.77,11.0,6.0,181.77,3.144,0,3.6,0,1,0,0,0,0,0,1,0,0,1,0,0,0,1,0,0
0,1.0,2,9.0,3.0,4,4,6,0,15.0,1.0,2.0,3.0,146.87,3.0,2.0,146.87,1.437,1,2.9,0,0,1,0,0,0,0,0,1,0,0,0,1,0,1,0,0
0,4.0,1,7.0,4.0,4,4,3,0,14.0,1.0,2.0,8.0,162.48,8.0,2.0,162.48,1.472,0,3.4,0,1,0,0,0,1,0,0,0,0,0,0,1,0,1,0,1
0,1.0,1,9.0,3.0,4,3,8,1,20.0,1.0,2.0,3.0,164.77,3.0,2.0,164.77,1.509,1,2.9,0,1,0,0,0,0,0,0,1,0,0,0,1,0,1,0,1
0,21.0,1,32.0,3.0,4,3,4,0,24.0,2.0,13.0,3.0,211.33,3.0,13.0,211.33,6.095,0,3.1,0,1,0,0,0,1,0,0,0,0,0,0,0,0,0,1,1
0,7.0,1,7.0,3.0,5,3,3,0,13.0,1.0,2.0,1.0,145.08,1.0,2.0,145.08,1.48,0,3.2,0,0,0,0,0,1,0,0,0,0,0,0,1,0,1,0,1
0,12.0,3,7.0,3.0,4,4,2,0,16.0,5.0,6.0,9.0,169.4,9.0,6.0,169.4,3.098,0,3.7,0,1,0,0,0,0,1,0,0,0,1,0,0,0,1,0,1
0,5.0,3,9.0,3.0,4,3,2,0,20.0,2.0,2.0,3.0,155.67,3.0,2.0,155.67,1.473,0,3.1,0,1,0,0,0,0,1,0,0,0,0,0,1,0,1,0,1
0,12.0,1,13.0,4.0,5,3,4,0,12.0,3.0,8.0,8.0,178.21,8.0,8.0,178.21,3.935,0,4.1,0,0,0,0,0,0,1,0,0,0,1,0,0,0,1,0,1
0,16.0,1,25.0,3.0,4,5,8,1,18.0,1.0,2.0,3.0,179.1,3.0,2.0,179.1,1.566,0,2.9,0,1,0,0,0,0,1,0,0,0,1,0,0,0,1,0,1
0,15.0,1,7.0,4.0,4,1,5,0,23.0,1.0,2.0,1.0,152.82,1.0,2.0,152.82,1.511,0,3.4,0,1,0,0,0,0,1,0,0,0,0,0,1,0,1,0,1
0,21.0,1,7.0,4.0,4,4,2,0,19.0,1.0,2.0,13.0,244.57,13.0,2.0,244.57,1.793,0,3.4,0,0,0,0,0,1,0,0,0,0,0,0,0,0,1,0,0
0,9.0,1,18.0,3.0,4,3,9,1,12.0,1.0,3.0,3.0,151.6,3.0,3.0,151.6,1.856,0,2.9,0,1,0,0,0,1,0,0,0,0,0,0,1,0,1,0,1
0,1.0,1,7.0,4.0,4,3,2,0,13.0,1.0,2.0,3.0,158.75,3.0,2.0,158.75,1.485,1,3.4,0,1,0,0,0,0,1,0,0,0,0,0,1,0,0,1,1
0,9.0,1,16.0,3.0,4,3,3,0,20.0,1.0,2.0,9.0,175.98,9.0,2.0,175.98,1.524,0,2.9,0,1,0,0,0,1,0,0,0,0,1,0,0,0,0,1,1
0,7.0,1,22.0,4.0,4,1,2,1,14.0,6.0,9.0,2.0,37.0,2.0,9.0,37.0,3.815,0,4.4,1,1,0,0,0,1,0,0,0,0,1,0,0,0,1,0,0
0,6.0,1,36.0,3.0,5,4,3,0,14.0,4.0,5.0,2.0,153.37,2.0,5.0,153.37,2.68,0,3.8,0,1,0,0,0,0,1,0,0,0,0,0,1,0,0,1,0
0,14.0,1,7.0,3.0,4,1,10,0,20.0,1.0,2.0,1.0,149.06,1.0,2.0,149.06,1.496,0,2.9,0,0,1,0,0,0,1,0,0,0,0,0,1,0,1,0,1
0,6.0,3,7.0,4.0,5,4,2,0,15.0,1.0,3.0,3.0,147.69,3.0,3.0,147.69,1.841,0,3.7,0,0,1,0,0,1,0,0,0,0,0,0,1,0,1,0,1
0,13.0,1,31.0,3.0,4,1,9,0,14.0,2.0,2.0,8.0,166.08,8.0,2.0,166.08,1.487,0,3.1,0,1,0,0,0,0,1,0,0,0,1,0,0,0,0,1,1
0,12.0,1,17.0,3.0,6,3,5,0,13.0,2.0,2.0,12.0,257.06,12.0,2.0,257.06,1.844,0,3.7,0,1,0,0,0,1,0,0,0,0,0,0,0,0,1,0,0
0,6.0,3,7.0,3.0,4,1,3,0,20.0,4.0,6.0,3.0,229.22,3.0,6.0,229.22,3.367,0,3.5,0,1,0,0,0,0,0,1,0,0,0,0,0,0,1,0,0
0,11.0,1,17.0,3.0,2,1,3,1,26.0,1.0,7.0,9.0,262.44,9.0,7.0,262.44,3.87,0,2.3,1,1,0,0,0,0,1,0,0,0,0,0,0,0,1,0,0
0,1.0,3,15.0,3.0,4,3,2,1,23.0,2.0,2.0,5.0,174.07,5.0,2.0,174.07,1.53,1,3.1,0,1,0,0,0,0,0,0,1,0,1,0,0,0,1,0,0
0,26.0,3,127.0,3.0,4,1,4,0,16.0,2.0,2.0,1.0,159.82,1.0,2.0,159.82,1.539,0,3.1,0,0,0,0,0,0,1,0,0,0,0,0,1,0,1,0,1
0,18.0,1,7.0,3.0,4,1,8,1,13.0,1.0,2.0,3.0,149.36,3.0,2.0,149.36,1.447,0,2.9,1,0,1,0,0,1,0,0,0,0,0,0,1,0,0,1,1
0,1.0,3,12.0,3.0,4,5,3,1,12.0,2.0,2.0,3.0,148.8,3.0,2.0,148.8,1.445,1,3.1,0,0,1,0,0,1,0,0,0,0,0,0,1,0,0,1,1
0,13.0,1,16.0,3.0,4,1,4,0,15.0,1.0,2.0,4.0,319.31,4.0,2.0,319.31,2.117,0,2.9,0,0,0,0,0,0,1,0,0,0,0,0,0,1,0,1,1
1,1.0,3,16.0,3.0,4,5,3,0,20.0,2.0,2.0,1.0,142.9,1.0,2.0,142.9,1.472,1,3.1,0,0,0,0,0,0,0,1,0,0,0,0,1,0,1,0,1
0,10.0,3,10.0,4.0,5,1,2,0,20.0,4.0,4.0,5.0,201.44,5.0,4.0,201.44,2.439,0,4.3,0,1,0,0,0,1,0,0,0,0,0,0,0,0,1,0,0
0,10.0,1,11.0,4.0,4,4,9,0,14.0,2.0,2.0,3.0,176.31,3.0,2.0,176.31,1.555,0,3.6,0,0,0,0,0,0,1,0,0,0,1,0,0,0,1,0,0
0,30.0,1,7.0,3.0,4,3,3,0,22.0,1.0,2.0,10.0,188.06,10.0,2.0,188.06,1.57,0,2.9,0,0,0,0,0,0,1,0,0,0,1,0,0,0,1,0,1
1,1.0,1,7.0,3.0,4,1,11,1,15.0,3.0,3.0,3.0,172.87,3.0,3.0,172.87,1.941,1,3.3,1,1,0,0,0,1,0,0,0,0,0,0,1,0,1,0,1
0,16.0,1,9.0,3.0,4,3,7,0,15.0,2.0,5.0,15.0,313.8,15.0,5.0,313.8,3.268,0,3.1,0,1,0,0,0,0,1,0,0,0,0,0,0,1,1,0,1
1,20.0,1,14.0,4.0,4,3,10,0,12.0,7.0,10.0,9.0,148.39,9.0,10.0,148.39,4.614,0,4.6,0,0,1,1,0,0,0,0,0,0,0,0,1,0,1,0,1
0,15.0,1,35.0,3.0,5,4,2,0,24.0,2.0,2.0,11.0,260.7,11.0,2.0,260.7,1.859,0,3.4,0,1,0,0,0,0,1,0,0,1,0,0,0,0,1,0,0
0,8.0,3,35.0,4.0,5,3,3,0,22.0,2.0,2.0,8.0,192.12,8.0,2.0,192.12,1.591,0,3.9,0,1,0,0,0,0,0,1,0,0,1,0,0,0,1,0,0
0,10.0,3,22.0,3.0,6,1,3,0,25.0,5.0,12.0,12.0,179.06,12.0,12.0,179.06,5.532,0,4.3,0,0,0,0,0,0,0,1,0,0,1,0,0,0,1,0,1
0,15.0,3,10.0,3.0,5,4,4,0,12.0,1.0,2.0,3.0,214.38,3.0,2.0,214.38,1.708,0,3.2,0,1,0,0,0,0,1,0,0,0,1,0,0,0,1,0,1
0,6.0,1,9.0,4.0,4,5,3,0,15.0,2.0,2.0,3.0,149.39,3.0,2.0,149.39,1.448,0,3.6,0,0,1,1,0,0,0,0,0,0,0,0,1,0,0,1,1
0,9.0,2,33.0,3.0,4,1,3,1,17.0,2.0,2.0,3.0,213.37,3.0,2.0,213.37,1.703,0,3.1,1,1,0,0,0,0,1,0,0,0,0,0,0,0,0,1,0
0,12.0,3,17.0,4.0,4,1,3,0,12.0,1.0,2.0,10.0,178.43,10.0,2.0,178.43,1.532,0,3.4,0,1,0,0,0,0,1,0,0,0,1,0,0,0,1,0,0
1,14.0,3,7.0,4.0,4,3,9,0,13.0,2.0,2.0,2.0,192.28,2.0,2.0,192.28,1.636,0,3.6,0,0,0,0,0,0,1,0,0,0,1,0,0,0,1,0,1
0,10.0,3,18.0,4.0,5,1,6,0,14.0,2.0,2.0,1.0,191.52,1.0,2.0,191.52,1.666,0,3.9,0,1,0,0,0,0,0,1,0,0,1,0,0,0,1,0,0
0,19.0,3,27.0,3.0,4,3,10,0,16.0,2.0,2.0,2.0,173.5,2.0,2.0,173.5,1.561,0,3.1,0,1,0,0,0,0,1,0,0,0,1,0,0,0,0,1,0
0,14.0,1,9.0,3.0,5,3,4,0,15.0,1.0,3.0,3.0,153.09,3.0,3.0,153.09,1.862,0,3.2,0,1,0,0,0,0,1,0,0,0,0,0,1,0,0,1,1
0,9.0,1,25.0,4.0,4,3,3,1,15.0,2.0,2.0,3.0,181.89,3.0,2.0,181.89,1.578,0,3.6,0,0,0,0,0,0,1,0,0,0,1,0,0,0,1,0,1
0,14.0,1,9.0,4.0,4,3,4,0,15.0,2.0,2.0,3.0,145.01,3.0,2.0,145.01,1.43,0,3.6,0,0,1,0,0,1,0,0,0,0,0,0,1,0,1,0,0
0,9.0,1,7.0,4.0,6,1,3,0,13.0,1.0,2.0,2.0,154.77,2.0,2.0,154.77,1.486,0,4.0,0,1,0,0,0,0,1,0,0,0,0,0,1,0,1,0,0
0,3.0,1,20.0,3.0,5,4,6,1,14.0,2.0,2.0,4.0,165.25,4.0,2.0,165.25,1.501,0,3.4,0,1,0,0,0,0,0,0,1,0,1,0,0,0,1,0,1
0,3.0,1,35.0,4.0,5,5,3,0,15.0,1.0,2.0,5.0,162.85,5.0,2.0,162.85,1.485,0,3.7,0,1,0,0,0,1,0,0,0,0,0,0,1,0,0,1,0
1,14.0,3,35.0,3.0,5,5,6,1,14.0,1.0,2.0,1.0,233.54000000000002,1.0,2.0,233.54000000000002,1.834,0,3.2,0,1,0,0,0,0,0,1,0,0,0,0,0,0,1,0,1
0,13.0,3,31.0,3.0,5,1,2,0,12.0,2.0,2.0,7.0,245.31,7.0,2.0,245.31,1.806,0,3.4,0,1,0,0,0,0,0,1,0,1,0,0,0,0,1,0,0
0,5.0,1,12.0,4.0,4,5,2,0,20.0,1.0,2.0,3.0,224.36,3.0,2.0,224.36,1.747,0,3.4,0,0,0,0,0,1,0,0,0,0,1,0,0,0,0,1,1
0,1.0,3,12.0,2.0,5,3,2,0,19.0,1.0,2.0,1.0,154.66,1.0,2.0,154.66,1.519,1,2.7,0,1,0,0,0,0,0,0,1,0,0,0,1,0,0,1,0
0,10.0,1,30.0,3.0,2,1,6,0,18.0,1.0,2.0,4.0,150.71,4.0,2.0,150.71,1.443,0,2.3,0,0,0,0,0,1,0,0,0,0,1,0,0,0,1,0,1
0,13.0,1,13.0,3.0,5,5,6,0,16.0,2.0,2.0,3.0,224.91,3.0,2.0,224.91,1.75,0,3.4,0,1,0,0,0,1,0,0,0,0,0,0,0,0,1,0,1
0,1.0,1,11.0,3.0,2,4,3,1,21.0,2.0,2.0,4.0,186.42,4.0,2.0,186.42,1.586,1,2.5,0,1,0,0,0,0,1,0,0,0,1,0,0,0,1,0,1
0,23.0,3,9.0,4.0,5,4,4,0,15.0,2.0,2.0,9.0,178.9,9.0,2.0,178.9,1.536,0,3.9,0,0,0,0,0,1,0,0,0,0,1,0,0,0,1,0,1
0,8.0,1,15.0,3.0,2,3,4,0,13.0,1.0,2.0,3.0,169.04,3.0,2.0,169.04,1.526,0,2.3,0,1,0,0,0,1,0,0,0,0,1,0,0,0,1,0,1
1,5.0,3,7.0,4.0,4,1,10,1,12.0,1.0,2.0,6.0,184.93,6.0,2.0,184.93,1.568,0,3.4,1,1,0,0,0,0,1,0,0,0,1,0,0,0,0,1,0
0,23.0,1,15.0,4.0,5,4,3,0,24.0,1.0,2.0,8.0,176.3,8.0,2.0,176.3,1.527,0,3.7,0,0,0,0,0,0,1,0,0,0,1,0,0,0,1,0,1
1,1.0,1,9.0,4.0,5,3,8,1,16.0,1.0,2.0,1.0,145.9,1.0,2.0,145.9,1.484,1,3.7,0,0,1,0,0,0,0,0,1,0,0,0,1,0,0,1,1
0,7.0,1,10.0,3.0,4,3,3,1,12.0,3.0,4.0,1.0,154.09,1.0,4.0,154.09,2.316,0,3.3,0,0,0,0,0,0,1,0,0,0,0,0,1,0,1,0,0
0,1.0,1,9.0,3.0,4,4,11,0,13.0,2.0,3.0,3.0,159.68,3.0,3.0,159.68,1.889,1,3.1,0,1,0,0,0,1,0,0,0,0,0,0,1,0,1,0,1
0,6.0,1,9.0,4.0,4,1,2,0,14.0,2.0,4.0,7.0,155.68,7.0,4.0,155.68,2.248,0,3.6,0,0,0,0,0,0,1,0,0,0,0,0,1,0,0,1,1
0,31.0,1,10.0,3.0,2,5,6,1,21.0,1.0,2.0,1.0,151.7,1.0,2.0,151.7,1.507,0,2.3,0,1,0,0,0,1,0,0,0,0,0,0,1,0,1,0,0
0,4.0,1,31.0,4.0,4,3,3,0,23.0,2.0,2.0,1.0,151.93,1.0,2.0,151.93,1.508,0,3.6,0,1,0,0,0,0,1,0,0,0,0,0,1,0,1,0,1
0,12.0,1,30.0,3.0,5,3,2,0,22.0,2.0,2.0,3.0,220.26,3.0,2.0,220.26,1.731,0,3.4,0,0,0,0,0,0,1,0,0,0,0,0,0,0,0,1,1
0,10.0,1,34.0,4.0,4,3,8,0,14.0,1.0,8.0,8.0,177.37,8.0,8.0,177.37,3.932,0,3.4,0,1,0,0,0,1,0,0,0,0,1,0,0,0,1,0,1
0,9.0,1,23.0,3.0,2,4,2,0,14.0,2.0,2.0,4.0,149.26,4.0,2.0,149.26,1.437,0,2.5,0,0,1,0,0,1,0,0,0,0,0,0,1,0,1,0,1
0,3.0,1,22.0,3.0,5,3,2,1,13.0,2.0,2.0,9.0,166.93,9.0,2.0,166.93,1.488,0,3.4,0,1,0,0,0,0,1,0,0,0,1,0,0,0,0,1,0
0,5.0,1,33.0,3.0,4,3,3,0,18.0,4.0,5.0,4.0,154.11,4.0,5.0,154.11,2.656,0,3.5,0,1,0,0,0,0,1,0,0,0,0,0,1,0,1,0,1
0,8.0,1,26.0,4.0,4,1,2,0,12.0,1.0,2.0,3.0,151.61,3.0,2.0,151.61,1.456,0,3.4,0,1,0,0,0,1,0,0,0,0,0,0,1,0,1,0,1
1,1.0,1,31.0,3.0,5,3,7,1,15.0,1.0,2.0,4.0,145.28,4.0,2.0,145.28,1.421,1,3.2,0,0,1,0,0,0,1,0,0,0,0,0,1,0,0,1,1
0,3.0,1,28.0,3.0,2,5,3,0,12.0,7.0,9.0,3.0,224.8,3.0,9.0,224.8,4.549,0,3.5,0,1,0,0,0,0,1,0,0,0,0,0,0,0,1,0,0
0,6.0,1,12.0,4.0,2,4,2,1,13.0,2.0,2.0,6.0,157.98,6.0,2.0,157.98,1.46,0,3.0,0,1,0,0,0,0,1,0,0,0,0,0,1,0,1,0,1
0,1.0,1,23.0,4.0,2,1,3,1,14.0,1.0,2.0,1.0,154.35,1.0,2.0,154.35,1.517,1,2.8,1,0,0,0,0,1,0,0,0,0,0,0,1,0,1,0,1
0,27.0,3,9.0,4.0,5,1,4,0,17.0,1.0,4.0,8.0,279.27,8.0,4.0,279.27,2.739,0,3.7,0,1,0,0,0,0,1,0,0,1,0,0,0,0,1,0,0
0,12.0,1,9.0,3.0,4,1,7,1,12.0,1.0,2.0,3.0,164.44,3.0,2.0,164.44,1.508,0,2.9,1,1,0,0,0,0,1,0,0,0,0,0,1,0,0,1,1
0,1.0,1,18.0,4.0,2,3,2,0,19.0,1.0,2.0,4.0,165.11,4.0,2.0,165.11,1.5,1,2.8,0,0,0,0,0,0,0,0,1,0,1,0,0,0,1,0,0
1,1.0,3,16.0,3.0,5,5,9,0,24.0,1.0,2.0,4.0,159.07,4.0,2.0,159.07,1.476,1,3.2,0,1,0,0,0,0,1,0,0,0,0,0,1,0,0,1,1
0,8.0,1,14.0,3.0,4,4,2,0,12.0,1.0,2.0,12.0,244.94,12.0,2.0,244.94,1.795,0,2.9,0,1,0,0,0,0,1,0,0,0,0,0,0,0,0,1,0
0,1.0,1,22.0,4.0,4,1,3,0,15.0,2.0,2.0,1.0,137.32,1.0,2.0,137.32,1.449,1,3.6,0,0,1,0,0,0,1,0,0,0,0,0,1,0,0,1,1
1,1.0,1,13.0,3.0,4,5,4,0,12.0,1.0,2.0,4.0,154.6,4.0,2.0,154.6,1.458,1,2.9,0,1,0,0,0,1,0,0,0,0,0,0,1,0,0,1,1
0,27.0,1,12.0,3.0,4,3,6,0,15.0,2.0,5.0,9.0,315.94,9.0,5.0,315.94,3.284,0,3.1,0,1,0,0,0,0,0,0,1,0,0,0,0,1,1,0,0
1,1.0,1,23.0,4.0,6,5,3,1,23.0,1.0,7.0,8.0,164.19,8.0,7.0,164.19,3.479,1,4.0,0,0,0,0,0,0,1,0,0,0,0,0,1,0,0,1,0
0,16.0,3,15.0,3.0,4,4,2,0,12.0,3.0,5.0,3.0,193.25,3.0,5.0,193.25,2.823,0,3.3,0,1,0,0,0,0,0,1,0,0,1,0,0,0,1,0,1
0,18.0,1,14.0,3.0,5,1,5,0,15.0,1.0,6.0,3.0,227.48,3.0,6.0,227.48,3.36,0,3.2,0,1,0,0,0,1,0,0,0,0,0,0,0,0,1,0,0
0,20.0,3,9.0,3.0,4,5,5,0,15.0,3.0,3.0,2.0,314.47,2.0,3.0,314.47,2.525,0,3.3,0,1,0,0,0,0,0,1,0,0,0,0,0,1,0,1,0
0,7.0,1,9.0,4.0,4,1,6,0,12.0,1.0,2.0,1.0,149.96,1.0,2.0,149.96,1.5,0,3.4,0,1,0,0,0,1,0,0,0,0,0,0,1,0,0,1,1
0,18.0,1,17.0,3.0,4,1,4,1,14.0,1.0,2.0,4.0,189.65,4.0,2.0,189.65,1.599,0,2.9,1,1,0,0,0,0,0,0,1,0,1,0,0,0,1,0,1
0,4.0,1,16.0,3.0,5,3,3,0,14.0,1.0,2.0,9.0,147.06,9.0,2.0,147.06,1.408,0,3.2,0,0,1,0,0,1,0,0,0,0,0,0,1,0,0,1,1
1,3.0,3,12.0,3.0,4,1,5,0,15.0,1.0,2.0,1.0,145.86,1.0,2.0,145.86,1.483,0,2.9,0,0,1,1,0,0,0,0,0,0,1,0,0,0,1,0,1
1,1.0,1,7.0,4.0,4,1,4,1,17.0,1.0,3.0,1.0,147.93,1.0,3.0,147.93,1.892,1,3.4,1,0,1,0,0,1,0,0,0,0,0,0,1,0,1,0,1
0,17.0,1,9.0,4.0,2,3,3,0,13.0,2.0,2.0,5.0,151.45,5.0,2.0,151.45,1.439,0,3.0,0,1,0,0,0,1,0,0,0,0,0,0,1,0,1,0,0
1,14.0,3,10.0,3.0,5,3,3,1,15.0,2.0,2.0,3.0,151.83,3.0,2.0,151.83,1.457,0,3.4,0,1,0,0,0,0,0,1,0,0,0,0,1,0,1,0,1
0,9.0,3,9.0,4.0,4,1,3,0,14.0,3.0,3.0,3.0,145.14,3.0,3.0,145.14,1.831,0,3.8,0,0,1,0,0,0,0,1,0,0,0,0,1,0,1,0,0
0,10.0,1,12.0,3.0,5,5,11,1,15.0,2.0,2.0,1.0,159.19,1.0,2.0,159.19,1.537,0,3.4,0,1,0,0,0,0,1,0,0,0,0,0,1,0,1,0,0
0,7.0,3,7.0,3.0,2,5,4,0,20.0,1.0,2.0,4.0,178.76,4.0,2.0,178.76,1.555,0,2.3,0,0,0,0,0,0,1,0,0,0,1,0,0,0,1,0,0
0,9.0,1,11.0,4.0,4,1,3,0,13.0,2.0,2.0,1.0,144.51,1.0,2.0,144.51,1.478,0,3.6,0,0,1,0,0,0,0,0,1,0,0,0,1,0,1,0,1
0,1.0,1,9.0,3.0,4,5,3,0,14.0,2.0,2.0,1.0,148.41,1.0,2.0,148.41,1.494,1,3.1,0,0,1,0,0,0,1,0,0,0,0,0,1,0,1,0,0
1,1.0,1,32.0,3.0,6,3,3,0,13.0,1.0,2.0,2.0,147.93,2.0,2.0,147.93,1.458,1,3.5,0,0,1,0,0,0,1,0,0,0,0,0,1,0,0,1,1
0,1.0,3,15.0,3.0,4,3,3,0,16.0,2.0,2.0,3.0,212.26,3.0,2.0,212.26,1.699,1,3.1,0,0,0,0,0,0,1,0,0,0,0,0,0,0,0,1,1
0,4.0,1,7.0,3.0,4,1,3,0,24.0,2.0,4.0,8.0,165.11,8.0,4.0,165.11,2.283,0,3.1,0,0,0,0,0,1,0,0,0,0,1,0,0,0,0,1,0
1,5.0,1,19.0,3.0,4,3,3,0,15.0,2.0,16.0,9.0,320.45,9.0,16.0,320.45,7.702,0,3.1,0,1,0,0,1,0,0,0,0,0,0,0,0,1,1,0,0
0,8.0,3,30.0,4.0,4,3,2,0,21.0,1.0,9.0,8.0,170.68,8.0,9.0,170.68,4.305,0,3.4,0,0,0,0,0,0,0,1,0,0,1,0,0,0,0,1,1
0,11.0,1,26.0,4.0,4,4,6,0,22.0,1.0,2.0,1.0,155.22,1.0,2.0,155.22,1.521,0,3.4,0,1,0,0,0,0,1,0,0,0,0,0,1,0,1,0,1
0,20.0,3,12.0,4.0,4,1,6,1,22.0,2.0,2.0,9.0,182.72,9.0,2.0,182.72,1.551,0,3.6,1,0,0,0,0,0,0,1,0,0,1,0,0,0,0,1,1
0,9.0,1,15.0,3.0,2,1,3,0,20.0,2.0,2.0,2.0,147.69,2.0,2.0,147.69,1.457,0,2.5,0,0,1,0,0,0,1,0,0,0,0,0,1,0,1,0,1
1,12.0,1,7.0,4.0,5,3,11,1,14.0,1.0,2.0,1.0,178.81,1.0,2.0,178.81,1.615,0,3.7,0,1,0,0,0,0,1,0,0,0,0,0,0,0,0,1,1
1,1.0,1,12.0,3.0,4,3,3,1,14.0,1.0,3.0,3.0,159.41,3.0,3.0,159.41,1.888,1,2.9,0,1,0,1,0,0,0,0,0,0,0,0,1,0,0,1,1
0,18.0,3,7.0,4.0,4,5,7,1,22.0,2.0,2.0,4.0,179.54,4.0,2.0,179.54,1.558,0,3.6,0,1,0,0,0,0,0,1,0,0,1,0,0,0,1,0,0
0,9.0,1,18.0,4.0,5,5,4,1,14.0,2.0,3.0,3.0,223.84,3.0,3.0,223.84,2.145,0,3.9,0,0,0,0,0,1,0,0,0,0,0,0,0,0,1,0,1
0,1.0,3,30.0,3.0,5,1,9,1,20.0,1.0,2.0,1.0,166.57,1.0,2.0,166.57,1.566,1,3.2,1,1,0,0,0,0,0,1,0,0,1,0,0,0,1,0,0
0,7.0,1,30.0,4.0,4,1,3,1,13.0,4.0,2.0,13.0,259.58,13.0,2.0,259.58,1.853,0,4.0,1,0,0,0,0,0,1,0,0,0,0,0,0,0,0,1,0
0,9.0,3,6.0,4.0,4,5,3,0,23.0,1.0,2.0,3.0,215.69,3.0,2.0,215.69,1.713,0,3.4,0,0,0,0,0,0,1,0,0,0,0,0,0,0,1,0,1
0,9.0,1,30.0,2.0,4,5,5,1,16.0,1.0,3.0,3.0,165.14,3.0,3.0,165.14,1.911,0,2.4,0,1,0,0,0,1,0,0,0,0,0,0,1,0,1,0,0
0,5.0,1,14.0,3.0,4,1,5,0,23.0,1.0,2.0,8.0,184.15,8.0,2.0,184.15,1.559,0,2.9,0,1,0,0,0,0,1,0,0,0,1,0,0,0,1,0,1
0,11.0,1,7.0,3.0,5,3,3,0,19.0,1.0,2.0,8.0,184.93,8.0,2.0,184.93,1.562,0,3.2,0,1,0,0,0,0,1,0,0,0,1,0,0,0,1,0,1
0,6.0,1,7.0,3.0,4,1,3,1,23.0,6.0,8.0,9.0,186.62,9.0,8.0,186.62,3.966,0,3.9,1,1,0,0,0,1,0,0,0,0,1,0,0,0,1,0,1
0,12.0,1,36.0,3.0,4,1,3,0,12.0,7.0,10.0,10.0,149.06,10.0,10.0,149.06,4.614,0,4.1,0,0,0,0,0,0,1,0,0,0,1,0,0,0,0,1,0
0,24.0,1,14.0,3.0,5,3,7,1,15.0,5.0,14.0,9.0,312.4,9.0,14.0,312.4,6.87,0,4.0,0,1,0,0,0,1,0,0,0,0,0,0,0,1,1,0,0
0,31.0,3,32.0,5.0,4,5,9,0,12.0,7.0,8.0,10.0,201.37,10.0,8.0,201.37,4.024,0,5.1,0,1,0,0,0,0,1,0,0,0,0,0,0,0,0,1,0
0,10.0,1,15.0,3.0,4,3,3,0,14.0,8.0,13.0,3.0,225.96,3.0,13.0,225.96,6.154,0,4.3,0,1,0,0,1,0,0,0,0,0,0,0,0,0,1,0,0
0,29.0,1,15.0,3.0,4,3,4,1,15.0,1.0,2.0,3.0,272.56,3.0,2.0,272.56,1.94,0,2.9,0,1,0,0,0,1,0,0,0,1,0,0,0,0,1,0,0
0,10.0,1,18.0,4.0,5,4,3,0,14.0,2.0,2.0,4.0,189.99,4.0,2.0,189.99,1.6,0,3.9,0,0,0,0,0,0,1,0,0,0,1,0,0,0,0,1,1
0,19.0,1,14.0,3.0,4,5,4,0,18.0,1.0,2.0,3.0,222.24,3.0,2.0,222.24,1.739,0,2.9,0,1,0,0,0,0,1,0,0,0,0,0,0,0,1,0,1
0,9.0,1,7.0,4.0,4,5,6,0,14.0,1.0,2.0,3.0,146.94,3.0,2.0,146.94,1.438,0,3.4,0,0,0,0,0,1,0,0,0,0,0,0,1,0,1,0,1
1,1.0,1,16.0,4.0,5,3,2,1,18.0,2.0,2.0,1.0,158.88,1.0,2.0,158.88,1.536,1,3.9,0,1,0,0,0,1,0,0,0,0,0,0,1,0,1,0,1
0,31.0,3,7.0,3.0,5,3,9,0,12.0,2.0,2.0,4.0,179.73,4.0,2.0,179.73,1.559,0,3.4,0,0,0,0,0,0,1,0,0,0,1,0,0,0,0,1,0
0,3.0,1,9.0,4.0,4,4,2,0,24.0,2.0,2.0,5.0,152.03,5.0,2.0,152.03,1.441,0,3.6,0,1,0,0,0,0,1,0,0,0,0,0,1,0,1,0,1
0,5.0,1,7.0,3.0,4,4,3,0,18.0,2.0,2.0,1.0,150.01,1.0,2.0,150.01,1.5,0,3.1,0,1,0,0,0,1,0,0,0,0,0,0,1,0,0,1,1
0,6.0,1,7.0,4.0,4,4,3,0,18.0,2.0,2.0,10.0,187.2,10.0,2.0,187.2,1.567,0,3.6,0,1,0,0,0,0,1,0,0,0,1,0,0,0,1,0,1
0,10.0,1,13.0,3.0,2,1,5,0,13.0,1.0,2.0,1.0,155.38,1.0,2.0,155.38,1.522,0,2.3,0,1,0,0,0,0,1,0,0,0,0,0,1,0,1,0,0
0,5.0,1,15.0,4.0,4,1,3,0,24.0,2.0,2.0,9.0,169.24,9.0,2.0,169.24,1.497,0,3.6,0,1,0,0,0,0,1,0,0,0,1,0,0,0,0,1,0
0,9.0,3,7.0,3.0,5,5,2,0,15.0,2.0,3.0,9.0,168.12,9.0,3.0,168.12,1.892,0,3.4,0,1,0,0,0,0,0,1,0,0,1,0,0,0,0,1,1
0,19.0,1,13.0,3.0,4,5,6,1,15.0,2.0,2.0,1.0,257.45,1.0,2.0,257.45,1.93,0,3.1,0,1,0,0,0,0,0,0,1,0,0,0,0,0,1,0,1
0,11.0,1,14.0,2.0,4,3,6,0,14.0,1.0,2.0,3.0,261.64,3.0,2.0,261.64,1.897,0,2.4,0,1,0,0,0,1,0,0,0,0,0,0,0,0,0,1,1
0,20.0,2,12.0,4.0,4,4,3,1,23.0,2.0,2.0,3.0,175.21,3.0,2.0,175.21,1.551,0,3.6,0,1,0,0,0,1,0,0,0,0,1,0,0,0,1,0,1
0,4.0,1,7.0,3.0,5,1,3,1,13.0,2.0,4.0,1.0,176.26,1.0,4.0,176.26,2.405,0,3.4,1,1,0,0,0,0,1,0,0,0,1,0,0,0,1,0,1
0,9.0,1,7.0,2.0,5,3,3,0,19.0,2.0,2.0,5.0,153.59,5.0,2.0,153.59,1.448,0,2.9,0,1,0,0,0,1,0,0,0,0,0,0,1,0,0,1,1
0,29.0,3,7.0,4.0,4,1,5,0,15.0,1.0,2.0,3.0,227.39,3.0,2.0,227.39,1.76,0,3.4,0,1,0,0,0,0,1,0,0,0,0,0,0,0,1,0,1
0,12.0,1,13.0,4.0,6,1,9,1,13.0,1.0,2.0,10.0,178.29,10.0,2.0,178.29,1.531,0,4.0,1,0,0,0,0,1,0,0,0,0,1,0,0,0,1,0,0
0,8.0,1,7.0,4.0,4,4,3,0,16.0,2.0,2.0,4.0,168.25,4.0,2.0,168.25,1.513,0,3.6,0,1,0,0,0,1,0,0,0,0,1,0,0,0,1,0,1
0,30.0,1,14.0,3.0,6,1,6,0,12.0,1.0,2.0,3.0,197.6,3.0,2.0,197.6,1.64,0,3.5,0,1,0,0,0,0,1,0,0,0,0,0,0,0,0,1,1
0,1.0,3,9.0,4.0,4,5,5,0,14.0,2.0,2.0,1.0,148.22,1.0,2.0,148.22,1.493,1,3.6,0,0,1,1,0,0,0,0,0,0,0,0,1,0,1,0,1
0,25.0,1,16.0,4.0,4,1,5,0,24.0,2.0,2.0,4.0,145.75,4.0,2.0,145.75,1.423,0,3.6,0,0,1,0,0,0,1,0,0,0,0,0,1,0,1,0,1
0,4.0,1,9.0,5.0,5,1,3,0,20.0,4.0,11.0,9.0,166.52,9.0,11.0,166.52,5.086,0,4.8,0,1,0,0,0,0,1,0,0,0,1,0,0,0,1,0,1
1,10.0,3,16.0,4.0,5,1,3,0,17.0,4.0,5.0,3.0,221.19,3.0,5.0,221.19,2.935,0,4.3,0,1,0,0,0,1,0,0,0,0,0,0,0,0,0,1,1
0,14.0,1,7.0,4.0,5,4,3,0,23.0,6.0,2.0,12.0,260.03,12.0,2.0,260.03,1.856,0,4.7,0,0,0,0,0,0,1,0,0,1,0,0,0,0,1,0,1
0,25.0,3,28.0,4.0,4,1,2,1,23.0,1.0,2.0,1.0,179.41,1.0,2.0,179.41,1.618,0,3.4,1,1,0,0,0,0,0,1,0,0,1,0,0,0,0,1,1
0,4.0,3,11.0,4.0,5,4,3,1,13.0,3.0,3.0,8.0,177.09,8.0,3.0,177.09,1.931,0,4.1,0,1,0,0,0,1,0,0,0,0,1,0,0,0,1,0,0
0,20.0,1,7.0,3.0,5,5,4,1,14.0,5.0,2.0,6.0,231.73000000000002,6.0,2.0,231.73000000000002,1.755,0,4.0,0,0,0,0,0,1,0,0,0,0,0,0,0,0,1,0,1
0,6.0,3,13.0,3.0,4,3,3,0,17.0,6.0,6.0,8.0,175.1,8.0,6.0,175.1,3.123,0,3.9,0,1,0,0,0,1,0,0,0,0,1,0,0,0,0,1,1
0,28.0,1,9.0,3.0,4,3,11,0,13.0,1.0,2.0,4.0,260.49,4.0,2.0,260.49,1.882,0,2.9,0,1,0,0,1,0,0,0,0,0,0,0,0,0,1,0,0
0,1.0,3,10.0,3.0,4,3,2,0,22.0,1.0,2.0,3.0,174.99,3.0,2.0,174.99,1.55,1,2.9,0,1,0,0,0,0,0,0,1,0,1,0,0,0,1,0,0
0,2.0,3,11.0,3.0,4,3,3,0,16.0,1.0,2.0,5.0,167.21,5.0,2.0,167.21,1.502,1,2.9,0,0,0,0,0,1,0,0,0,0,1,0,0,0,1,0,1
0,31.0,3,17.0,3.0,4,3,2,0,14.0,1.0,2.0,9.0,263.72,9.0,2.0,263.72,1.875,0,2.9,0,1,0,0,0,1,0,0,0,1,0,0,0,0,0,1,1
0,18.0,1,30.0,4.0,4,4,6,0,13.0,1.0,2.0,3.0,145.42,3.0,2.0,145.42,1.432,0,3.4,0,0,0,0,0,1,0,0,0,0,1,0,0,0,1,0,1
1,1.0,2,13.0,4.0,4,5,6,1,23.0,1.0,2.0,3.0,145.73,3.0,2.0,145.73,1.433,1,3.4,0,0,1,0,0,0,0,0,1,0,0,0,1,0,1,0,1
0,6.0,1,7.0,4.0,4,5,3,0,14.0,1.0,2.0,1.0,154.56,1.0,2.0,154.56,1.518,0,3.4,0,1,0,0,0,0,1,0,0,0,0,0,1,0,0,1,1
1,1.0,1,13.0,4.0,5,1,3,1,19.0,1.0,2.0,1.0,154.26,1.0,2.0,154.26,1.517,1,3.7,1,0,0,0,0,0,1,0,0,0,0,0,1,0,0,1,0
0,8.0,1,13.0,3.0,4,3,3,0,15.0,1.0,3.0,11.0,173.09,11.0,3.0,173.09,1.909,0,2.9,0,1,0,0,0,0,0,0,1,0,1,0,0,0,0,1,0
0,11.0,1,9.0,4.0,5,1,7,0,15.0,2.0,2.0,1.0,176.63,1.0,2.0,176.63,1.607,0,3.9,0,0,0,0,0,0,1,0,0,0,1,0,0,0,1,0,1
0,31.0,2,9.0,3.0,5,1,11,0,15.0,1.0,3.0,3.0,313.44,3.0,3.0,313.44,2.504,0,3.2,0,0,0,0,0,0,0,0,1,0,0,0,0,1,1,0,0
0,24.0,1,7.0,4.0,4,4,5,1,15.0,1.0,2.0,8.0,306.72,8.0,2.0,306.72,2.049,0,3.4,0,0,0,0,0,0,1,0,0,0,0,0,0,1,1,0,0
1,1.0,3,12.0,3.0,5,3,3,1,12.0,1.0,2.0,4.0,182.44,4.0,2.0,182.44,1.57,1,3.2,0,1,0,0,0,0,0,1,0,0,1,0,0,0,0,1,1
0,1.0,1,14.0,4.0,5,1,3,0,12.0,1.0,3.0,2.0,153.89,2.0,3.0,153.89,1.882,1,3.7,0,1,0,0,0,1,0,0,0,0,0,0,1,0,1,0,1
0,1.0,1,22.0,3.0,4,1,3,0,16.0,2.0,2.0,1.0,153.71,1.0,2.0,153.71,1.515,1,3.1,0,1,0,0,0,1,0,0,0,0,0,0,1,0,0,1,0
0,25.0,1,7.0,2.0,5,5,5,0,21.0,5.0,13.0,9.0,199.84,9.0,13.0,199.84,6.019,0,3.5,0,0,0,0,0,1,0,0,0,0,0,0,0,0,0,1,0
1,1.0,1,14.0,4.0,6,3,3,1,25.0,2.0,2.0,7.0,185.74,7.0,2.0,185.74,1.568,1,4.2,0,0,0,0,0,0,1,0,0,0,1,0,0,0,0,1,1
0,28.0,2,33.0,2.0,2,1,4,1,15.0,3.0,5.0,5.0,298.28,5.0,5.0,298.28,3.226,0,2.2,1,0,0,0,0,0,0,0,1,1,0,0,0,0,0,1,0
0,1.0,1,25.0,3.0,4,3,2,0,13.0,1.0,2.0,3.0,152.74,3.0,2.0,152.74,1.461,1,2.9,0,1,0,0,0,0,1,0,0,0,0,0,1,0,1,0,1
0,8.0,1,13.0,3.0,5,4,8,0,16.0,2.0,2.0,1.0,170.05,1.0,2.0,170.05,1.58,0,3.4,0,1,0,0,0,0,1,0,0,0,1,0,0,0,1,0,0
0,11.0,3,10.0,3.0,4,1,4,0,13.0,1.0,2.0,4.0,199.28,4.0,2.0,199.28,1.637,0,2.9,0,1,0,0,0,0,1,0,0,0,0,0,0,0,0,1,1
0,8.0,1,12.0,3.0,5,5,4,0,13.0,3.0,2.0,9.0,241.31,9.0,2.0,241.31,1.785,0,3.6,0,1,0,0,0,1,0,0,0,0,0,0,0,0,0,1,0
0,10.0,3,18.0,4.0,4,1,2,0,15.0,1.0,3.0,3.0,222.38,3.0,3.0,222.38,2.14,0,3.4,0,0,0,0,1,0,0,0,0,0,0,0,0,0,1,0,0
0,10.0,1,10.0,3.0,4,1,7,0,23.0,1.0,2.0,1.0,153.35,1.0,2.0,153.35,1.513,0,2.9,0,1,0,0,0,0,1,0,0,0,0,0,1,0,1,0,0
0,17.0,3,33.0,4.0,4,1,3,1,15.0,2.0,5.0,13.0,294.59,13.0,5.0,294.59,3.193,0,3.6,1,0,0,0,0,0,1,0,0,1,0,0,0,0,1,0,1
0,4.0,1,30.0,4.0,6,3,3,0,26.0,1.0,2.0,10.0,151.13,10.0,2.0,151.13,1.423,0,4.0,0,0,0,0,0,0,1,0,0,0,0,0,1,0,1,0,1
0,7.0,3,29.0,4.0,4,4,2,0,14.0,1.0,2.0,8.0,186.46,8.0,2.0,186.46,1.568,0,3.4,0,0,0,0,0,0,0,1,0,0,1,0,0,0,1,0,1
1,20.0,1,21.0,4.0,4,4,11,1,19.0,4.0,5.0,4.0,174.63,4.0,5.0,174.63,2.739,0,4.0,0,1,0,0,0,0,1,0,0,0,0,0,1,0,1,0,0
0,25.0,1,13.0,3.0,4,3,9,0,15.0,9.0,16.0,16.0,320.37,16.0,16.0,320.37,7.693,0,4.5,0,1,0,0,0,0,1,0,0,0,0,0,0,1,0,1,1
1,1.0,3,13.0,4.0,6,3,6,1,19.0,1.0,8.0,8.0,186.72,8.0,8.0,186.72,3.969,1,4.0,0,1,0,0,0,0,1,0,0,0,1,0,0,0,1,0,1
0,1.0,1,13.0,3.0,5,4,3,0,20.0,3.0,5.0,4.0,148.68,4.0,5.0,148.68,2.635,1,3.6,0,0,1,0,0,0,0,0,1,0,0,0,1,0,1,0,0
1,21.0,1,30.0,4.0,4,1,3,0,13.0,8.0,16.0,3.0,228.12,3.0,16.0,228.12,7.362,0,4.8,0,1,0,0,0,1,0,0,0,0,0,0,0,0,1,0,0
1,1.0,3,29.0,3.0,4,3,3,1,20.0,2.0,2.0,1.0,141.75,1.0,2.0,141.75,1.467,1,3.1,0,0,1,0,0,0,0,1,0,0,0,0,1,0,0,1,1
0,1.0,1,9.0,4.0,4,1,2,0,15.0,3.0,3.0,2.0,150.23,2.0,3.0,150.23,1.868,1,3.8,0,1,0,1,0,0,0,0,0,0,0,0,1,0,1,0,1
0,23.0,1,27.0,4.0,4,5,3,0,15.0,6.0,6.0,12.0,190.67,12.0,6.0,190.67,3.178,0,4.4,0,1,0,0,0,1,0,0,0,0,1,0,0,0,1,0,0
0,17.0,1,35.0,4.0,2,3,6,0,13.0,1.0,2.0,3.0,172.39,3.0,2.0,172.39,1.54,0,2.8,0,0,0,0,0,1,0,0,0,0,0,0,1,0,0,1,0
0,24.0,3,19.0,4.0,4,1,6,0,12.0,2.0,3.0,3.0,217.08,3.0,3.0,217.08,2.118,0,3.6,0,0,0,0,0,0,0,1,0,0,0,0,0,0,0,1,0
1,1.0,3,27.0,4.0,6,3,5,1,12.0,1.0,3.0,3.0,170.59,3.0,3.0,170.59,1.932,1,4.0,0,1,0,0,0,0,1,0,0,0,1,0,0,0,1,0,0
0,15.0,3,16.0,4.0,4,3,5,1,14.0,1.0,2.0,8.0,206.89,8.0,2.0,206.89,1.65,0,3.4,0,1,0,0,0,0,1,0,0,0,0,0,0,0,1,0,1
0,1.0,2,32.0,4.0,4,3,3,0,24.0,3.0,6.0,8.0,154.42,8.0,6.0,154.42,3.04,1,3.8,0,1,0,0,0,0,1,0,0,0,0,0,1,0,1,0,0
0,10.0,1,13.0,3.0,4,4,8,0,21.0,1.0,2.0,2.0,174.41,2.0,2.0,174.41,1.564,0,2.9,0,1,0,0,0,1,0,0,0,0,1,0,0,0,1,0,1
1,15.0,1,15.0,3.0,6,1,4,0,16.0,2.0,2.0,4.0,231.5,4.0,2.0,231.5,1.766,0,3.7,0,0,0,0,0,0,1,0,0,0,0,0,0,0,0,1,1
0,13.0,3,11.0,3.0,5,3,6,0,15.0,6.0,6.0,10.0,184.02,10.0,6.0,184.02,3.154,0,4.2,0,1,0,0,0,0,1,0,0,0,1,0,0,0,1,0,0
0,1.0,3,35.0,3.0,5,3,4,0,19.0,2.0,3.0,3.0,211.39,3.0,3.0,211.39,2.096,1,3.4,0,1,0,0,0,0,1,0,0,0,1,0,0,0,1,0,1
0,4.0,2,16.0,3.0,4,1,2,1,20.0,5.0,5.0,8.0,188.47,8.0,5.0,188.47,2.776,0,3.7,1,1,0,0,0,0,0,0,1,0,1,0,0,0,1,0,1
1,1.0,1,16.0,3.0,4,5,9,0,23.0,2.0,2.0,5.0,167.0,5.0,2.0,167.0,1.501,1,3.1,0,1,0,0,0,1,0,0,0,0,0,0,1,0,0,1,0
0,19.0,1,36.0,3.0,4,1,7,0,14.0,2.0,2.0,4.0,159.52,4.0,2.0,159.52,1.478,0,3.1,0,1,0,0,0,1,0,0,0,0,0,0,1,0,0,1,1
0,12.0,1,10.0,3.0,4,3,5,1,21.0,3.0,3.0,3.0,168.17,3.0,3.0,168.17,1.923,0,3.3,0,1,0,1,0,0,0,0,0,0,1,0,0,0,0,1,0
0,4.0,1,25.0,4.0,4,3,3,0,15.0,2.0,2.0,5.0,151.32,5.0,2.0,151.32,1.439,0,3.6,0,1,0,0,0,0,1,0,0,0,0,0,1,0,0,1,0
0,6.0,3,16.0,3.0,6,1,2,0,18.0,1.0,2.0,8.0,171.68,8.0,2.0,171.68,1.509,0,3.5,0,0,0,0,0,1,0,0,0,0,1,0,0,0,1,0,1
0,4.0,1,12.0,3.0,4,5,7,0,15.0,1.0,3.0,31.0,157.04,31.0,3.0,157.04,1.834,0,2.9,0,1,0,1,0,0,0,0,0,0,0,0,1,0,1,0,0
0,4.0,1,9.0,3.0,5,1,2,0,14.0,1.0,2.0,3.0,152.2,3.0,2.0,152.2,1.459,0,3.2,0,1,0,0,0,1,0,0,0,0,0,0,1,0,0,1,1
0,15.0,1,17.0,4.0,5,5,6,0,15.0,3.0,8.0,8.0,296.81,8.0,8.0,296.81,4.409,0,4.1,0,0,0,0,0,0,1,0,0,1,0,0,0,0,1,0,1
0,15.0,1,16.0,4.0,4,5,4,0,22.0,1.0,2.0,5.0,147.38,5.0,2.0,147.38,1.423,0,3.4,0,0,1,0,0,0,1,0,0,0,0,0,1,0,1,0,1
0,1.0,1,10.0,4.0,4,4,3,0,15.0,2.0,2.0,1.0,139.83,1.0,2.0,139.83,1.459,1,3.6,0,0,1,0,0,1,0,0,0,0,0,0,1,0,0,1,0
0,14.0,1,33.0,3.0,4,4,3,0,12.0,1.0,3.0,14.0,181.05,14.0,3.0,181.05,1.938,0,2.9,0,0,0,0,0,1,0,0,0,0,1,0,0,0,1,0,0
0,9.0,3,7.0,4.0,4,4,3,0,14.0,1.0,2.0,7.0,197.95,7.0,2.0,197.95,1.617,0,3.4,0,1,0,0,0,0,0,1,0,0,0,0,0,0,1,0,1
0,27.0,3,13.0,3.0,4,3,4,1,21.0,1.0,5.0,6.0,148.06,6.0,5.0,148.06,2.621,0,2.9,0,0,1,0,0,0,0,1,0,0,1,0,0,0,1,0,1
0,19.0,1,16.0,3.0,4,4,10,0,19.0,2.0,2.0,16.0,148.48,16.0,2.0,148.48,1.406,0,3.1,0,0,1,0,0,0,1,0,0,0,1,0,0,0,1,0,1
0,6.0,3,15.0,3.0,4,1,3,0,15.0,3.0,4.0,3.0,214.98,3.0,4.0,214.98,2.51,0,3.3,0,0,0,0,0,0,0,1,0,0,0,0,0,0,0,1,0
0,3.0,1,7.0,3.0,4,3,3,0,14.0,1.0,2.0,10.0,168.19,10.0,2.0,168.19,1.491,0,2.9,0,0,0,1,0,0,0,0,0,0,1,0,0,0,1,0,1
0,25.0,1,14.0,3.0,5,3,4,0,18.0,2.0,2.0,1.0,186.32,1.0,2.0,186.32,1.645,0,3.4,0,1,0,0,0,1,0,0,0,0,1,0,0,0,1,0,1
0,31.0,1,16.0,4.0,5,4,6,1,21.0,2.0,2.0,1.0,158.46,1.0,2.0,158.46,1.534,0,3.9,0,1,0,0,0,1,0,0,0,0,0,0,1,0,1,0,0
0,14.0,3,11.0,4.0,5,1,9,0,12.0,2.0,2.0,12.0,233.55,12.0,2.0,233.55,1.75,0,3.9,0,1,0,0,0,0,0,1,0,0,0,0,0,0,1,0,1
0,8.0,3,9.0,4.0,4,3,8,0,19.0,1.0,2.0,3.0,147.31,3.0,2.0,147.31,1.439,0,3.4,0,0,0,0,0,0,0,1,0,0,0,0,1,0,1,0,0
0,1.0,1,26.0,4.0,4,1,3,0,25.0,3.0,3.0,3.0,148.23,3.0,3.0,148.23,1.843,1,3.8,0,0,1,0,0,1,0,0,0,0,0,0,1,0,1,0,1
0,1.0,1,16.0,3.0,4,4,8,0,19.0,3.0,3.0,3.0,145.24,3.0,3.0,145.24,1.831,1,3.3,0,0,0,0,0,1,0,0,0,0,0,0,1,0,1,0,1
0,2.0,1,28.0,3.0,4,1,3,0,12.0,1.0,2.0,3.0,152.13,3.0,2.0,152.13,1.459,1,2.9,0,1,0,0,0,1,0,0,0,0,0,0,1,0,1,0,1
0,31.0,1,31.0,3.0,2,1,5,1,17.0,2.0,2.0,3.0,219.39,3.0,2.0,219.39,1.728,0,2.5,1,1,0,0,0,0,1,0,0,0,0,0,0,0,1,0,1
0,1.0,1,10.0,4.0,5,3,3,1,16.0,1.0,2.0,2.0,150.66,2.0,2.0,150.66,1.469,1,3.7,0,0,0,0,0,1,0,0,0,0,0,0,1,0,1,0,1
0,24.0,1,18.0,3.0,4,4,5,0,16.0,1.0,5.0,5.0,324.26,5.0,5.0,324.26,3.33,0,2.9,0,1,0,0,0,0,1,0,0,0,0,0,0,1,0,1,0
0,15.0,1,21.0,3.0,4,3,6,0,13.0,2.0,2.0,9.0,149.51,9.0,2.0,149.51,1.418,0,3.1,0,1,0,0,0,0,1,0,0,0,0,0,1,0,1,0,1
0,4.0,3,12.0,3.0,4,1,4,0,13.0,2.0,8.0,3.0,219.19,3.0,8.0,219.19,4.127,0,3.1,0,1,0,0,0,0,1,0,0,0,0,0,0,0,1,0,0
0,12.0,3,7.0,3.0,5,1,6,0,23.0,1.0,2.0,3.0,211.86,3.0,2.0,211.86,1.697,0,3.2,0,1,0,0,0,0,1,0,0,0,1,0,0,0,0,1,0
0,6.0,1,13.0,3.0,4,3,5,0,21.0,1.0,2.0,5.0,155.38,5.0,2.0,155.38,1.455,0,2.9,0,1,0,0,0,0,1,0,0,0,0,0,1,0,0,1,1
0,1.0,1,24.0,3.0,4,4,2,1,17.0,1.0,2.0,2.0,155.58,2.0,2.0,155.58,1.489,1,2.9,0,1,0,1,0,0,0,0,0,0,0,0,1,0,1,0,1
1,1.0,3,7.0,4.0,6,5,2,0,22.0,2.0,2.0,1.0,148.25,1.0,2.0,148.25,1.493,1,4.2,0,0,0,1,0,0,0,0,0,0,0,0,1,0,0,1,0
0,10.0,1,10.0,2.0,4,4,6,0,13.0,3.0,8.0,3.0,145.88,3.0,8.0,145.88,3.834,0,2.8,0,0,0,0,0,1,0,0,0,0,0,0,1,0,0,1,1
0,4.0,1,16.0,4.0,4,5,3,0,12.0,6.0,7.0,11.0,155.72,11.0,7.0,155.72,3.44,0,4.4,0,0,0,0,0,1,0,0,0,0,1,0,0,0,1,0,1
0,19.0,3,11.0,2.0,4,5,6,1,12.0,1.0,2.0,4.0,175.06,4.0,2.0,175.06,1.54,0,2.4,0,1,0,0,0,0,1,0,0,0,1,0,0,0,1,0,0
0,30.0,1,15.0,4.0,4,5,6,1,19.0,3.0,3.0,3.0,167.57,3.0,3.0,167.57,1.92,0,3.8,0,1,0,0,0,0,1,0,0,0,0,0,1,0,1,0,0
0,7.0,1,9.0,3.0,4,1,2,0,15.0,2.0,2.0,3.0,150.0,3.0,2.0,150.0,1.45,0,3.1,0,1,0,0,0,0,1,0,0,0,0,0,1,0,0,1,1
1,1.0,1,9.0,3.0,5,1,3,0,23.0,2.0,2.0,1.0,136.02,1.0,2.0,136.02,1.444,1,3.4,0,0,1,0,0,0,1,0,0,0,0,0,1,0,0,1,1
0,20.0,3,7.0,4.0,4,5,3,0,26.0,9.0,16.0,3.0,229.53,3.0,16.0,229.53,7.368,0,5.0,0,1,0,0,0,0,0,1,0,0,0,0,0,0,1,0,0
0,12.0,1,16.0,4.0,4,1,3,0,13.0,2.0,3.0,2.0,147.88,2.0,3.0,147.88,1.858,0,3.6,0,0,1,0,0,0,1,0,0,0,0,0,1,0,0,1,0
0,5.0,1,19.0,4.0,4,1,10,1,24.0,2.0,2.0,3.0,164.29,3.0,2.0,164.29,1.507,0,3.6,1,1,0,0,0,1,0,0,0,0,0,0,1,0,1,0,0
0,8.0,1,34.0,4.0,4,4,4,0,16.0,1.0,2.0,3.0,148.11,3.0,2.0,148.11,1.442,0,3.4,0,0,1,0,0,1,0,0,0,0,0,0,1,0,0,1,0
1,5.0,3,27.0,4.0,4,4,3,1,23.0,1.0,2.0,3.0,156.4,3.0,2.0,156.4,1.476,0,3.4,0,1,0,0,0,0,0,1,0,0,0,0,1,0,0,1,0
0,24.0,1,7.0,3.0,5,3,4,0,16.0,2.0,2.0,3.0,161.9,3.0,2.0,161.9,1.498,0,3.4,0,1,0,0,0,1,0,0,0,0,0,0,1,0,1,0,1
0,27.0,1,20.0,3.0,2,5,3,0,12.0,2.0,2.0,4.0,169.5,4.0,2.0,169.5,1.518,0,2.5,0,1,0,0,0,1,0,0,0,0,1,0,0,0,1,0,0
0,7.0,1,21.0,4.0,4,4,3,0,14.0,2.0,2.0,7.0,152.56,7.0,2.0,152.56,1.435,0,3.6,0,1,0,0,0,1,0,0,0,0,0,0,1,0,1,0,0
0,14.0,1,11.0,3.0,4,3,3,0,15.0,2.0,10.0,10.0,315.33,10.0,10.0,315.33,5.28,0,3.1,0,1,0,0,0,1,0,0,0,0,0,0,0,1,1,0,0
0,29.0,1,21.0,4.0,2,4,10,0,15.0,3.0,3.0,16.0,312.22,16.0,3.0,312.22,2.461,0,3.2,0,1,0,0,0,1,0,0,0,0,0,0,0,1,0,1,1
0,8.0,1,9.0,3.0,5,3,3,0,18.0,1.0,2.0,3.0,220.47,3.0,2.0,220.47,1.732,0,3.2,0,0,0,0,0,0,1,0,0,0,1,0,0,0,1,0,1
0,25.0,1,10.0,4.0,4,4,5,0,19.0,1.0,2.0,1.0,262.34,1.0,2.0,262.34,1.949,0,3.4,0,1,0,0,0,1,0,0,0,1,0,0,0,0,0,1,0
0,26.0,1,7.0,4.0,5,3,2,0,15.0,8.0,12.0,10.0,324.99,10.0,12.0,324.99,6.118,0,5.1,0,1,0,0,0,0,1,0,0,0,0,0,0,1,1,0,1
0,1.0,1,16.0,5.0,4,4,3,0,17.0,1.0,2.0,4.0,147.79,4.0,2.0,147.79,1.431,1,3.9,0,0,1,0,0,1,0,0,0,0,0,0,1,0,0,1,0
1,1.0,1,30.0,3.0,5,3,5,1,14.0,2.0,2.0,2.0,184.16,2.0,2.0,184.16,1.603,1,3.4,0,1,0,0,0,0,1,0,0,0,1,0,0,0,1,0,1
0,17.0,1,14.0,3.0,2,1,6,0,15.0,2.0,3.0,3.0,145.89,3.0,3.0,145.89,1.834,0,2.5,0,0,0,0,0,1,0,0,0,0,0,0,1,0,1,0,1
0,19.0,1,9.0,4.0,5,1,11,0,15.0,2.0,12.0,9.0,292.92,9.0,12.0,292.92,5.992,0,3.9,0,0,0,0,0,1,0,0,0,1,0,0,0,0,1,0,1
0,11.0,1,28.0,4.0,2,5,3,1,13.0,2.0,2.0,8.0,160.64,8.0,2.0,160.64,1.465,0,3.0,0,1,0,0,0,0,1,0,0,0,0,0,1,0,1,0,1
0,9.0,1,9.0,3.0,4,4,7,0,12.0,1.0,2.0,3.0,169.25,3.0,2.0,169.25,1.527,0,2.9,0,0,0,0,0,1,0,0,0,0,1,0,0,0,0,1,0
0,16.0,1,28.0,3.0,4,3,4,0,17.0,1.0,2.0,3.0,177.65,3.0,2.0,177.65,1.561,0,2.9,0,0,0,0,0,1,0,0,0,0,1,0,0,0,1,0,0
0,12.0,1,9.0,3.0,4,3,11,0,15.0,2.0,2.0,1.0,190.53,1.0,2.0,190.53,1.662,0,3.1,0,1,0,0,0,0,1,0,0,0,1,0,0,0,1,0,1
0,12.0,1,36.0,3.0,4,1,5,0,19.0,1.0,2.0,8.0,187.61,8.0,2.0,187.61,1.573,0,2.9,0,1,0,1,0,0,0,0,0,0,1,0,0,0,1,0,1
0,1.0,1,7.0,3.0,5,5,7,0,20.0,3.0,3.0,1.0,167.98,1.0,3.0,167.98,1.972,1,3.6,0,0,0,1,0,0,0,0,0,0,1,0,0,0,1,0,1
0,23.0,1,25.0,4.0,4,1,3,1,16.0,1.0,2.0,8.0,193.04,8.0,2.0,193.04,1.594,0,3.4,1,0,0,0,0,0,1,0,0,0,1,0,0,0,1,0,1
0,8.0,1,17.0,3.0,4,3,3,1,18.0,3.0,3.0,1.0,163.15,1.0,3.0,163.15,1.953,0,3.3,0,0,0,0,0,1,0,0,0,0,0,0,1,0,1,0,1
0,14.0,1,26.0,2.0,4,1,10,1,16.0,4.0,4.0,8.0,152.41,8.0,4.0,152.41,2.232,0,3.0,1,1,0,0,0,1,0,0,0,0,1,0,0,0,1,0,1
1,2.0,1,36.0,4.0,4,5,9,1,20.0,2.0,2.0,1.0,191.73,1.0,2.0,191.73,1.667,1,3.6,0,1,0,0,0,1,0,0,0,0,1,0,0,0,1,0,1
1,1.0,3,34.0,3.0,4,1,3,0,23.0,1.0,2.0,10.0,201.39,10.0,2.0,201.39,1.624,1,2.9,0,1,0,0,0,0,0,1,0,0,0,0,0,0,1,0,0
0,1.0,1,12.0,3.0,2,4,3,1,17.0,3.0,3.0,3.0,148.28,3.0,3.0,148.28,1.843,1,2.7,0,0,1,0,0,0,1,0,0,0,0,0,1,0,1,0,1
0,10.0,1,25.0,4.0,4,1,3,0,14.0,1.0,2.0,8.0,146.53,8.0,2.0,146.53,1.408,0,3.4,0,0,0,0,0,1,0,0,0,0,0,0,1,0,0,1,0
0,14.0,1,16.0,4.0,5,1,11,0,15.0,1.0,2.0,3.0,173.76,3.0,2.0,173.76,1.545,0,3.7,0,0,0,0,0,0,1,0,0,0,1,0,0,0,1,0,1
0,20.0,1,7.0,4.0,4,5,9,0,17.0,1.0,2.0,3.0,218.96,3.0,2.0,218.96,1.726,0,3.4,0,1,0,0,0,1,0,0,0,0,0,0,0,0,1,0,1
1,1.0,3,11.0,3.0,6,1,3,0,12.0,7.0,10.0,3.0,229.0,3.0,10.0,229.0,4.966,1,4.7,0,1,0,0,0,1,0,0,0,0,0,0,0,0,1,0,1
0,4.0,1,7.0,3.0,5,3,3,0,23.0,5.0,6.0,3.0,209.74,3.0,6.0,209.74,3.289,0,4.0,0,0,0,0,0,0,1,0,0,0,0,0,0,0,0,1,1
0,1.0,3,27.0,3.0,4,3,3,0,15.0,2.0,2.0,3.0,224.81,3.0,2.0,224.81,1.749,1,3.1,0,0,0,0,0,0,1,0,0,0,1,0,0,0,0,1,0
0,25.0,1,15.0,3.0,5,4,7,0,17.0,3.0,2.0,8.0,249.89999999999998,8.0,2.0,249.89999999999998,1.822,0,3.6,0,1,0,0,0,0,1,0,0,0,0,0,0,0,1,0,1
1,1.0,1,10.0,3.0,4,5,7,1,12.0,1.0,2.0,5.0,151.57,5.0,2.0,151.57,1.44,1,2.9,0,1,0,1,0,0,0,0,0,0,0,0,1,0,0,1,0
0,15.0,3,13.0,4.0,4,1,5,1,19.0,1.0,2.0,1.0,260.91,1.0,2.0,260.91,1.944,0,3.4,1,1,0,0,0,0,1,0,0,0,0,0,0,0,0,1,0
1,1.0,3,33.0,3.0,5,5,7,0,16.0,2.0,2.0,2.0,191.96,2.0,2.0,191.96,1.635,1,3.4,0,0,0,0,0,0,0,1,0,0,1,0,0,0,0,1,0
1,1.0,1,7.0,3.0,4,3,2,0,15.0,1.0,2.0,6.0,145.58,6.0,2.0,145.58,1.411,1,2.9,0,0,1,1,0,0,0,0,0,0,0,0,1,0,0,1,1
0,19.0,3,13.0,3.0,5,1,8,0,13.0,6.0,13.0,3.0,213.65,3.0,13.0,213.65,6.105,0,4.2,0,0,0,0,0,1,0,0,0,0,0,0,0,0,0,1,0
0,28.0,3,10.0,3.0,4,5,4,0,15.0,2.0,2.0,6.0,184.4,6.0,2.0,184.4,1.566,0,3.1,0,1,0,0,0,0,0,1,0,0,1,0,0,0,1,0,0
0,10.0,1,12.0,4.0,4,4,10,0,17.0,3.0,4.0,8.0,184.14,8.0,4.0,184.14,2.359,0,3.8,0,1,0,0,0,0,1,0,0,0,1,0,0,0,0,1,1
0,7.0,1,11.0,3.0,5,4,8,0,22.0,1.0,2.0,2.0,151.22,2.0,2.0,151.22,1.472,0,3.2,0,1,0,0,0,1,0,0,0,0,0,0,1,0,1,0,0
0,11.0,1,18.0,3.0,4,1,3,1,15.0,2.0,2.0,8.0,246.85000000000002,8.0,2.0,246.85000000000002,1.81,0,3.1,1,0,0,0,0,0,0,0,1,0,0,0,0,0,1,0,1
0,12.0,3,10.0,4.0,4,3,2,0,13.0,2.0,6.0,3.0,231.08999999999997,3.0,6.0,231.08999999999997,3.374,0,3.6,0,1,0,0,0,0,1,0,0,0,0,0,0,0,1,0,1
0,5.0,1,7.0,3.0,6,3,2,0,13.0,1.0,2.0,5.0,168.45,5.0,2.0,168.45,1.507,0,3.5,0,0,0,0,0,1,0,0,0,0,1,0,0,0,1,0,1
0,31.0,1,10.0,4.0,5,1,5,0,18.0,1.0,2.0,1.0,146.77,1.0,2.0,146.77,1.487,0,3.7,0,0,1,0,0,0,1,0,0,0,0,0,1,0,1,0,1
0,11.0,3,11.0,3.0,4,1,6,0,18.0,4.0,6.0,9.0,152.93,9.0,6.0,152.93,3.032,0,3.5,0,0,0,0,0,0,0,1,0,0,0,0,1,0,1,0,1
0,3.0,3,7.0,3.0,4,1,3,0,15.0,5.0,5.0,2.0,204.18,2.0,5.0,204.18,2.883,0,3.7,0,0,0,0,0,1,0,0,0,0,0,0,0,0,1,0,0
0,9.0,3,7.0,4.0,4,3,3,0,15.0,2.0,2.0,3.0,212.89,3.0,2.0,212.89,1.702,0,3.6,0,0,0,0,0,0,0,1,0,0,0,0,0,0,0,1,0
1,1.0,1,25.0,3.0,5,1,3,1,14.0,1.0,2.0,2.0,148.89,2.0,2.0,148.89,1.462,1,3.2,1,0,1,0,0,1,0,0,0,0,0,0,1,0,0,1,1
0,26.0,1,9.0,3.0,5,1,9,0,16.0,3.0,3.0,3.0,157.12,3.0,3.0,157.12,1.878,0,3.6,0,1,0,0,0,0,1,0,0,0,0,0,1,0,0,1,0
0,16.0,1,11.0,3.0,4,1,3,0,15.0,1.0,12.0,16.0,317.32,16.0,12.0,317.32,6.081,0,2.9,0,1,0,0,1,0,0,0,0,0,0,0,0,1,1,0,1
0,31.0,2,13.0,3.0,4,3,10,0,18.0,1.0,3.0,3.0,147.67,3.0,3.0,147.67,1.841,0,2.9,0,0,1,0,0,1,0,0,0,0,0,0,1,0,1,0,1
0,24.0,3,7.0,4.0,4,1,5,0,15.0,2.0,2.0,7.0,320.17,7.0,2.0,320.17,2.106,0,3.6,0,1,0,0,0,1,0,0,0,0,0,0,0,1,1,0,0
1,1.0,1,21.0,3.0,4,1,7,1,14.0,2.0,2.0,5.0,149.36,5.0,2.0,149.36,1.431,1,3.1,1,0,1,0,0,1,0,0,0,0,0,0,1,0,1,0,1
0,17.0,3,23.0,4.0,4,1,7,1,23.0,1.0,2.0,10.0,285.64,10.0,2.0,285.64,1.961,0,3.4,1,1,0,0,0,0,0,1,0,1,0,0,0,0,1,0,0
1,1.0,1,9.0,3.0,4,5,9,0,21.0,2.0,2.0,8.0,152.07,8.0,2.0,152.07,1.431,1,3.1,0,1,0,0,0,0,1,0,0,0,0,0,1,0,1,0,0
0,26.0,3,9.0,4.0,5,3,3,1,15.0,2.0,16.0,13.0,315.68,13.0,16.0,315.68,7.677,0,3.9,0,0,0,0,0,0,1,0,0,0,0,0,0,1,0,1,1
0,6.0,3,11.0,3.0,4,4,4,0,12.0,2.0,2.0,3.0,164.31,3.0,2.0,164.31,1.507,0,3.1,0,1,0,0,0,0,1,0,0,0,0,0,1,0,1,0,0
1,1.0,1,7.0,4.0,5,3,2,1,15.0,1.0,2.0,3.0,162.3,3.0,2.0,162.3,1.499,1,3.7,0,1,0,0,0,0,1,0,0,0,0,0,1,0,0,1,1
0,13.0,1,7.0,4.0,4,3,9,0,15.0,2.0,2.0,3.0,147.32,3.0,2.0,147.32,1.439,0,3.6,0,0,1,0,0,1,0,0,0,0,0,0,1,0,1,0,0
0,6.0,3,33.0,4.0,4,1,2,0,19.0,3.0,3.0,3.0,169.65,3.0,3.0,169.65,1.929,0,3.8,0,0,0,0,0,0,0,1,0,0,1,0,0,0,1,0,1
0,15.0,1,26.0,3.0,4,5,4,0,17.0,1.0,2.0,1.0,155.72,1.0,2.0,155.72,1.523,0,2.9,0,1,0,0,0,0,1,0,0,0,1,0,0,0,1,0,1
0,14.0,1,31.0,4.0,4,1,3,0,18.0,3.0,5.0,8.0,158.19,8.0,5.0,158.19,2.655,0,3.8,0,1,0,1,0,0,0,0,0,0,1,0,0,0,1,0,1
0,19.0,1,7.0,4.0,2,1,2,0,15.0,2.0,2.0,8.0,317.02,8.0,2.0,317.02,2.09,0,3.0,0,1,0,0,0,0,0,0,1,0,0,0,0,1,1,0,1
0,5.0,1,10.0,4.0,4,3,11,0,13.0,1.0,3.0,3.0,261.75,3.0,3.0,261.75,2.297,0,3.4,0,0,0,0,0,1,0,0,0,0,0,0,0,0,1,0,1
0,7.0,1,12.0,4.0,5,1,3,0,14.0,1.0,2.0,3.0,154.11,3.0,2.0,154.11,1.466,0,3.7,0,1,0,0,0,0,1,0,0,0,0,0,1,0,1,0,0
0,8.0,1,9.0,3.0,5,5,8,0,14.0,1.0,6.0,10.0,184.57,10.0,6.0,184.57,3.156,0,3.2,0,1,0,0,0,0,1,0,0,0,1,0,0,0,1,0,1
0,11.0,1,7.0,3.0,5,5,4,0,15.0,1.0,2.0,3.0,164.2,3.0,2.0,164.2,1.507,0,3.2,0,1,0,0,0,1,0,0,0,0,0,0,1,0,1,0,0
0,19.0,1,14.0,4.0,2,3,6,0,18.0,2.0,2.0,3.0,189.34,3.0,2.0,189.34,1.607,0,3.0,0,0,0,0,0,0,1,0,0,0,1,0,0,0,1,0,1
1,1.0,1,17.0,4.0,4,3,8,0,12.0,1.0,2.0,3.0,225.48,3.0,2.0,225.48,1.752,1,3.4,0,0,0,0,0,1,0,0,0,0,0,0,0,0,1,0,1
0,13.0,1,9.0,4.0,4,3,2,0,26.0,7.0,2.0,9.0,234.38,9.0,2.0,234.38,1.758,0,4.6,0,0,0,0,1,0,0,0,0,0,0,0,0,0,0,1,0
0,3.0,1,22.0,3.0,4,1,3,0,20.0,2.0,2.0,6.0,148.4,6.0,2.0,148.4,1.422,0,3.1,0,0,1,0,0,0,1,0,0,0,0,0,1,0,0,1,1
0,16.0,1,24.0,3.0,2,5,5,1,14.0,2.0,2.0,3.0,190.45,3.0,2.0,190.45,1.612,0,2.5,0,1,0,0,0,0,1,0,0,0,1,0,0,0,0,1,0
0,3.0,3,27.0,3.0,4,1,4,0,15.0,2.0,2.0,3.0,194.31,3.0,2.0,194.31,1.627,0,3.1,0,1,0,0,0,0,0,1,0,0,1,0,0,0,1,0,1
0,1.0,1,7.0,4.0,4,3,2,0,13.0,2.0,2.0,3.0,173.98,3.0,2.0,173.98,1.546,1,3.6,0,1,0,0,0,0,1,0,0,0,1,0,0,0,1,0,0
0,16.0,1,9.0,3.0,5,5,2,1,12.0,8.0,8.0,9.0,150.93,9.0,8.0,150.93,3.824,0,4.6,0,1,0,0,0,1,0,0,0,0,0,0,1,0,1,0,0
0,14.0,1,9.0,3.0,4,3,2,0,15.0,4.0,4.0,10.0,319.36,10.0,4.0,319.36,2.896,0,3.5,0,1,0,0,0,1,0,0,0,0,0,0,0,1,1,0,1
0,25.0,1,7.0,4.0,4,1,3,0,12.0,2.0,2.0,1.0,152.23,1.0,2.0,152.23,1.509,0,3.6,0,1,0,0,0,0,1,0,0,0,0,0,1,0,1,0,1
1,1.0,1,36.0,4.0,5,4,2,0,12.0,1.0,2.0,5.0,159.79,5.0,2.0,159.79,1.472,1,3.7,0,0,0,0,0,1,0,0,0,0,0,0,1,0,0,1,1
0,6.0,1,14.0,4.0,2,4,3,0,21.0,1.0,2.0,4.0,152.94,4.0,2.0,152.94,1.452,0,2.8,0,0,0,0,0,0,1,0,0,0,0,0,1,0,1,0,1
0,12.0,3,9.0,3.0,5,1,5,0,19.0,2.0,8.0,6.0,177.49,6.0,8.0,177.49,3.939,0,3.4,0,0,0,0,0,0,1,0,0,0,1,0,0,0,1,0,1
0,6.0,1,9.0,3.0,5,5,6,0,14.0,1.0,2.0,5.0,146.76,5.0,2.0,146.76,1.42,0,3.2,0,0,1,1,0,0,0,0,0,0,1,0,0,0,0,1,1
0,20.0,3,9.0,4.0,6,4,5,1,15.0,7.0,8.0,8.0,293.72,8.0,8.0,293.72,4.397,0,5.2,0,1,0,0,1,0,0,0,0,1,0,0,0,0,1,0,0
1,1.0,1,9.0,4.0,4,3,4,0,12.0,1.0,2.0,1.0,159.85,1.0,2.0,159.85,1.539,1,3.4,0,1,0,0,0,0,1,0,0,0,0,0,1,0,0,1,1
0,3.0,3,9.0,4.0,5,4,4,0,20.0,2.0,2.0,1.0,191.44,1.0,2.0,191.44,1.666,0,3.9,0,1,0,0,0,1,0,0,0,0,1,0,0,0,1,0,1
0,5.0,1,30.0,4.0,5,1,2,0,22.0,1.0,8.0,9.0,180.82,9.0,8.0,180.82,3.943,0,3.7,0,1,0,0,0,1,0,0,0,0,1,0,0,0,1,0,1
0,1.0,1,12.0,3.0,2,5,3,0,13.0,2.0,2.0,6.0,165.0,6.0,2.0,165.0,1.489,1,2.5,0,0,0,0,0,0,1,0,0,0,1,0,0,0,1,0,1
0,19.0,1,27.0,4.0,4,1,2,1,15.0,3.0,2.0,11.0,259.96,11.0,2.0,259.96,1.857,0,3.8,1,1,0,0,0,1,0,0,0,1,0,0,0,0,1,0,1
0,10.0,1,13.0,3.0,4,1,2,0,12.0,2.0,11.0,12.0,157.1,12.0,11.0,157.1,5.044,0,3.1,0,1,0,0,0,0,1,0,0,0,0,0,1,0,1,0,1
0,29.0,1,7.0,3.0,4,5,2,1,15.0,4.0,5.0,14.0,315.45,14.0,5.0,315.45,3.275,0,3.5,0,1,0,0,0,1,0,0,0,0,0,0,0,1,0,1,1
1,11.0,1,36.0,3.0,4,4,3,1,13.0,5.0,2.0,10.0,243.49,10.0,2.0,243.49,1.792,0,3.7,0,0,0,0,0,0,1,0,0,0,0,0,0,0,1,0,1
0,2.0,1,16.0,4.0,4,1,3,0,24.0,2.0,2.0,5.0,145.7,5.0,2.0,145.7,1.416,1,3.6,0,0,1,0,0,1,0,0,0,0,0,0,1,0,1,0,1
0,11.0,3,13.0,4.0,4,1,6,0,15.0,2.0,2.0,2.0,190.02,2.0,2.0,190.02,1.627,0,3.6,0,1,0,0,0,1,0,0,0,0,1,0,0,0,1,0,1
0,1.0,1,10.0,4.0,5,3,3,0,18.0,2.0,2.0,1.0,157.3,1.0,2.0,157.3,1.529,1,3.9,0,1,0,0,0,1,0,0,0,0,0,0,1,0,0,1,1
0,11.0,1,7.0,4.0,4,1,4,1,19.0,1.0,2.0,3.0,261.03,3.0,2.0,261.03,1.894,0,3.4,1,0,0,0,0,1,0,0,0,0,0,0,0,0,1,0,0
0,9.0,1,29.0,4.0,2,4,9,0,19.0,6.0,2.0,3.0,244.95999999999998,3.0,2.0,244.95999999999998,1.83,0,3.8,0,1,0,0,0,0,1,0,0,0,0,0,0,0,1,0,0
0,12.0,3,14.0,3.0,2,5,3,1,25.0,5.0,8.0,8.0,181.05,8.0,8.0,181.05,3.946,0,3.1,0,1,0,0,0,1,0,0,0,0,1,0,0,0,1,0,0
0,1.0,1,7.0,3.0,4,4,3,0,21.0,2.0,2.0,5.0,188.97,5.0,2.0,188.97,1.589,1,3.1,0,0,0,0,0,0,1,0,0,0,1,0,0,0,1,0,0
0,24.0,1,11.0,4.0,4,4,5,0,15.0,1.0,2.0,7.0,316.44,7.0,2.0,316.44,2.091,0,3.4,0,1,0,0,0,0,1,0,0,0,0,0,0,1,1,0,1
0,27.0,1,10.0,3.0,4,3,5,1,15.0,2.0,2.0,4.0,300.84,4.0,2.0,300.84,2.043,0,3.1,0,1,0,0,0,1,0,0,0,1,0,0,0,0,1,0,1
0,16.0,3,7.0,2.0,4,3,3,0,26.0,7.0,12.0,7.0,174.07,7.0,12.0,174.07,5.521,0,3.6,0,1,0,0,0,0,1,0,0,0,1,0,0,0,1,0,1
0,3.0,3,9.0,3.0,4,1,3,0,19.0,1.0,2.0,10.0,170.54,10.0,2.0,170.54,1.5,0,2.9,0,0,0,0,0,0,1,0,0,0,1,0,0,0,0,1,1
0,29.0,1,27.0,3.0,4,1,5,1,20.0,1.0,2.0,9.0,179.15,9.0,2.0,179.15,1.537,0,2.9,1,1,0,1,0,0,0,0,0,0,1,0,0,0,1,0,1
0,1.0,1,18.0,3.0,4,5,3,1,14.0,2.0,4.0,4.0,172.41,4.0,4.0,172.41,2.33,1,3.1,0,0,0,0,0,1,0,0,0,0,1,0,0,0,1,0,1
0,11.0,1,7.0,3.0,4,1,3,0,13.0,2.0,6.0,8.0,146.15,8.0,6.0,146.15,3.007,0,3.1,0,0,1,0,0,0,1,0,0,0,0,0,1,0,0,1,0
1,8.0,1,31.0,3.0,4,3,5,1,23.0,1.0,2.0,1.0,156.61,1.0,2.0,156.61,1.526,0,2.9,0,0,0,0,0,0,1,0,0,0,0,0,1,0,1,0,1
0,12.0,1,30.0,3.0,4,1,11,0,15.0,1.0,2.0,3.0,182.45,3.0,2.0,182.45,1.58,0,2.9,0,1,0,0,0,0,1,0,0,0,1,0,0,0,1,0,1
1,1.0,1,23.0,3.0,4,4,4,1,14.0,2.0,2.0,3.0,148.73,3.0,2.0,148.73,1.445,1,3.1,0,0,1,0,0,1,0,0,0,0,0,0,1,0,1,0,1
0,2.0,1,15.0,4.0,4,1,3,0,22.0,2.0,2.0,3.0,158.1,3.0,2.0,158.1,1.482,1,3.6,0,1,0,0,0,0,1,0,0,0,0,0,1,0,0,1,0
0,23.0,1,17.0,3.0,4,5,11,1,15.0,1.0,2.0,3.0,311.65,3.0,2.0,311.65,2.097,0,2.9,0,0,0,0,0,0,1,0,0,0,0,0,0,1,0,1,0
0,10.0,1,10.0,2.0,4,4,6,0,13.0,3.0,8.0,8.0,169.85,8.0,8.0,169.85,3.902,0,2.8,0,1,0,1,0,0,0,0,0,0,1,0,0,0,0,1,1
0,5.0,3,12.0,3.0,4,4,3,0,12.0,1.0,3.0,3.0,152.89,3.0,3.0,152.89,1.862,0,2.9,0,0,0,0,0,0,0,1,0,0,0,0,1,0,1,0,0
1,1.0,3,11.0,3.0,5,1,3,1,13.0,5.0,8.0,5.0,183.28,5.0,8.0,183.28,3.966,1,4.0,1,1,0,0,0,0,0,1,0,0,1,0,0,0,0,1,1
0,11.0,1,16.0,3.0,4,1,3,1,13.0,1.0,2.0,3.0,148.26,3.0,2.0,148.26,1.443,0,2.9,1,0,0,0,0,1,0,0,0,0,0,0,1,0,1,0,1
0,16.0,3,33.0,4.0,4,4,7,0,15.0,4.0,2.0,9.0,260.25,9.0,2.0,260.25,1.861,0,4.0,0,0,0,0,0,0,0,1,0,1,0,0,0,0,1,0,0
1,1.0,1,10.0,3.0,4,3,3,0,14.0,2.0,2.0,1.0,139.2,1.0,2.0,139.2,1.457,1,3.1,0,0,1,0,0,0,1,0,0,0,0,0,1,0,0,1,1
0,9.0,3,23.0,4.0,4,4,2,0,16.0,4.0,7.0,10.0,205.2,10.0,7.0,205.2,3.639,0,4.0,0,1,0,0,0,0,0,1,0,0,0,0,0,0,1,0,1
0,10.0,1,25.0,3.0,2,1,6,0,19.0,2.0,2.0,1.0,161.88,1.0,2.0,161.88,1.548,0,2.5,0,0,0,0,0,0,1,0,0,0,0,0,1,0,1,0,1
0,25.0,1,9.0,3.0,6,4,7,0,19.0,1.0,2.0,3.0,179.82,3.0,2.0,179.82,1.569,0,3.5,0,1,0,0,0,1,0,0,0,0,1,0,0,0,1,0,1
0,15.0,3,9.0,3.0,4,4,3,0,20.0,1.0,2.0,5.0,285.15,5.0,2.0,285.15,1.974,0,2.9,0,1,0,0,0,0,1,0,0,1,0,0,0,0,0,1,1
0,1.0,3,17.0,4.0,5,3,3,0,13.0,1.0,2.0,1.0,137.0,1.0,2.0,137.0,1.448,1,3.7,0,0,1,0,0,1,0,0,0,0,0,0,1,0,0,1,0
0,2.0,1,23.0,4.0,2,5,2,0,20.0,1.0,2.0,8.0,181.61,8.0,2.0,181.61,1.549,1,2.8,0,1,0,0,0,1,0,0,0,0,1,0,0,0,0,1,1
0,5.0,3,14.0,4.0,2,1,6,0,12.0,4.0,8.0,8.0,194.29,8.0,8.0,194.29,3.999,0,3.4,0,1,0,0,1,0,0,0,0,0,1,0,0,0,1,0,1
0,13.0,1,7.0,3.0,2,1,2,0,18.0,2.0,4.0,3.0,221.13,3.0,4.0,221.13,2.535,0,2.5,0,1,0,0,0,1,0,0,0,0,0,0,0,0,1,0,1
0,10.0,1,31.0,3.0,4,4,9,0,16.0,2.0,2.0,9.0,181.74,9.0,2.0,181.74,1.547,0,3.1,0,0,0,0,0,0,1,0,0,0,1,0,0,0,1,0,0
0,6.0,3,14.0,4.0,5,3,3,0,15.0,4.0,5.0,9.0,179.84,9.0,5.0,179.84,2.739,0,4.3,0,1,0,0,0,0,1,0,0,0,1,0,0,0,1,0,1
0,12.0,1,32.0,3.0,5,4,5,0,18.0,1.0,2.0,2.0,245.61,2.0,2.0,245.61,1.849,0,3.2,0,1,0,0,0,0,1,0,0,0,0,0,0,0,1,0,0
0,31.0,1,7.0,3.0,6,3,4,1,14.0,2.0,2.0,3.0,181.6,3.0,2.0,181.6,1.576,0,3.7,0,0,0,0,0,0,1,0,0,0,1,0,0,0,1,0,1
0,5.0,1,12.0,3.0,4,1,2,1,13.0,2.0,2.0,4.0,173.21,4.0,2.0,173.21,1.533,0,3.1,1,1,0,1,0,0,0,0,0,0,0,0,1,0,1,0,1
0,5.0,2,9.0,4.0,5,5,5,0,13.0,1.0,2.0,1.0,189.1,1.0,2.0,189.1,1.656,0,3.7,0,1,0,0,0,0,0,0,1,0,1,0,0,0,1,0,1
0,19.0,1,14.0,4.0,4,5,3,0,19.0,3.0,10.0,12.0,177.1,12.0,10.0,177.1,4.724,0,3.8,0,0,0,0,0,0,1,0,0,0,0,0,0,0,1,0,1
0,5.0,1,9.0,3.0,4,1,2,1,19.0,3.0,3.0,3.0,151.95,3.0,3.0,151.95,1.858,0,3.3,1,1,0,0,0,0,1,0,0,0,0,0,1,0,1,0,1
0,7.0,1,12.0,4.0,4,4,8,0,12.0,8.0,2.0,9.0,243.77999999999997,9.0,2.0,243.77999999999997,1.795,0,4.8,0,0,0,0,0,0,1,0,0,0,0,0,0,0,1,0,0
0,1.0,1,17.0,4.0,4,5,3,1,15.0,2.0,12.0,11.0,295.68,11.0,12.0,295.68,5.999,1,3.6,0,1,0,0,0,1,0,0,0,1,0,0,0,0,1,0,1
0,17.0,1,17.0,3.0,4,1,2,0,20.0,1.0,2.0,8.0,149.55,8.0,2.0,149.55,1.42,0,2.9,0,0,0,0,0,0,1,0,0,0,0,0,1,0,0,1,0
0,23.0,1,7.0,3.0,5,3,9,1,13.0,1.0,2.0,8.0,264.64,8.0,2.0,264.64,1.881,0,3.2,0,1,0,0,1,0,0,0,0,1,0,0,0,0,0,1,0
1,16.0,1,15.0,3.0,5,4,4,0,16.0,8.0,8.0,8.0,174.41,8.0,8.0,174.41,3.92,0,4.6,0,1,0,0,0,1,0,0,0,0,1,0,0,0,1,0,1
0,1.0,1,12.0,3.0,4,4,3,1,13.0,1.0,2.0,3.0,149.78,3.0,2.0,149.78,1.449,1,2.9,0,1,0,0,0,0,1,0,0,0,0,0,1,0,0,1,0
0,6.0,3,15.0,4.0,5,4,3,1,12.0,12.0,12.0,10.0,177.28,10.0,12.0,177.28,5.527,0,5.9,0,1,0,1,0,0,0,0,0,0,1,0,0,0,1,0,0
0,1.0,3,9.0,4.0,4,3,3,1,12.0,1.0,2.0,5.0,169.78,5.0,2.0,169.78,1.512,1,3.4,0,1,0,0,0,0,1,0,0,0,1,0,0,0,0,1,1
0,5.0,3,14.0,4.0,4,1,6,0,13.0,1.0,2.0,8.0,200.47,8.0,2.0,200.47,1.624,0,3.4,0,1,0,0,0,0,0,1,0,0,1,0,0,0,1,0,1
0,6.0,1,9.0,4.0,2,1,9,0,17.0,1.0,2.0,8.0,175.55,8.0,2.0,175.55,1.524,0,2.8,0,1,0,0,0,1,0,0,0,0,1,0,0,0,0,1,0
1,1.0,1,9.0,3.0,6,1,7,1,14.0,2.0,3.0,3.0,159.64,3.0,3.0,159.64,1.889,1,3.7,1,1,0,0,0,1,0,0,0,0,0,0,1,0,1,0,1
0,4.0,1,35.0,4.0,4,1,3,0,14.0,2.0,2.0,10.0,182.75,10.0,2.0,182.75,1.549,0,3.6,0,1,0,0,0,1,0,0,0,0,1,0,0,0,1,0,0
0,5.0,1,14.0,3.0,5,3,3,0,25.0,8.0,9.0,3.0,214.43,3.0,9.0,214.43,4.508,0,4.6,0,0,0,0,0,0,1,0,0,0,0,0,0,0,1,0,0
0,13.0,1,14.0,3.0,5,1,3,0,15.0,7.0,14.0,4.0,317.72,4.0,14.0,317.72,6.911,0,4.4,0,0,0,0,0,1,0,0,0,0,0,0,0,1,1,0,1
1,3.0,3,10.0,3.0,4,3,6,1,19.0,2.0,2.0,1.0,177.38,1.0,2.0,177.38,1.61,0,3.1,0,1,0,0,0,1,0,0,0,0,1,0,0,0,1,0,0
0,7.0,3,17.0,3.0,5,1,5,0,15.0,2.0,2.0,2.0,171.82,2.0,2.0,171.82,1.554,0,3.4,0,0,0,0,0,0,0,1,0,0,1,0,0,0,0,1,1
0,21.0,1,12.0,3.0,4,3,6,0,15.0,2.0,2.0,2.0,308.0,2.0,2.0,308.0,2.099,0,3.1,0,1,0,0,0,0,1,0,0,0,0,0,0,1,1,0,1
0,17.0,1,17.0,3.0,5,3,3,0,12.0,2.0,2.0,1.0,177.57,1.0,2.0,177.57,1.61,0,3.4,0,0,0,0,0,0,1,0,0,0,1,0,0,0,1,0,0
0,1.0,3,7.0,4.0,4,4,2,1,14.0,1.0,2.0,5.0,188.49,5.0,2.0,188.49,1.587,1,3.4,0,0,0,0,0,0,0,1,0,0,1,0,0,0,1,0,1
0,28.0,1,27.0,3.0,4,3,5,0,13.0,1.0,2.0,4.0,173.69,4.0,2.0,173.69,1.535,0,2.9,0,0,0,0,0,0,1,0,0,0,1,0,0,0,0,1,0
0,17.0,1,14.0,3.0,4,5,10,0,17.0,2.0,2.0,3.0,224.85,3.0,2.0,224.85,1.749,0,3.1,0,1,0,0,0,0,1,0,0,0,0,0,0,0,1,0,0
0,19.0,1,15.0,4.0,4,1,11,0,15.0,9.0,10.0,9.0,161.97,9.0,10.0,161.97,4.668,0,5.0,0,1,0,0,0,0,0,0,1,0,1,0,0,0,1,0,1
0,14.0,3,7.0,3.0,6,1,4,1,23.0,2.0,2.0,3.0,199.57,3.0,2.0,199.57,1.648,0,3.7,1,1,0,0,0,1,0,0,0,0,1,0,0,0,1,0,1
1,1.0,1,15.0,4.0,6,5,3,1,12.0,1.0,2.0,8.0,146.19,8.0,2.0,146.19,1.407,1,4.0,0,0,1,0,0,0,0,0,1,0,0,0,1,0,1,0,1
0,3.0,1,16.0,2.0,5,1,2,0,18.0,2.0,3.0,3.0,164.83,3.0,3.0,164.83,1.909,0,2.9,0,1,0,0,0,0,0,0,1,0,0,0,1,0,0,1,1
0,4.0,3,12.0,2.0,5,3,3,0,14.0,2.0,2.0,3.0,186.18,3.0,2.0,186.18,1.595,0,2.9,0,1,0,0,0,0,0,1,0,0,1,0,0,0,1,0,0
0,1.0,3,15.0,3.0,4,4,3,0,19.0,1.0,2.0,8.0,187.14,8.0,2.0,187.14,1.571,1,2.9,0,1,0,0,0,0,0,1,0,0,1,0,0,0,1,0,0
0,11.0,1,12.0,4.0,4,1,9,0,17.0,2.0,2.0,5.0,188.47,5.0,2.0,188.47,1.587,0,3.6,0,1,0,0,0,1,0,0,0,0,1,0,0,0,1,0,1
0,12.0,1,22.0,4.0,5,1,2,1,15.0,3.0,2.0,10.0,240.10000000000002,10.0,2.0,240.10000000000002,1.779,0,4.1,1,1,0,0,0,0,1,0,0,0,0,0,0,0,1,0,1
0,5.0,1,14.0,3.0,4,1,3,1,15.0,5.0,5.0,11.0,196.43,11.0,5.0,196.43,2.802,0,3.7,1,1,0,0,0,1,0,0,0,0,0,0,0,0,0,1,0
0,3.0,3,17.0,3.0,5,4,3,1,15.0,2.0,2.0,8.0,207.68,8.0,2.0,207.68,1.653,0,3.4,0,1,0,0,0,0,0,1,0,0,1,0,0,0,1,0,0
0,9.0,1,12.0,4.0,4,4,2,0,14.0,2.0,2.0,14.0,205.95,14.0,2.0,205.95,1.637,0,3.6,0,1,0,0,1,0,0,0,0,0,0,0,0,0,0,1,1
0,1.0,1,33.0,3.0,4,1,3,0,13.0,1.0,2.0,3.0,154.04,3.0,2.0,154.04,1.466,1,2.9,0,1,0,0,0,0,1,0,0,0,0,0,1,0,1,0,1
0,15.0,1,13.0,4.0,5,4,8,1,16.0,2.0,2.0,3.0,185.32,3.0,2.0,185.32,1.591,0,3.9,0,1,0,0,0,1,0,0,0,0,1,0,0,0,0,1,1
0,21.0,3,11.0,4.0,4,3,5,0,20.0,1.0,2.0,1.0,154.76,1.0,2.0,154.76,1.519,0,3.4,0,0,0,0,0,1,0,0,0,0,1,0,0,0,0,1,1
0,16.0,1,30.0,3.0,4,1,4,0,15.0,1.0,2.0,1.0,284.92,1.0,2.0,284.92,2.04,0,2.9,0,1,0,0,0,0,1,0,0,1,0,0,0,0,0,1,0
0,3.0,3,9.0,4.0,4,3,3,0,15.0,2.0,2.0,3.0,171.49,3.0,2.0,171.49,1.536,0,3.6,0,0,0,0,0,0,1,0,0,0,1,0,0,0,1,0,1
0,16.0,2,9.0,3.0,4,3,2,1,12.0,2.0,2.0,1.0,151.96,1.0,2.0,151.96,1.508,0,3.1,0,1,0,1,0,0,0,0,0,0,0,0,1,0,1,0,1
0,6.0,1,9.0,4.0,4,4,3,0,14.0,1.0,2.0,8.0,148.7,8.0,2.0,148.7,1.417,0,3.4,0,0,1,0,0,1,0,0,0,0,0,0,1,0,1,0,0
0,22.0,3,36.0,4.0,4,3,5,0,22.0,1.0,2.0,1.0,250.04000000000002,1.0,2.0,250.04000000000002,1.9,0,3.4,0,1,0,0,0,1,0,0,0,0,0,0,0,0,1,0,0
0,11.0,1,13.0,3.0,2,5,6,1,14.0,7.0,7.0,8.0,184.74,8.0,7.0,184.74,3.561,0,3.5,0,1,0,0,0,1,0,0,0,0,1,0,0,0,1,0,1
0,4.0,3,32.0,3.0,4,3,9,1,13.0,3.0,3.0,3.0,172.36,3.0,3.0,172.36,1.939,0,3.3,0,0,0,1,0,0,0,0,0,0,1,0,0,0,1,0,0
0,1.0,3,7.0,3.0,4,3,3,0,18.0,1.0,8.0,8.0,177.96,8.0,8.0,177.96,3.934,1,2.9,0,1,0,0,0,0,1,0,0,0,1,0,0,0,1,0,1
0,16.0,1,9.0,4.0,5,1,5,0,24.0,2.0,2.0,1.0,192.81,1.0,2.0,192.81,1.671,0,3.9,0,1,0,0,0,0,0,0,1,0,1,0,0,0,0,1,1
1,1.0,3,7.0,4.0,5,4,3,1,12.0,2.0,2.0,3.0,146.74,3.0,2.0,146.74,1.437,1,3.9,0,0,0,1,0,0,0,0,0,0,0,0,1,0,0,1,0
0,10.0,3,7.0,3.0,4,1,6,0,16.0,2.0,2.0,1.0,191.53,1.0,2.0,191.53,1.666,0,3.1,0,0,0,0,0,1,0,0,0,0,1,0,0,0,0,1,0
0,10.0,3,10.0,3.0,5,1,6,0,12.0,1.0,2.0,3.0,221.99,3.0,2.0,221.99,1.738,0,3.2,0,0,0,0,0,1,0,0,0,0,0,0,0,0,1,0,1
0,31.0,1,7.0,3.0,4,3,4,0,12.0,1.0,2.0,3.0,192.55,3.0,2.0,192.55,1.62,0,2.9,0,1,0,0,0,1,0,0,0,0,1,0,0,0,1,0,1
0,14.0,1,17.0,3.0,2,3,5,1,14.0,1.0,2.0,8.0,147.13,8.0,2.0,147.13,1.411,0,2.3,0,0,1,0,0,0,1,0,0,0,0,0,1,0,1,0,0
0,1.0,3,16.0,3.0,4,1,3,0,25.0,3.0,3.0,3.0,151.1,3.0,3.0,151.1,1.854,1,3.3,0,0,0,0,0,1,0,0,0,0,0,0,1,0,0,1,1
1,1.0,3,12.0,3.0,4,3,3,1,14.0,1.0,2.0,1.0,153.51,1.0,2.0,153.51,1.514,1,2.9,0,1,0,0,0,0,0,1,0,0,0,0,1,0,0,1,0
0,11.0,1,17.0,4.0,4,5,8,0,21.0,2.0,2.0,4.0,159.52,4.0,2.0,159.52,1.478,0,3.6,0,1,0,0,0,1,0,0,0,0,0,0,1,0,1,0,0
0,20.0,1,14.0,2.0,4,3,4,0,15.0,2.0,2.0,1.0,177.58,1.0,2.0,177.58,1.61,0,2.6,0,0,0,0,0,1,0,0,0,0,1,0,0,0,1,0,0
1,5.0,3,11.0,3.0,4,4,3,0,19.0,5.0,8.0,3.0,218.55,3.0,8.0,218.55,4.124,0,3.7,0,0,0,0,0,0,0,1,0,0,1,0,0,0,0,1,1
0,24.0,1,17.0,4.0,5,1,8,0,16.0,2.0,2.0,3.0,229.96,3.0,2.0,229.96,1.77,0,3.9,0,1,0,0,1,0,0,0,0,0,0,0,0,0,0,1,1
1,4.0,3,29.0,4.0,5,3,4,1,13.0,2.0,2.0,1.0,188.8,1.0,2.0,188.8,1.655,0,3.9,0,1,0,0,0,0,0,1,0,0,1,0,0,0,1,0,1
0,5.0,1,16.0,3.0,5,4,2,1,17.0,3.0,3.0,3.0,151.57,3.0,3.0,151.57,1.856,0,3.6,0,1,0,0,0,0,1,0,0,0,0,0,1,0,0,1,1
1,1.0,3,19.0,3.0,2,4,3,0,16.0,1.0,2.0,1.0,152.16,1.0,2.0,152.16,1.509,1,2.3,0,1,0,0,0,0,1,0,0,0,0,0,1,0,0,1,0
0,3.0,1,30.0,3.0,4,1,11,0,17.0,1.0,2.0,3.0,147.01,3.0,2.0,147.01,1.438,0,2.9,0,0,1,0,0,0,1,0,0,0,0,0,1,0,0,1,1
0,9.0,1,16.0,4.0,5,4,11,0,20.0,1.0,2.0,1.0,190.4,1.0,2.0,190.4,1.662,0,3.7,0,1,0,0,0,0,1,0,0,0,1,0,0,0,0,1,1
0,1.0,1,7.0,3.0,4,4,3,0,12.0,1.0,2.0,5.0,163.16,5.0,2.0,163.16,1.486,1,2.9,0,1,0,0,0,1,0,0,0,0,0,0,1,0,1,0,1
0,2.0,3,16.0,4.0,4,1,3,0,17.0,2.0,2.0,8.0,177.53,8.0,2.0,177.53,1.532,1,3.6,0,1,0,0,0,0,1,0,0,0,1,0,0,0,0,1,1
0,23.0,1,14.0,3.0,5,3,10,0,25.0,2.0,2.0,1.0,234.64999999999998,1.0,2.0,234.64999999999998,1.839,0,3.4,0,1,0,0,0,0,0,0,1,0,0,0,0,0,0,1,1
0,25.0,3,21.0,3.0,4,1,6,0,12.0,2.0,2.0,8.0,174.36,8.0,2.0,174.36,1.52,0,3.1,0,1,0,0,0,0,1,0,0,0,1,0,0,0,1,0,0
0,10.0,1,9.0,4.0,4,3,6,0,14.0,3.0,3.0,3.0,150.43,3.0,3.0,150.43,1.852,0,3.8,0,1,0,0,0,0,1,0,0,0,0,0,1,0,1,0,0
1,1.0,3,26.0,4.0,2,1,10,1,14.0,1.0,2.0,5.0,178.04,5.0,2.0,178.04,1.545,1,2.8,1,0,0,0,0,0,0,1,0,0,1,0,0,0,0,1,1
0,29.0,1,9.0,4.0,4,1,4,1,14.0,1.0,2.0,3.0,291.59,3.0,2.0,291.59,2.016,0,3.4,1,1,0,0,0,0,1,0,0,1,0,0,0,0,0,1,0
0,1.0,3,17.0,4.0,4,3,3,1,13.0,1.0,2.0,4.0,167.6,4.0,2.0,167.6,1.51,1,3.4,0,1,0,0,0,0,0,1,0,0,1,0,0,0,1,0,0
0,4.0,3,9.0,4.0,4,4,3,0,19.0,2.0,2.0,1.0,149.76,1.0,2.0,149.76,1.499,0,3.6,0,1,0,1,0,0,0,0,0,0,0,0,1,0,1,0,1
1,1.0,1,10.0,4.0,4,5,2,0,23.0,1.0,2.0,5.0,156.02,5.0,2.0,156.02,1.457,1,3.4,0,0,0,1,0,0,0,0,0,0,0,0,1,0,0,1,1
0,1.0,1,18.0,3.0,4,4,3,0,14.0,2.0,2.0,3.0,147.44,3.0,2.0,147.44,1.44,1,3.1,0,0,1,0,0,1,0,0,0,0,0,0,1,0,1,0,0
0,10.0,3,9.0,4.0,5,3,3,0,14.0,9.0,10.0,1.0,200.96,1.0,10.0,200.96,4.904,0,5.3,0,1,0,0,0,1,0,0,0,0,0,0,0,0,1,0,1
1,1.0,1,11.0,3.0,4,1,11,1,24.0,2.0,2.0,1.0,147.85,1.0,2.0,147.85,1.491,1,3.1,1,0,0,1,0,0,0,0,0,0,0,0,1,0,0,1,1
0,11.0,1,21.0,4.0,4,5,3,0,13.0,11.0,13.0,18.0,155.34,18.0,13.0,155.34,5.832,0,5.4,0,1,0,0,0,0,1,0,0,0,0,0,1,0,1,0,0
0,14.0,3,9.0,3.0,4,4,9,0,13.0,1.0,2.0,4.0,182.15,4.0,2.0,182.15,1.569,0,2.9,0,1,0,0,0,0,0,1,0,0,1,0,0,0,1,0,0
0,16.0,1,7.0,4.0,4,5,5,0,17.0,1.0,2.0,3.0,150.76,3.0,2.0,150.76,1.453,0,3.4,0,1,0,0,0,0,1,0,0,0,0,0,1,0,1,0,0
0,11.0,1,17.0,3.0,4,4,4,1,13.0,1.0,2.0,2.0,166.97,2.0,2.0,166.97,1.535,0,2.9,0,1,0,0,0,0,1,0,0,0,1,0,0,0,0,1,1
0,17.0,1,19.0,3.0,5,4,3,0,12.0,1.0,4.0,10.0,268.36,10.0,4.0,268.36,2.692,0,3.2,0,1,0,0,0,0,1,0,0,1,0,0,0,0,1,0,1
0,14.0,1,9.0,4.0,5,3,8,0,23.0,2.0,2.0,1.0,159.48,1.0,2.0,159.48,1.538,0,3.9,0,1,0,0,0,1,0,0,0,0,1,0,0,0,1,0,0
0,28.0,1,12.0,3.0,4,5,6,0,15.0,2.0,2.0,3.0,319.06,3.0,2.0,319.06,2.126,0,3.1,0,1,0,0,0,1,0,0,0,0,0,0,0,1,1,0,1
0,8.0,3,11.0,4.0,4,3,11,0,16.0,1.0,2.0,3.0,190.38,3.0,2.0,190.38,1.612,0,3.4,0,0,0,0,0,0,0,1,0,0,1,0,0,0,1,0,0
0,5.0,1,14.0,3.0,4,5,3,0,13.0,4.0,4.0,13.0,168.06,13.0,4.0,168.06,2.287,0,3.5,0,1,0,0,0,1,0,0,0,0,1,0,0,0,1,0,0
0,17.0,1,28.0,4.0,4,1,9,0,21.0,2.0,2.0,3.0,147.58,3.0,2.0,147.58,1.44,0,3.6,0,0,0,0,0,1,0,0,0,0,0,0,1,0,1,0,1
0,17.0,1,15.0,4.0,4,3,6,1,15.0,2.0,2.0,3.0,170.22,3.0,2.0,170.22,1.531,0,3.6,0,1,0,0,0,0,0,0,1,0,1,0,0,0,1,0,0
0,1.0,3,11.0,4.0,5,1,3,1,12.0,1.0,2.0,4.0,169.87,4.0,2.0,169.87,1.519,1,3.7,1,1,0,0,0,0,1,0,0,0,1,0,0,0,0,1,0
0,11.0,1,32.0,4.0,4,3,5,1,16.0,5.0,11.0,8.0,169.49,8.0,11.0,169.49,5.1,0,4.2,0,0,0,0,0,1,0,0,0,0,1,0,0,0,1,0,0
0,5.0,1,7.0,4.0,5,5,3,0,13.0,4.0,4.0,3.0,147.18,3.0,4.0,147.18,2.239,0,4.3,0,0,1,0,0,0,1,0,0,0,0,0,1,0,1,0,1
0,13.0,1,7.0,3.0,4,3,3,1,15.0,1.0,2.0,7.0,316.97,7.0,2.0,316.97,2.093,0,2.9,0,0,0,0,0,0,1,0,0,0,0,0,0,1,1,0,1
0,30.0,3,13.0,3.0,2,5,11,0,12.0,7.0,2.0,8.0,257.12,8.0,2.0,257.12,1.851,0,3.5,0,0,0,0,0,0,1,0,0,1,0,0,0,0,1,0,0
0,4.0,3,19.0,3.0,4,3,2,0,12.0,4.0,5.0,5.0,190.77,5.0,5.0,190.77,2.796,0,3.5,0,1,0,1,0,0,0,0,0,0,1,0,0,0,0,1,0
0,15.0,3,7.0,3.0,2,5,3,0,17.0,2.0,2.0,8.0,208.92,8.0,2.0,208.92,1.658,0,2.5,0,1,0,0,0,0,0,1,0,0,0,0,0,0,1,0,1
0,2.0,1,24.0,4.0,4,5,3,0,13.0,1.0,2.0,9.0,170.58,9.0,2.0,170.58,1.502,1,3.4,0,1,0,0,0,1,0,0,0,0,1,0,0,0,1,0,1
1,1.0,1,10.0,4.0,4,5,7,0,14.0,2.0,2.0,3.0,165.31,3.0,2.0,165.31,1.511,1,3.6,0,1,0,0,0,1,0,0,0,0,0,0,1,0,1,0,1
0,26.0,1,10.0,3.0,5,3,4,1,15.0,2.0,2.0,5.0,204.69,5.0,2.0,204.69,1.652,0,3.4,0,1,0,0,0,1,0,0,0,0,0,0,0,0,1,0,1
0,19.0,1,17.0,4.0,4,1,5,0,22.0,1.0,2.0,3.0,151.54,3.0,2.0,151.54,1.456,0,3.4,0,1,0,0,0,0,1,0,0,0,0,0,1,0,1,0,1
0,26.0,1,11.0,2.0,4,1,4,0,14.0,1.0,2.0,5.0,290.55,5.0,2.0,290.55,1.996,0,2.4,0,1,0,0,0,0,1,0,0,1,0,0,0,0,1,0,0
0,16.0,1,36.0,4.0,4,3,4,0,12.0,2.0,2.0,3.0,170.56,3.0,2.0,170.56,1.532,0,3.6,0,0,0,0,0,0,1,0,0,0,1,0,0,0,1,0,0
0,4.0,1,9.0,3.0,6,1,4,0,21.0,2.0,2.0,3.0,185.91,3.0,2.0,185.91,1.594,0,3.7,0,1,0,0,0,0,1,0,0,0,1,0,0,0,0,1,0
0,31.0,1,14.0,3.0,4,5,7,0,15.0,2.0,12.0,11.0,320.66,11.0,12.0,320.66,6.099,0,3.1,0,1,0,0,0,0,1,0,0,0,0,0,0,1,1,0,0
0,20.0,1,25.0,3.0,4,3,4,0,15.0,2.0,2.0,9.0,173.1,9.0,2.0,173.1,1.512,0,3.1,0,1,0,0,0,1,0,0,0,0,1,0,0,0,1,0,0
0,16.0,1,35.0,3.0,5,1,2,0,12.0,1.0,2.0,5.0,170.23,5.0,2.0,170.23,1.514,0,3.2,0,0,0,1,0,0,0,0,0,0,1,0,0,0,1,0,0
1,1.0,3,7.0,4.0,4,4,3,1,17.0,1.0,2.0,5.0,157.02,5.0,2.0,157.02,1.461,1,3.4,0,1,0,1,0,0,0,0,0,0,0,0,1,0,0,1,0
1,1.0,3,13.0,3.0,6,3,2,0,17.0,1.0,2.0,1.0,148.51,1.0,2.0,148.51,1.494,1,3.5,0,0,0,0,0,0,0,1,0,0,0,0,1,0,1,0,0
0,12.0,1,9.0,3.0,4,1,3,1,24.0,2.0,2.0,1.0,142.02,1.0,2.0,142.02,1.468,0,3.1,1,0,0,0,0,0,1,0,0,0,0,0,1,0,1,0,1
0,14.0,3,9.0,4.0,4,3,2,0,15.0,2.0,2.0,13.0,305.41,13.0,2.0,305.41,2.036,0,3.6,0,1,0,0,0,0,1,0,0,0,0,0,0,1,1,0,0
0,1.0,1,30.0,3.0,4,1,3,0,23.0,1.0,2.0,3.0,153.86,3.0,2.0,153.86,1.465,1,2.9,0,1,0,0,0,0,1,0,0,0,0,0,1,0,1,0,0
0,4.0,1,10.0,3.0,4,1,6,0,16.0,2.0,2.0,5.0,145.97,5.0,2.0,145.97,1.417,0,3.1,0,0,0,0,0,0,1,0,0,0,0,0,1,0,1,0,1
0,3.0,1,10.0,4.0,5,3,3,0,19.0,1.0,2.0,8.0,244.35000000000002,8.0,2.0,244.35000000000002,1.8,0,3.7,0,1,0,0,0,1,0,0,0,0,0,0,0,0,1,0,1
1,1.0,1,32.0,4.0,5,4,7,0,17.0,2.0,2.0,2.0,150.46,2.0,2.0,150.46,1.469,1,3.9,0,1,0,1,0,0,0,0,0,0,0,0,1,0,1,0,0
1,1.0,2,9.0,3.0,5,1,3,0,13.0,1.0,2.0,1.0,150.64,1.0,2.0,150.64,1.503,1,3.2,0,1,0,1,0,0,0,0,0,0,0,0,1,0,0,1,1
0,4.0,3,29.0,4.0,4,5,2,0,12.0,4.0,8.0,9.0,209.12,9.0,8.0,209.12,4.056,0,4.0,0,0,0,0,0,0,0,0,1,0,0,0,0,0,1,0,0
0,31.0,3,36.0,3.0,5,1,5,0,13.0,1.0,2.0,1.0,266.18,1.0,2.0,266.18,1.965,0,3.2,0,1,0,0,0,0,0,1,0,1,0,0,0,0,1,0,1
0,24.0,1,36.0,3.0,5,3,2,0,15.0,16.0,16.0,8.0,295.46,8.0,16.0,295.46,7.604,0,6.2,0,1,0,0,0,0,1,0,0,1,0,0,0,0,1,0,1
0,4.0,1,9.0,3.0,4,1,2,0,15.0,2.0,7.0,8.0,150.64,8.0,7.0,150.64,3.425,0,3.1,0,0,0,0,0,1,0,0,0,0,0,0,1,0,0,1,0
0,31.0,3,35.0,4.0,5,5,6,0,20.0,4.0,14.0,3.0,227.66,3.0,14.0,227.66,6.561,0,4.3,0,0,0,0,0,0,0,1,0,0,0,0,0,0,1,0,0
0,21.0,1,9.0,4.0,4,1,7,0,14.0,1.0,2.0,5.0,175.7,5.0,2.0,175.7,1.536,0,3.4,0,1,0,0,0,1,0,0,0,0,1,0,0,0,1,0,0
0,20.0,1,9.0,3.0,4,3,8,0,15.0,2.0,2.0,2.0,303.61,2.0,2.0,303.61,2.081,0,3.1,0,1,0,0,0,0,1,0,0,1,0,0,0,0,1,0,1
0,9.0,1,29.0,3.0,6,3,2,0,16.0,2.0,5.0,4.0,167.3,4.0,5.0,167.3,2.709,0,3.7,0,1,0,0,0,0,1,0,0,0,0,0,1,0,0,1,1
0,28.0,1,6.0,3.0,4,3,9,0,12.0,1.0,2.0,1.0,162.8,1.0,2.0,162.8,1.551,0,2.9,0,1,0,0,0,0,1,0,0,0,1,0,0,0,0,1,0
0,8.0,1,9.0,4.0,5,3,5,0,13.0,4.0,6.0,8.0,152.68,8.0,6.0,152.68,3.033,0,4.3,0,1,0,0,0,0,1,0,0,0,0,0,1,0,1,0,1
0,6.0,3,17.0,4.0,5,1,4,1,20.0,1.0,2.0,3.0,215.71,3.0,2.0,215.71,1.713,0,3.7,1,1,0,0,0,0,0,1,0,0,0,0,0,0,1,0,0
0,5.0,1,16.0,3.0,4,4,3,0,26.0,1.0,2.0,9.0,231.48000000000002,9.0,2.0,231.48000000000002,1.746,0,2.9,0,1,0,0,0,0,1,0,0,0,0,0,0,0,1,0,1
1,1.0,1,22.0,3.0,4,3,9,1,13.0,1.0,8.0,8.0,261.1,8.0,8.0,261.1,4.267,1,2.9,0,1,0,0,0,1,0,0,0,0,0,0,0,0,1,0,1
1,1.0,1,17.0,3.0,6,1,9,0,14.0,1.0,2.0,4.0,159.08,4.0,2.0,159.08,1.476,1,3.5,0,1,0,0,0,1,0,0,0,0,0,0,1,0,1,0,1
0,4.0,3,14.0,3.0,4,4,2,0,15.0,1.0,2.0,3.0,154.83,3.0,2.0,154.83,1.469,0,2.9,0,1,0,0,0,0,0,1,0,0,0,0,1,0,0,1,1
0,9.0,1,23.0,4.0,4,3,6,1,13.0,1.0,2.0,1.0,201.32,1.0,2.0,201.32,1.705,0,3.4,0,1,0,0,0,0,1,0,0,0,0,0,0,0,1,0,1
1,1.0,1,27.0,4.0,4,3,5,0,13.0,2.0,2.0,3.0,223.24,3.0,2.0,223.24,1.743,1,3.6,0,0,0,0,0,0,1,0,0,0,0,0,0,0,1,0,1
1,1.0,2,30.0,3.0,4,5,11,1,16.0,2.0,2.0,3.0,224.5,3.0,2.0,224.5,1.748,1,3.1,0,0,0,0,0,0,0,0,1,0,0,0,0,0,1,0,0
0,16.0,1,12.0,4.0,4,3,6,0,18.0,1.0,3.0,1.0,145.93,1.0,3.0,145.93,1.884,0,3.4,0,0,0,0,0,0,0,0,1,0,0,0,1,0,1,0,1
0,10.0,3,17.0,3.0,4,1,3,0,15.0,9.0,10.0,3.0,224.8,3.0,10.0,224.8,4.949,0,4.5,0,0,0,0,0,1,0,0,0,0,0,0,0,0,0,1,1
1,1.0,1,11.0,4.0,5,3,7,0,17.0,1.0,2.0,3.0,163.94,3.0,2.0,163.94,1.506,1,3.7,0,0,0,1,0,0,0,0,0,0,0,0,1,0,0,1,1
0,22.0,3,9.0,3.0,4,1,4,0,15.0,7.0,7.0,8.0,165.51,8.0,7.0,165.51,3.484,0,4.1,0,1,0,0,0,0,0,1,0,0,1,0,0,0,1,0,0
0,29.0,3,25.0,3.0,4,4,5,0,15.0,2.0,8.0,9.0,293.35,9.0,8.0,293.35,4.393,0,3.1,0,1,0,0,0,0,1,0,0,1,0,0,0,0,0,1,0
0,15.0,3,17.0,3.0,4,1,9,0,15.0,1.0,2.0,11.0,187.3,11.0,2.0,187.3,1.566,0,2.9,0,0,0,0,0,0,1,0,0,0,1,0,0,0,0,1,1
0,9.0,3,7.0,3.0,4,3,11,0,12.0,1.0,7.0,10.0,172.17,10.0,7.0,172.17,3.507,0,2.9,0,1,0,0,0,0,0,1,0,0,1,0,0,0,1,0,1
0,14.0,1,13.0,4.0,4,3,9,0,16.0,5.0,2.0,14.0,257.37,14.0,2.0,257.37,1.843,0,4.2,0,1,0,0,0,0,1,0,0,1,0,0,0,0,0,1,0
0,13.0,1,15.0,3.0,4,3,3,0,12.0,2.0,2.0,8.0,162.55,8.0,2.0,162.55,1.472,0,3.1,0,0,0,0,0,0,1,0,0,0,0,0,1,0,1,0,0
0,5.0,3,9.0,4.0,4,1,6,1,14.0,2.0,2.0,6.0,190.82,6.0,2.0,190.82,1.592,0,3.6,1,1,0,0,0,0,1,0,0,0,1,0,0,0,0,1,1
0,16.0,1,31.0,3.0,4,5,3,1,22.0,6.0,6.0,9.0,199.06,9.0,6.0,199.06,3.216,0,3.9,0,1,0,0,0,1,0,0,0,0,0,0,0,0,1,0,1
0,19.0,3,9.0,4.0,4,4,2,0,20.0,4.0,4.0,8.0,173.05,8.0,4.0,173.05,2.314,0,4.0,0,1,0,0,0,0,0,0,1,0,1,0,0,0,1,0,1
1,1.0,2,24.0,3.0,4,3,2,1,12.0,1.0,2.0,1.0,152.41,1.0,2.0,152.41,1.51,1,2.9,0,0,0,0,0,0,1,0,0,0,0,0,1,0,1,0,0
0,3.0,1,26.0,3.0,4,1,6,0,13.0,2.0,2.0,3.0,167.62,3.0,2.0,167.62,1.52,0,3.1,0,1,0,1,0,0,0,0,0,0,1,0,0,0,1,0,1
0,7.0,1,7.0,4.0,2,3,6,0,20.0,1.0,2.0,6.0,286.84,6.0,2.0,286.84,1.976,0,2.8,0,1,0,0,0,1,0,0,0,1,0,0,0,0,1,0,0
0,5.0,3,14.0,3.0,5,1,11,0,22.0,2.0,2.0,2.0,240.57,2.0,2.0,240.57,1.829,0,3.4,0,1,0,0,0,0,1,0,0,0,0,0,0,0,1,0,1
1,1.0,3,12.0,4.0,4,4,3,1,15.0,2.0,2.0,1.0,143.78,1.0,2.0,143.78,1.475,1,3.6,0,0,0,0,0,0,0,1,0,0,0,0,1,0,0,1,1
0,14.0,3,35.0,3.0,6,5,5,0,16.0,1.0,2.0,2.0,234.32,2.0,2.0,234.32,1.804,0,3.5,0,0,0,0,0,0,0,0,1,0,0,0,0,0,1,0,1
0,15.0,1,9.0,4.0,5,3,4,1,18.0,1.0,2.0,8.0,193.11,8.0,2.0,193.11,1.595,0,3.7,0,0,0,0,0,0,0,0,1,0,1,0,0,0,0,1,0
0,1.0,3,36.0,3.0,4,3,7,0,13.0,1.0,2.0,1.0,168.06,1.0,2.0,168.06,1.572,1,2.9,0,1,0,0,0,1,0,0,0,0,1,0,0,0,1,0,1
0,9.0,3,7.0,4.0,4,3,3,0,17.0,2.0,2.0,4.0,173.59,4.0,2.0,173.59,1.534,0,3.6,0,1,0,0,0,1,0,0,0,0,1,0,0,0,0,1,0
0,8.0,3,28.0,4.0,2,1,3,0,13.0,1.0,6.0,8.0,178.37,8.0,6.0,178.37,3.136,0,2.8,0,1,0,0,0,0,1,0,0,0,1,0,0,0,0,1,1
1,1.0,1,31.0,4.0,6,1,3,1,19.0,1.0,2.0,1.0,148.4,1.0,2.0,148.4,1.494,1,4.0,1,0,1,1,0,0,0,0,0,0,0,0,1,0,0,1,1
0,11.0,1,7.0,3.0,4,1,6,0,18.0,2.0,2.0,3.0,199.91,3.0,2.0,199.91,1.65,0,3.1,0,1,0,0,1,0,0,0,0,0,0,0,0,0,0,1,0
0,20.0,1,25.0,3.0,4,3,7,0,12.0,1.0,2.0,3.0,230.27,3.0,2.0,230.27,1.771,0,2.9,0,0,0,0,0,1,0,0,0,0,0,0,0,0,1,0,0
0,15.0,3,9.0,4.0,4,5,9,0,17.0,1.0,12.0,9.0,290.95,9.0,12.0,290.95,5.984,0,3.4,0,1,0,0,0,0,1,0,0,1,0,0,0,0,1,0,0
0,11.0,3,16.0,4.0,4,4,3,0,14.0,2.0,8.0,3.0,213.34,3.0,8.0,213.34,4.103,0,3.6,0,0,0,0,0,1,0,0,0,0,0,0,0,0,1,0,1
0,26.0,1,13.0,4.0,4,5,5,1,13.0,3.0,7.0,10.0,180.77,10.0,7.0,180.77,3.541,0,3.8,0,1,0,1,0,0,0,0,0,0,1,0,0,0,1,0,1
1,1.0,3,18.0,3.0,2,3,10,0,13.0,2.0,2.0,3.0,172.07,3.0,2.0,172.07,1.538,1,2.5,0,0,0,0,0,0,0,0,1,0,1,0,0,0,1,0,1
0,1.0,3,31.0,3.0,4,1,2,0,14.0,2.0,3.0,2.0,149.0,2.0,3.0,149.0,1.863,1,3.1,0,0,0,0,0,1,0,0,0,0,0,0,1,0,1,0,1
0,12.0,1,17.0,4.0,4,3,5,0,20.0,1.0,2.0,3.0,223.24,3.0,2.0,223.24,1.743,0,3.4,0,1,0,0,0,1,0,0,0,0,1,0,0,0,1,0,0
0,11.0,1,7.0,4.0,4,4,8,0,13.0,5.0,5.0,4.0,189.47,4.0,5.0,189.47,2.798,0,4.2,0,1,0,0,0,0,1,0,0,0,1,0,0,0,1,0,0
0,23.0,1,25.0,3.0,5,3,3,1,15.0,2.0,2.0,10.0,320.02,10.0,2.0,320.02,2.098,0,3.4,0,1,0,0,0,0,1,0,0,0,0,0,0,1,1,0,1
0,1.0,1,30.0,3.0,2,1,3,1,12.0,1.0,2.0,5.0,152.25,5.0,2.0,152.25,1.442,1,2.3,1,1,0,0,0,1,0,0,0,0,0,0,1,0,1,0,1
0,1.0,3,35.0,4.0,4,4,3,0,21.0,1.0,2.0,5.0,187.72,5.0,2.0,187.72,1.584,1,3.4,0,1,0,0,0,0,0,1,0,0,1,0,0,0,1,0,1
0,1.0,1,24.0,4.0,5,4,3,0,22.0,2.0,2.0,1.0,146.27,1.0,2.0,146.27,1.485,1,3.9,0,0,1,0,0,0,0,0,1,0,0,0,1,0,1,0,1
0,24.0,2,10.0,4.0,4,4,3,0,15.0,2.0,11.0,8.0,307.0,8.0,11.0,307.0,5.65,0,3.6,0,0,0,0,0,1,0,0,0,0,0,0,0,1,1,0,1
0,1.0,3,20.0,3.0,4,3,3,0,12.0,2.0,2.0,7.0,145.96,7.0,2.0,145.96,1.409,1,3.1,0,0,1,0,0,1,0,0,0,0,0,0,1,0,1,0,1
1,1.0,1,14.0,3.0,4,3,3,1,17.0,1.0,2.0,3.0,153.86,3.0,2.0,153.86,1.465,1,2.9,0,0,0,0,0,0,1,0,0,0,0,0,1,0,1,0,0
1,1.0,3,19.0,4.0,5,5,3,0,19.0,2.0,2.0,1.0,145.33,1.0,2.0,145.33,1.481,1,3.9,0,0,0,0,0,0,1,0,0,0,0,0,1,0,1,0,1
0,8.0,1,7.0,3.0,5,1,3,1,14.0,2.0,2.0,4.0,161.22,4.0,2.0,161.22,1.485,0,3.4,1,1,0,0,0,0,1,0,0,0,0,0,1,0,1,0,1
1,1.0,3,20.0,3.0,4,5,4,0,18.0,1.0,2.0,3.0,167.33,3.0,2.0,167.33,1.519,1,2.9,0,1,0,0,0,1,0,0,0,0,1,0,0,0,1,0,1
0,9.0,1,32.0,3.0,5,1,6,0,15.0,2.0,2.0,3.0,161.81,3.0,2.0,161.81,1.497,0,3.4,0,1,0,0,0,0,0,0,1,0,1,0,0,0,0,1,1
0,5.0,3,13.0,4.0,2,1,6,0,23.0,6.0,6.0,8.0,179.6,8.0,6.0,179.6,3.141,0,3.8,0,1,0,0,0,1,0,0,0,0,1,0,0,0,1,0,1
0,1.0,1,13.0,4.0,5,3,2,0,13.0,1.0,2.0,4.0,146.87,4.0,2.0,146.87,1.427,1,3.7,0,0,1,0,0,1,0,0,0,0,0,0,1,0,1,0,0
0,11.0,3,9.0,4.0,4,3,6,1,12.0,1.0,2.0,3.0,221.02,3.0,2.0,221.02,1.734,0,3.4,0,1,0,0,0,0,0,1,0,0,1,0,0,0,1,0,1
0,1.0,1,7.0,3.0,5,4,3,0,14.0,1.0,2.0,1.0,153.36,1.0,2.0,153.36,1.513,1,3.2,0,1,0,0,0,0,1,0,0,0,0,0,1,0,0,1,0
0,16.0,1,9.0,3.0,4,1,3,0,14.0,1.0,3.0,3.0,165.89,3.0,3.0,165.89,1.914,0,2.9,0,1,0,0,0,0,1,0,0,0,1,0,0,0,1,0,0
0,17.0,1,13.0,3.0,5,1,6,1,15.0,1.0,2.0,1.0,291.27,1.0,2.0,291.27,2.065,0,3.2,1,1,0,0,0,0,0,0,1,1,0,0,0,0,1,0,1
0,12.0,1,7.0,3.0,4,5,5,0,18.0,1.0,2.0,1.0,151.19,1.0,2.0,151.19,1.505,0,2.9,0,1,0,0,0,0,1,0,0,0,0,0,1,0,0,1,0
0,17.0,1,16.0,4.0,4,3,5,1,14.0,2.0,5.0,8.0,181.79,8.0,5.0,181.79,2.749,0,3.6,0,0,0,0,0,1,0,0,0,0,1,0,0,0,1,0,1
0,22.0,1,7.0,3.0,5,5,9,0,12.0,1.0,2.0,3.0,279.02,3.0,2.0,279.02,1.966,0,3.2,0,1,0,0,0,0,1,0,0,1,0,0,0,0,1,0,0
0,18.0,2,7.0,3.0,5,3,6,0,12.0,2.0,2.0,3.0,184.85,3.0,2.0,184.85,1.589,0,3.4,0,1,0,0,0,0,1,0,0,0,1,0,0,0,0,1,0
0,8.0,3,21.0,3.0,4,3,3,1,19.0,2.0,2.0,7.0,150.79,7.0,2.0,150.79,1.428,0,3.1,0,1,0,1,0,0,0,0,0,0,0,0,1,0,1,0,0
1,1.0,3,9.0,3.0,4,5,2,0,12.0,2.0,2.0,3.0,155.41,3.0,2.0,155.41,1.472,1,3.1,0,1,0,0,0,0,0,1,0,0,0,0,1,0,1,0,1
0,1.0,3,29.0,3.0,4,3,3,0,12.0,1.0,2.0,3.0,159.47,3.0,2.0,159.47,1.488,1,2.9,0,1,0,1,0,0,0,0,0,0,0,0,1,0,0,1,1
0,18.0,1,10.0,3.0,4,1,6,1,15.0,1.0,2.0,2.0,320.13,2.0,2.0,320.13,2.147,0,2.9,1,1,0,0,0,0,0,0,1,0,0,0,0,1,1,0,1
0,1.0,1,13.0,4.0,4,3,2,0,21.0,2.0,3.0,3.0,152.73,3.0,3.0,152.73,1.861,1,3.6,0,1,0,0,0,1,0,0,0,0,0,0,1,0,1,0,1
0,7.0,3,15.0,3.0,4,3,2,0,13.0,1.0,2.0,3.0,196.04,3.0,2.0,196.04,1.634,0,2.9,0,1,0,0,0,0,0,1,0,0,1,0,0,0,1,0,1
0,6.0,1,16.0,4.0,4,1,3,1,13.0,2.0,2.0,6.0,188.22,6.0,2.0,188.22,1.581,0,3.6,1,1,0,0,0,0,1,0,0,0,1,0,0,0,1,0,0
0,4.0,1,10.0,4.0,4,3,3,0,21.0,2.0,2.0,1.0,145.83,1.0,2.0,145.83,1.483,0,3.6,0,0,0,0,0,1,0,0,0,0,0,0,1,0,1,0,0
0,27.0,3,7.0,3.0,4,5,9,0,21.0,5.0,9.0,11.0,208.81,11.0,9.0,208.81,4.452,0,3.7,0,1,0,0,0,1,0,0,0,0,1,0,0,0,0,1,0
0,8.0,1,7.0,3.0,4,1,3,0,13.0,2.0,9.0,9.0,151.91,9.0,9.0,151.91,4.228,0,3.1,0,1,0,0,0,0,1,0,0,0,0,0,1,0,1,0,1
1,9.0,3,33.0,4.0,4,5,4,0,15.0,1.0,2.0,1.0,167.86,1.0,2.0,167.86,1.571,0,3.4,0,0,0,0,0,0,1,0,0,0,1,0,0,0,1,0,0
0,1.0,1,13.0,4.0,4,1,3,1,14.0,1.0,2.0,3.0,81.0,3.0,2.0,81.0,1.174,1,3.4,1,1,0,0,0,0,1,0,0,0,0,0,1,0,1,0,0
0,11.0,1,10.0,3.0,4,3,3,0,16.0,8.0,8.0,3.0,219.34,3.0,8.0,219.34,4.127,0,4.3,0,1,0,0,0,0,0,0,1,0,0,0,0,0,1,0,1
0,3.0,3,10.0,4.0,4,3,3,0,15.0,1.0,2.0,3.0,180.61,3.0,2.0,180.61,1.572,0,3.4,0,1,0,0,0,1,0,0,0,0,1,0,0,0,1,0,0
0,9.0,1,13.0,3.0,6,1,3,0,14.0,1.0,12.0,9.0,191.46,9.0,12.0,191.46,5.586,0,3.5,0,1,0,0,0,0,1,0,0,0,1,0,0,0,0,1,1
0,7.0,1,13.0,2.0,4,1,5,0,24.0,4.0,5.0,8.0,202.25,8.0,5.0,202.25,2.831,0,3.0,0,0,0,0,0,0,1,0,0,0,1,0,0,0,1,0,1
0,28.0,2,26.0,3.0,4,4,4,0,16.0,3.0,2.0,2.0,232.25,2.0,2.0,232.25,1.796,0,3.3,0,1,0,0,0,1,0,0,0,0,0,0,0,0,1,0,1
0,10.0,1,16.0,3.0,5,4,4,1,12.0,1.0,2.0,3.0,213.47,3.0,2.0,213.47,1.704,0,3.2,0,1,0,0,0,1,0,0,0,0,1,0,0,0,1,0,1
0,1.0,1,10.0,3.0,5,1,2,0,14.0,2.0,2.0,2.0,145.45,2.0,2.0,145.45,1.448,1,3.4,0,0,1,0,0,1,0,0,0,0,0,0,1,0,0,1,1
1,1.0,1,17.0,3.0,4,3,3,1,12.0,2.0,2.0,2.0,135.09,2.0,2.0,135.09,1.407,1,3.1,0,0,1,0,0,1,0,0,0,0,0,1,0,0,0,1,1
1,1.0,1,10.0,4.0,4,5,3,1,12.0,6.0,10.0,8.0,158.48,8.0,10.0,158.48,4.656,1,4.4,0,0,0,0,0,0,1,0,0,0,0,0,1,0,0,1,1
0,9.0,1,10.0,3.0,5,3,3,0,19.0,2.0,2.0,1.0,137.81,1.0,2.0,137.81,1.451,0,3.4,0,0,0,0,0,0,1,0,0,0,0,0,1,0,1,0,1
0,1.0,1,11.0,3.0,2,5,4,0,17.0,1.0,2.0,3.0,153.19,3.0,2.0,153.19,1.463,1,2.3,0,1,0,0,0,1,0,0,0,0,0,0,1,0,1,0,1
0,1.0,3,15.0,3.0,2,4,2,0,23.0,2.0,2.0,3.0,173.51,3.0,2.0,173.51,1.544,1,2.5,0,1,0,0,0,0,1,0,0,0,1,0,0,0,1,0,1
0,12.0,3,14.0,3.0,5,1,2,0,21.0,2.0,2.0,6.0,165.28,6.0,2.0,165.28,1.49,0,3.4,0,1,0,0,0,0,0,1,0,0,1,0,0,0,0,1,0
0,3.0,1,7.0,4.0,6,1,3,0,19.0,1.0,3.0,9.0,152.2,9.0,3.0,152.2,1.829,0,4.0,0,0,0,0,0,0,1,0,0,0,0,0,1,0,1,0,1
0,22.0,3,9.0,3.0,2,4,5,0,13.0,1.0,3.0,3.0,206.2,3.0,3.0,206.2,2.075,0,2.3,0,1,0,0,0,0,0,1,0,0,1,0,0,0,1,0,1
0,1.0,3,10.0,4.0,2,1,3,1,21.0,2.0,2.0,5.0,171.47,5.0,2.0,171.47,1.519,1,3.0,1,0,0,0,0,1,0,0,0,0,1,0,0,0,1,0,0
0,11.0,1,17.0,4.0,2,1,5,0,18.0,2.0,2.0,1.0,171.8,1.0,2.0,171.8,1.587,0,3.0,0,1,0,0,0,0,1,0,0,0,0,0,1,0,0,1,1
0,24.0,1,35.0,4.0,2,3,3,1,12.0,1.0,4.0,9.0,157.21,9.0,4.0,157.21,2.249,0,2.8,0,1,0,0,0,1,0,0,0,0,0,0,1,0,1,0,1
0,8.0,1,16.0,3.0,5,4,3,0,15.0,5.0,8.0,3.0,211.21,3.0,8.0,211.21,4.095,0,4.0,0,1,0,0,0,1,0,0,0,0,0,0,0,0,0,1,0
1,1.0,3,10.0,4.0,4,3,11,0,15.0,2.0,3.0,1.0,170.77,1.0,3.0,170.77,1.983,1,3.6,0,1,0,0,0,0,1,0,0,0,1,0,0,0,0,1,0
0,13.0,1,9.0,4.0,5,3,3,0,12.0,2.0,12.0,11.0,170.53,11.0,12.0,170.53,5.499,0,3.9,0,1,0,1,0,0,0,0,0,0,1,0,0,0,0,1,0
0,6.0,3,17.0,3.0,4,1,3,0,13.0,2.0,2.0,9.0,178.96,9.0,2.0,178.96,1.536,0,3.1,0,1,0,0,0,0,0,1,0,0,1,0,0,0,0,1,1
1,14.0,3,15.0,3.0,4,3,5,1,15.0,1.0,2.0,4.0,192.96,4.0,2.0,192.96,1.612,0,2.9,0,0,0,0,1,0,0,0,0,0,1,0,0,0,1,0,1
0,12.0,1,7.0,3.0,2,1,2,0,14.0,1.0,2.0,9.0,201.25,9.0,2.0,201.25,1.625,0,2.3,0,1,0,0,0,0,1,0,0,0,1,0,0,0,0,1,0
0,1.0,1,7.0,4.0,4,5,3,0,12.0,1.0,2.0,8.0,199.12,8.0,2.0,199.12,1.619,1,3.4,0,1,0,0,0,0,1,0,0,0,0,0,0,0,1,0,0
0,6.0,1,10.0,3.0,4,1,5,0,16.0,7.0,2.0,8.0,236.58999999999997,8.0,2.0,236.58999999999997,1.769,0,4.1,0,1,0,0,0,0,1,0,0,0,0,0,0,0,0,1,0
0,21.0,3,21.0,3.0,4,5,4,0,13.0,2.0,2.0,8.0,174.6,8.0,2.0,174.6,1.521,0,3.1,0,1,0,0,0,0,0,1,0,0,1,0,0,0,0,1,1
0,14.0,3,12.0,3.0,5,5,7,1,22.0,1.0,2.0,3.0,229.75,3.0,2.0,229.75,1.769,0,3.2,0,0,0,0,0,0,1,0,0,0,0,0,0,0,1,0,1
0,27.0,1,14.0,3.0,2,3,5,0,20.0,1.0,2.0,4.0,273.14,4.0,2.0,273.14,1.933,0,2.3,0,1,0,0,0,0,1,0,0,1,0,0,0,0,1,0,1
0,15.0,2,17.0,4.0,5,1,5,0,15.0,4.0,13.0,7.0,316.41,7.0,13.0,316.41,6.491,0,4.3,0,1,0,0,0,0,0,0,1,0,0,0,0,1,1,0,1
0,31.0,3,23.0,3.0,4,5,10,0,15.0,3.0,3.0,3.0,179.05,3.0,3.0,179.05,1.966,0,3.3,0,1,0,0,0,0,0,1,0,0,1,0,0,0,0,1,1
0,1.0,1,17.0,3.0,4,5,3,0,22.0,1.0,2.0,3.0,212.93,3.0,2.0,212.93,1.702,1,2.9,0,0,0,0,0,0,1,0,0,0,0,0,0,0,1,0,1
0,15.0,2,7.0,3.0,5,3,3,0,15.0,2.0,3.0,11.0,316.89,11.0,3.0,316.89,2.484,0,3.4,0,1,0,0,0,0,0,0,1,0,0,0,0,1,1,0,1
0,24.0,3,15.0,3.0,4,4,9,0,16.0,1.0,3.0,3.0,163.75,3.0,3.0,163.75,1.905,0,2.9,0,1,0,0,0,0,0,1,0,0,0,0,1,0,1,0,1
1,1.0,1,7.0,4.0,6,4,9,1,14.0,2.0,4.0,8.0,147.16,8.0,4.0,147.16,2.211,1,4.2,0,0,1,0,0,0,1,0,0,0,0,0,1,0,0,1,0
0,10.0,1,15.0,4.0,2,5,11,0,15.0,1.0,2.0,6.0,242.13,6.0,2.0,242.13,1.797,0,2.8,0,0,0,0,0,0,1,0,0,0,0,0,0,0,1,0,0
0,12.0,1,7.0,3.0,4,3,6,1,15.0,1.0,2.0,1.0,203.61,1.0,2.0,203.61,1.714,0,2.9,0,1,0,0,0,0,1,0,0,0,0,0,0,0,0,1,0
0,18.0,1,31.0,3.0,6,3,4,0,15.0,1.0,2.0,5.0,162.08,5.0,2.0,162.08,1.482,0,3.5,0,0,0,0,0,1,0,0,0,0,0,0,1,0,0,1,1
0,21.0,3,10.0,3.0,4,3,11,1,13.0,1.0,12.0,14.0,262.7,14.0,12.0,262.7,5.864,0,2.9,0,0,0,0,0,1,0,0,0,1,0,0,0,0,1,0,0
0,4.0,3,34.0,4.0,4,1,9,0,24.0,3.0,8.0,8.0,178.04,8.0,8.0,178.04,3.934,0,3.8,0,1,0,0,0,0,0,1,0,0,1,0,0,0,1,0,1
0,3.0,3,17.0,4.0,4,3,3,0,12.0,2.0,2.0,1.0,151.42,1.0,2.0,151.42,1.506,0,3.6,0,1,0,0,0,0,1,0,0,0,0,0,1,0,0,1,1
1,6.0,1,26.0,3.0,2,3,8,1,13.0,1.0,3.0,3.0,152.59,3.0,3.0,152.59,1.86,0,2.3,0,0,0,0,0,1,0,0,0,0,0,0,1,0,1,0,1
0,17.0,3,22.0,3.0,5,1,5,0,19.0,2.0,3.0,3.0,193.04,3.0,3.0,193.04,2.022,0,3.4,0,0,0,0,0,0,1,0,0,0,1,0,0,0,1,0,1
0,8.0,1,15.0,4.0,4,3,5,0,12.0,1.0,5.0,4.0,186.42,4.0,5.0,186.42,2.786,0,3.4,0,1,0,0,0,1,0,0,0,0,1,0,0,0,0,1,0
0,1.0,1,16.0,3.0,4,5,3,0,15.0,2.0,2.0,3.0,150.0,3.0,2.0,150.0,1.45,1,3.1,0,1,0,0,0,1,0,0,0,0,0,0,1,0,1,0,1
0,13.0,2,10.0,3.0,2,4,11,0,16.0,1.0,4.0,7.0,188.89,7.0,4.0,188.89,2.381,0,2.3,0,1,0,0,0,0,0,0,1,0,1,0,0,0,1,0,0
0,30.0,1,16.0,3.0,4,1,9,0,12.0,1.0,2.0,2.0,236.02999999999997,2.0,2.0,236.02999999999997,1.811,0,2.9,0,1,0,0,0,1,0,0,0,1,0,0,0,0,1,0,1
0,14.0,1,9.0,3.0,5,1,2,1,21.0,1.0,3.0,4.0,148.42,4.0,3.0,148.42,1.834,0,3.2,1,0,1,0,0,1,0,0,0,0,0,0,1,0,0,1,0
0,1.0,1,14.0,3.0,5,5,10,0,20.0,2.0,2.0,8.0,193.11,8.0,2.0,193.11,1.595,1,3.4,0,1,0,0,0,1,0,0,0,0,1,0,0,0,0,1,0
0,3.0,3,17.0,3.0,4,4,3,0,15.0,3.0,3.0,3.0,147.97,3.0,3.0,147.97,1.842,0,3.3,0,0,1,0,0,0,0,1,0,0,0,0,1,0,1,0,1
0,27.0,1,13.0,3.0,4,1,4,0,18.0,3.0,3.0,3.0,149.5,3.0,3.0,149.5,1.848,0,3.3,0,0,1,0,0,0,1,0,0,0,1,0,0,0,0,1,1
0,9.0,1,9.0,4.0,4,5,4,0,12.0,2.0,2.0,1.0,175.93,1.0,2.0,175.93,1.604,0,3.6,0,0,0,0,0,0,1,0,0,0,1,0,0,0,1,0,0
0,6.0,1,31.0,4.0,4,1,3,0,16.0,2.0,5.0,8.0,178.09,8.0,5.0,178.09,2.735,0,3.6,0,0,0,0,0,0,1,0,0,0,1,0,0,0,1,0,1
0,12.0,1,9.0,4.0,4,3,8,1,14.0,1.0,2.0,2.0,155.57,2.0,2.0,155.57,1.489,0,3.4,0,1,0,0,0,1,0,0,0,0,0,0,1,0,1,0,1
0,8.0,1,15.0,3.0,4,5,5,0,15.0,2.0,2.0,1.0,176.21,1.0,2.0,176.21,1.605,0,3.1,0,1,0,0,0,0,1,0,0,0,1,0,0,0,1,0,0
0,26.0,3,10.0,3.0,5,5,3,0,15.0,2.0,2.0,17.0,293.56,17.0,2.0,293.56,1.985,0,3.4,0,1,0,0,0,0,0,1,0,1,0,0,0,0,1,0,1
1,1.0,1,7.0,4.0,4,1,3,1,14.0,7.0,8.0,9.0,151.86,9.0,8.0,151.86,3.827,1,4.6,1,1,0,0,0,0,0,0,1,0,0,0,1,0,0,1,1
0,1.0,3,33.0,3.0,4,1,3,0,24.0,1.0,2.0,5.0,186.8,5.0,2.0,186.8,1.581,1,2.9,0,1,0,0,0,1,0,0,0,0,1,0,0,0,0,1,0
0,19.0,3,9.0,3.0,6,3,2,0,14.0,2.0,4.0,2.0,191.32,2.0,4.0,191.32,2.432,0,3.7,0,1,0,1,0,0,0,0,0,0,1,0,0,0,0,1,1
0,1.0,1,17.0,4.0,2,3,3,0,19.0,1.0,2.0,3.0,160.05,3.0,2.0,160.05,1.49,1,2.8,0,1,0,0,0,1,0,0,0,0,0,0,1,0,0,1,1
1,11.0,3,34.0,4.0,2,3,6,1,13.0,1.0,2.0,4.0,188.97,4.0,2.0,188.97,1.596,0,2.8,0,0,0,0,0,0,1,0,0,0,1,0,0,0,0,1,0
0,8.0,3,9.0,3.0,4,1,3,0,23.0,1.0,2.0,5.0,187.74,5.0,2.0,187.74,1.584,0,2.9,0,1,0,0,0,0,0,0,1,0,1,0,0,0,0,1,1
1,19.0,1,9.0,4.0,4,5,7,1,14.0,2.0,2.0,5.0,323.59,5.0,2.0,323.59,2.128,0,3.6,0,1,0,0,0,1,0,0,0,0,0,0,0,1,1,0,1
0,10.0,3,15.0,4.0,5,5,3,0,16.0,1.0,2.0,10.0,200.87,10.0,2.0,200.87,1.622,0,3.7,0,0,0,0,0,0,1,0,0,0,0,0,0,0,0,1,1
0,26.0,1,26.0,3.0,4,1,2,0,19.0,2.0,2.0,3.0,167.58,3.0,2.0,167.58,1.52,0,3.1,0,0,0,0,0,1,0,0,0,0,0,0,1,0,1,0,1
0,1.0,1,7.0,4.0,6,1,5,0,15.0,3.0,3.0,1.0,168.64,1.0,3.0,168.64,1.975,1,4.4,0,0,0,0,0,0,1,0,0,0,0,0,1,0,1,0,0
0,3.0,1,34.0,4.0,4,3,6,0,13.0,1.0,2.0,2.0,168.35,2.0,2.0,168.35,1.54,0,3.4,0,1,0,0,0,1,0,0,0,0,1,0,0,0,1,0,0
1,1.0,3,15.0,3.0,5,5,8,0,18.0,1.0,2.0,3.0,178.26,3.0,2.0,178.26,1.563,1,3.2,0,1,0,1,0,0,0,0,0,0,1,0,0,0,0,1,1
0,8.0,1,7.0,4.0,2,1,4,0,17.0,2.0,2.0,4.0,157.8,4.0,2.0,157.8,1.471,0,3.0,0,1,0,0,0,0,1,0,0,0,0,0,1,0,0,1,0
0,28.0,1,26.0,4.0,4,5,11,1,12.0,1.0,2.0,5.0,179.85,5.0,2.0,179.85,1.553,0,3.4,0,1,0,0,0,1,0,0,0,0,1,0,0,0,1,0,0
0,1.0,3,15.0,3.0,4,1,2,0,20.0,2.0,2.0,2.0,168.42,2.0,2.0,168.42,1.54,1,3.1,0,0,0,0,0,0,0,1,0,0,1,0,0,0,1,0,1
0,11.0,1,17.0,3.0,4,5,2,1,14.0,5.0,5.0,4.0,152.82,4.0,5.0,152.82,2.651,0,3.7,0,1,0,0,0,0,1,0,0,0,0,0,1,0,1,0,0
0,12.0,1,9.0,4.0,2,5,8,1,13.0,1.0,5.0,13.0,184.8,13.0,5.0,184.8,2.753,0,2.8,0,0,0,0,0,0,1,0,0,0,1,0,0,0,0,1,0
0,8.0,1,9.0,3.0,5,5,3,0,12.0,2.0,2.0,4.0,168.81,4.0,2.0,168.81,1.515,0,3.4,0,1,0,0,0,1,0,0,0,0,0,0,1,0,0,1,0
0,9.0,3,15.0,4.0,4,1,3,0,17.0,2.0,2.0,3.0,150.72,3.0,2.0,150.72,1.453,0,3.6,0,1,0,0,0,0,1,0,0,0,0,0,1,0,1,0,0
0,4.0,1,7.0,3.0,6,3,5,0,22.0,2.0,2.0,3.0,163.33,3.0,2.0,163.33,1.503,0,3.7,0,1,0,0,0,0,1,0,0,0,0,0,1,0,1,0,1
0,14.0,1,9.0,3.0,2,4,3,0,25.0,1.0,4.0,8.0,167.44,8.0,4.0,167.44,2.292,0,2.3,0,0,0,0,0,1,0,0,0,0,1,0,0,0,1,0,0
0,8.0,3,15.0,4.0,4,5,7,0,18.0,2.0,2.0,3.0,190.0,3.0,2.0,190.0,1.61,0,3.6,0,1,0,0,0,0,1,0,0,0,1,0,0,0,1,0,0
0,16.0,1,15.0,4.0,4,1,3,0,15.0,6.0,15.0,10.0,309.3,10.0,15.0,309.3,7.255,0,4.4,0,0,0,0,0,0,1,0,0,0,0,0,0,1,1,0,1
1,1.0,1,13.0,4.0,2,5,3,1,22.0,1.0,2.0,1.0,141.01,1.0,2.0,141.01,1.464,1,2.8,0,0,1,0,0,0,1,0,0,0,0,0,1,0,1,0,1
0,1.0,1,16.0,3.0,5,4,3,0,12.0,1.0,2.0,1.0,151.94,1.0,2.0,151.94,1.508,1,3.2,0,0,0,0,0,0,1,0,0,0,0,0,1,0,1,0,1
0,26.0,1,18.0,3.0,4,3,10,0,21.0,2.0,2.0,5.0,156.49,5.0,2.0,156.49,1.459,0,3.1,0,1,0,0,0,0,1,0,0,0,1,0,0,0,1,0,0
0,24.0,1,9.0,4.0,4,3,7,0,15.0,1.0,2.0,4.0,301.39,4.0,2.0,301.39,2.046,0,3.4,0,1,0,0,0,1,0,0,0,1,0,0,0,0,1,0,1
1,1.0,1,7.0,3.0,5,5,3,1,12.0,1.0,2.0,1.0,148.19,1.0,2.0,148.19,1.493,1,3.2,0,0,1,0,0,0,1,0,0,0,0,0,1,0,1,0,0
0,7.0,1,14.0,3.0,4,3,2,0,12.0,2.0,2.0,8.0,241.91000000000003,8.0,2.0,241.91000000000003,1.79,0,3.1,0,1,0,0,0,1,0,0,0,0,0,0,0,0,1,0,1
1,1.0,3,23.0,4.0,4,5,7,0,16.0,2.0,2.0,3.0,178.24,3.0,2.0,178.24,1.563,1,3.6,0,1,0,0,0,0,0,1,0,0,1,0,0,0,0,1,0
0,21.0,1,9.0,3.0,4,1,3,1,15.0,4.0,4.0,1.0,292.52,1.0,4.0,292.52,2.87,0,3.5,1,1,0,0,0,0,0,0,1,1,0,0,0,0,1,0,0
0,10.0,1,7.0,3.0,4,4,2,0,16.0,2.0,2.0,6.0,177.28,6.0,2.0,177.28,1.538,0,3.1,0,1,0,0,0,0,0,0,1,0,1,0,0,0,1,0,0
0,3.0,1,30.0,3.0,2,3,3,0,25.0,2.0,2.0,8.0,152.0,8.0,2.0,152.0,1.43,0,2.5,0,1,0,0,0,0,1,0,0,0,0,0,1,0,1,0,1
1,21.0,1,9.0,3.0,4,4,9,1,15.0,8.0,14.0,9.0,317.46,9.0,14.0,317.46,6.89,0,4.3,0,1,0,0,0,0,1,0,0,0,0,0,0,1,0,1,1
0,9.0,1,7.0,3.0,2,3,5,0,14.0,3.0,3.0,3.0,150.06,3.0,3.0,150.06,1.85,0,2.7,0,1,0,0,0,0,1,0,0,0,0,0,1,0,0,1,0
0,16.0,1,7.0,3.0,5,1,11,1,14.0,1.0,2.0,3.0,185.62,3.0,2.0,185.62,1.592,0,3.2,1,1,0,0,0,0,1,0,0,0,1,0,0,0,1,0,0
1,1.0,1,9.0,3.0,4,3,8,0,18.0,3.0,3.0,2.0,168.82,2.0,3.0,168.82,1.942,1,3.3,0,1,0,0,0,1,0,0,0,0,0,0,1,0,0,1,1
0,10.0,2,20.0,3.0,4,4,6,0,14.0,2.0,2.0,5.0,146.43,5.0,2.0,146.43,1.419,0,3.1,0,0,1,0,0,0,0,0,1,0,0,0,1,0,1,0,1
0,6.0,1,11.0,4.0,5,3,3,0,13.0,6.0,7.0,9.0,186.62,9.0,7.0,186.62,3.566,0,4.7,0,1,0,0,0,0,1,0,0,0,1,0,0,0,1,0,0
0,14.0,1,23.0,3.0,5,3,8,0,15.0,1.0,2.0,1.0,175.94,1.0,2.0,175.94,1.604,0,3.2,0,0,0,0,0,1,0,0,0,0,1,0,0,0,0,1,1
0,4.0,1,9.0,3.0,5,1,7,1,25.0,2.0,2.0,1.0,193.77,1.0,2.0,193.77,1.675,0,3.4,1,1,0,0,0,1,0,0,0,0,1,0,0,0,0,1,0
0,19.0,1,9.0,4.0,5,3,3,0,15.0,2.0,2.0,1.0,147.74,1.0,2.0,147.74,1.491,0,3.9,0,0,1,0,0,0,1,0,0,0,0,0,1,0,0,1,0
0,16.0,1,36.0,4.0,4,4,3,0,14.0,6.0,8.0,9.0,169.34,9.0,8.0,169.34,3.897,0,4.4,0,1,0,0,0,0,1,0,0,0,1,0,0,0,1,0,1
0,12.0,1,19.0,1.0,5,5,4,0,16.0,2.0,2.0,3.0,187.88,3.0,2.0,187.88,1.602,0,2.4,0,0,0,0,0,0,1,0,0,0,1,0,0,0,1,0,1
0,8.0,1,23.0,4.0,5,1,3,0,17.0,2.0,2.0,4.0,150.53,4.0,2.0,150.53,1.442,0,3.9,0,0,0,0,0,0,1,0,0,0,0,0,1,0,0,1,0
1,13.0,3,18.0,3.0,4,1,3,0,19.0,1.0,8.0,8.0,201.54,8.0,8.0,201.54,4.028,0,2.9,0,1,0,0,0,0,0,1,0,0,0,0,0,0,1,0,0
1,19.0,3,9.0,3.0,4,1,6,0,17.0,2.0,8.0,4.0,176.6,4.0,8.0,176.6,3.946,0,3.1,0,1,0,0,0,1,0,0,0,0,1,0,0,0,0,1,1
0,17.0,1,21.0,4.0,4,5,8,0,15.0,2.0,2.0,1.0,296.59,1.0,2.0,296.59,2.086,0,3.6,0,1,0,0,0,0,1,0,0,1,0,0,0,0,1,0,1
0,1.0,1,12.0,3.0,5,1,3,1,17.0,2.0,2.0,9.0,253.07999999999998,9.0,2.0,253.07999999999998,1.832,1,3.4,1,1,0,0,1,0,0,0,0,0,0,0,0,0,1,0,1
0,9.0,1,14.0,3.0,4,3,5,0,22.0,1.0,2.0,3.0,227.21,3.0,2.0,227.21,1.759,0,2.9,0,1,0,0,0,0,0,0,1,0,0,0,0,0,0,1,1
0,2.0,3,9.0,3.0,4,4,3,1,21.0,7.0,8.0,6.0,172.79,6.0,8.0,172.79,3.92,1,4.1,0,1,0,0,0,0,0,1,0,0,1,0,0,0,1,0,0
0,8.0,2,10.0,3.0,4,1,2,0,20.0,2.0,2.0,3.0,162.37,3.0,2.0,162.37,1.499,0,3.1,0,1,0,0,0,0,0,0,1,0,0,0,1,0,1,0,1
1,1.0,1,12.0,3.0,5,3,3,1,15.0,1.0,2.0,8.0,148.66,8.0,2.0,148.66,1.417,1,3.2,0,0,0,0,0,1,0,0,0,0,0,0,1,0,1,0,0
0,1.0,1,10.0,3.0,4,1,3,0,12.0,1.0,2.0,1.0,142.06,1.0,2.0,142.06,1.468,1,2.9,0,0,0,0,0,1,0,0,0,0,0,0,1,0,1,0,1
0,25.0,3,33.0,4.0,4,3,4,0,15.0,1.0,5.0,18.0,288.07,18.0,5.0,288.07,3.163,0,3.4,0,1,0,0,0,0,0,1,0,1,0,0,0,0,1,0,0
0,18.0,1,11.0,3.0,4,4,11,0,13.0,2.0,3.0,4.0,184.33,4.0,3.0,184.33,1.977,0,3.1,0,1,0,0,0,1,0,0,0,0,1,0,0,0,0,1,1
0,1.0,1,9.0,4.0,2,5,9,0,14.0,1.0,2.0,2.0,159.24,2.0,2.0,159.24,1.504,1,2.8,0,1,0,0,0,1,0,0,0,0,0,0,1,0,0,1,1
0,7.0,3,7.0,3.0,2,5,3,0,23.0,1.0,2.0,9.0,165.37,9.0,2.0,165.37,1.481,0,2.3,0,1,0,0,0,1,0,0,0,0,1,0,0,0,1,0,1
0,9.0,1,34.0,3.0,5,5,3,0,12.0,1.0,2.0,2.0,150.59,2.0,2.0,150.59,1.469,0,3.2,0,1,0,0,0,1,0,0,0,0,0,0,1,0,0,1,0
0,10.0,3,7.0,3.0,4,1,3,1,15.0,4.0,5.0,12.0,187.01,12.0,5.0,187.01,2.763,0,3.5,1,1,0,0,0,0,1,0,0,0,1,0,0,0,1,0,1
0,6.0,3,20.0,4.0,4,1,4,0,12.0,1.0,2.0,4.0,169.03,4.0,2.0,169.03,1.516,0,3.4,0,1,0,0,0,0,1,0,0,0,1,0,0,0,1,0,1
0,4.0,1,12.0,4.0,5,1,11,0,13.0,1.0,2.0,4.0,162.61,4.0,2.0,162.61,1.49,0,3.7,0,0,0,0,0,0,1,0,0,0,0,0,1,0,1,0,1
0,27.0,3,14.0,4.0,5,1,9,1,19.0,1.0,2.0,5.0,234.33999999999997,5.0,2.0,234.33999999999997,1.771,0,3.7,1,1,0,0,0,0,0,1,0,0,0,0,0,0,1,0,0
0,19.0,3,16.0,4.0,4,5,6,1,13.0,1.0,2.0,3.0,232.61,3.0,2.0,232.61,1.78,0,3.4,0,1,0,0,0,0,0,1,0,0,0,0,0,0,1,0,1
0,6.0,1,15.0,4.0,2,3,7,0,13.0,2.0,2.0,4.0,176.75,4.0,2.0,176.75,1.547,0,3.0,0,1,0,0,0,1,0,0,0,0,1,0,0,0,1,0,0
0,26.0,1,32.0,3.0,5,1,5,0,23.0,1.0,2.0,1.0,263.26,1.0,2.0,263.26,1.953,0,3.2,0,0,0,0,0,1,0,0,0,1,0,0,0,0,1,0,0
0,11.0,3,23.0,4.0,5,3,6,0,20.0,2.0,2.0,1.0,188.34,1.0,2.0,188.34,1.653,0,3.9,0,1,0,0,0,0,0,1,0,0,1,0,0,0,1,0,1
0,2.0,2,15.0,4.0,5,1,3,0,14.0,2.0,2.0,5.0,174.36,5.0,2.0,174.36,1.531,1,3.9,0,1,0,0,0,1,0,0,0,0,0,0,1,0,1,0,1
0,1.0,1,7.0,3.0,5,1,8,0,23.0,3.0,3.0,3.0,172.75,3.0,3.0,172.75,1.941,1,3.6,0,1,0,0,0,0,1,0,0,0,1,0,0,0,1,0,1
0,18.0,1,15.0,4.0,2,1,4,1,25.0,2.0,2.0,3.0,153.18,3.0,2.0,153.18,1.463,0,3.0,1,1,0,0,0,0,1,0,0,0,0,0,1,0,1,0,1
0,16.0,1,9.0,3.0,4,1,7,1,15.0,2.0,3.0,3.0,150.15,3.0,3.0,150.15,1.851,0,3.1,1,0,0,0,0,1,0,0,0,0,0,0,1,0,0,1,1
0,10.0,2,15.0,4.0,5,5,2,0,22.0,1.0,2.0,4.0,148.42,4.0,2.0,148.42,1.434,0,3.7,0,0,1,0,0,0,1,0,0,0,0,0,1,0,1,0,1
0,1.0,3,10.0,4.0,4,5,3,1,19.0,1.0,2.0,4.0,166.94,4.0,2.0,166.94,1.508,1,3.4,0,1,0,0,0,0,0,0,1,0,1,0,0,0,1,0,1
0,9.0,1,16.0,4.0,5,3,3,1,21.0,4.0,2.0,16.0,231.85000000000002,16.0,2.0,231.85000000000002,1.739,0,4.3,0,1,0,0,0,0,1,0,0,0,0,0,0,0,1,0,0
1,1.0,1,32.0,4.0,4,4,3,1,20.0,7.0,8.0,9.0,145.22,9.0,8.0,145.22,3.801,1,4.6,0,0,0,0,0,0,1,0,0,0,0,0,1,0,1,0,0
0,6.0,1,7.0,4.0,4,1,2,0,13.0,2.0,2.0,3.0,148.14,3.0,2.0,148.14,1.443,0,3.6,0,0,0,0,0,0,1,0,0,0,0,0,1,0,1,0,1
0,1.0,3,11.0,3.0,5,5,3,0,13.0,2.0,2.0,4.0,167.56,4.0,2.0,167.56,1.51,1,3.4,0,1,0,0,0,0,0,1,0,0,1,0,0,0,1,0,1
0,23.0,1,7.0,3.0,4,5,4,0,17.0,1.0,2.0,3.0,160.8,3.0,2.0,160.8,1.493,0,2.9,0,1,0,1,0,0,0,0,0,0,0,0,1,0,1,0,0
0,1.0,1,11.0,3.0,5,1,2,0,18.0,1.0,4.0,5.0,156.62,5.0,4.0,156.62,2.26,1,3.2,0,0,0,0,0,0,1,0,0,0,0,0,1,0,1,0,1
0,6.0,3,12.0,3.0,4,4,3,0,15.0,3.0,6.0,4.0,190.24,4.0,6.0,190.24,3.201,0,3.3,0,0,0,0,0,0,1,0,0,0,1,0,0,0,1,0,1
0,12.0,3,16.0,4.0,5,4,2,0,20.0,1.0,2.0,3.0,153.99,3.0,2.0,153.99,1.466,0,3.7,0,1,0,0,0,0,0,1,0,0,0,0,1,0,1,0,1
0,16.0,1,10.0,4.0,2,1,4,1,14.0,2.0,2.0,4.0,177.31,4.0,2.0,177.31,1.549,0,3.0,1,1,0,0,0,0,1,0,0,0,1,0,0,0,1,0,0
0,5.0,1,18.0,3.0,4,1,5,1,20.0,1.0,2.0,3.0,148.56,3.0,2.0,148.56,1.444,0,2.9,1,0,1,0,0,0,1,0,0,0,0,0,1,0,1,0,1
1,1.0,3,7.0,3.0,5,3,8,1,20.0,2.0,2.0,3.0,153.0,3.0,2.0,153.0,1.462,1,3.4,0,1,0,0,0,1,0,0,0,0,0,0,1,0,1,0,0
0,27.0,3,15.0,4.0,4,1,7,0,15.0,3.0,2.0,3.0,243.36,3.0,2.0,243.36,1.823,0,3.8,0,1,0,0,0,0,0,1,0,1,0,0,0,0,1,0,1
0,9.0,1,32.0,4.0,5,4,5,0,17.0,3.0,2.0,9.0,234.02999999999997,9.0,2.0,234.02999999999997,1.756,0,4.1,0,1,0,0,1,0,0,0,0,0,0,0,0,0,1,0,1
0,11.0,3,28.0,3.0,4,1,7,0,16.0,2.0,2.0,1.0,154.73,1.0,2.0,154.73,1.519,0,3.1,0,0,0,0,0,1,0,0,0,0,0,0,1,0,1,0,0
0,27.0,1,30.0,4.0,4,1,8,0,19.0,1.0,4.0,9.0,267.75,9.0,4.0,267.75,2.691,0,3.4,0,1,0,0,0,0,1,0,0,1,0,0,0,0,0,1,0
0,17.0,1,7.0,3.0,4,1,6,0,14.0,2.0,3.0,3.0,180.62,3.0,3.0,180.62,1.972,0,3.1,0,0,0,0,0,0,1,0,0,0,1,0,0,0,1,0,0
0,21.0,3,9.0,3.0,4,1,2,1,23.0,4.0,8.0,8.0,170.37,8.0,8.0,170.37,3.904,0,3.5,1,1,0,0,0,0,0,1,0,0,1,0,0,0,1,0,0
0,11.0,3,26.0,3.0,4,4,3,1,14.0,1.0,2.0,10.0,201.42,10.0,2.0,201.42,1.624,0,2.9,0,0,0,0,0,1,0,0,0,0,0,0,0,0,0,1,1
0,24.0,1,9.0,4.0,4,5,3,0,15.0,14.0,15.0,8.0,304.24,8.0,15.0,304.24,7.239,0,6.0,0,0,0,0,0,0,1,0,0,1,0,0,0,0,1,0,1
0,13.0,2,9.0,3.0,5,1,10,0,12.0,2.0,2.0,5.0,177.04,5.0,2.0,177.04,1.541,0,3.4,0,1,0,0,0,0,1,0,0,0,1,0,0,0,1,0,0
0,7.0,2,10.0,3.0,4,4,5,1,12.0,1.0,2.0,4.0,147.77,4.0,2.0,147.77,1.431,0,2.9,0,0,1,0,0,0,0,0,1,0,0,0,1,0,1,0,1
1,1.0,1,32.0,3.0,4,1,3,1,25.0,1.0,2.0,2.0,152.95,2.0,2.0,152.95,1.478,1,2.9,1,1,0,0,0,0,1,0,0,0,0,0,1,0,0,1,1
0,3.0,1,14.0,4.0,5,1,8,0,15.0,2.0,2.0,4.0,150.32,4.0,2.0,150.32,1.441,0,3.9,0,1,0,0,0,1,0,0,0,0,0,0,1,0,1,0,0
0,18.0,1,16.0,4.0,4,5,3,1,14.0,6.0,8.0,2.0,150.59,2.0,8.0,150.59,3.869,0,4.4,0,1,0,0,0,0,1,0,0,0,0,0,1,0,1,0,1
0,2.0,3,12.0,4.0,4,1,3,0,15.0,1.0,2.0,3.0,174.08,3.0,2.0,174.08,1.546,1,3.4,0,1,0,0,0,1,0,0,0,0,1,0,0,0,0,1,1
1,21.0,1,9.0,3.0,5,1,11,1,15.0,2.0,2.0,1.0,148.8,1.0,2.0,148.8,1.495,0,3.4,1,0,0,0,0,0,1,0,0,0,0,0,1,0,1,0,1
0,17.0,1,15.0,3.0,4,4,6,0,22.0,2.0,2.0,1.0,172.65,1.0,2.0,172.65,1.591,0,3.1,0,1,0,0,0,0,1,0,0,0,1,0,0,0,1,0,0
1,1.0,3,9.0,3.0,5,3,3,0,14.0,2.0,2.0,3.0,145.44,3.0,2.0,145.44,1.432,1,3.4,0,0,1,0,0,1,0,0,0,0,0,0,1,0,0,1,0
1,1.0,1,25.0,4.0,4,1,3,0,20.0,2.0,2.0,1.0,151.93,1.0,2.0,151.93,1.508,1,3.6,0,1,0,0,0,0,0,0,1,0,0,0,1,0,0,1,0
0,10.0,1,21.0,4.0,4,1,2,1,18.0,3.0,5.0,12.0,190.86,12.0,5.0,190.86,2.779,0,3.8,1,1,0,0,0,0,1,0,0,0,1,0,0,0,1,0,1
0,21.0,3,9.0,4.0,5,1,3,1,19.0,1.0,2.0,3.0,157.94,3.0,2.0,157.94,1.482,0,3.7,1,1,0,0,0,0,1,0,0,0,0,0,1,0,0,1,0
1,1.0,1,10.0,3.0,4,3,2,1,20.0,2.0,2.0,3.0,166.71,3.0,2.0,166.71,1.517,1,3.1,0,1,0,0,0,0,1,0,0,0,1,0,0,0,1,0,0
1,5.0,1,9.0,3.0,6,1,6,1,14.0,1.0,2.0,1.0,152.78,1.0,2.0,152.78,1.511,0,3.5,1,1,0,0,0,0,1,0,0,0,0,0,1,0,1,0,0
0,2.0,1,16.0,4.0,4,3,7,0,19.0,1.0,3.0,3.0,148.77,3.0,3.0,148.77,1.845,1,3.4,0,0,1,0,0,1,0,0,0,0,0,0,1,0,1,0,0
1,3.0,1,13.0,4.0,4,5,9,1,22.0,2.0,3.0,3.0,149.04,3.0,3.0,149.04,1.846,0,3.6,0,0,1,0,0,1,0,0,0,0,0,0,1,0,1,0,1
0,1.0,1,11.0,4.0,4,3,3,0,20.0,1.0,2.0,1.0,148.18,1.0,2.0,148.18,1.493,1,3.4,0,0,1,0,0,0,1,0,0,0,0,0,1,0,0,1,0
0,8.0,1,17.0,3.0,4,4,3,0,15.0,2.0,2.0,1.0,145.08,1.0,2.0,145.08,1.48,0,3.1,0,0,1,0,0,0,1,0,0,0,0,0,1,0,1,0,1
0,16.0,3,21.0,4.0,5,3,9,0,18.0,2.0,2.0,4.0,187.44,4.0,2.0,187.44,1.59,0,3.9,0,1,0,0,0,1,0,0,0,0,1,0,0,0,0,1,0
0,7.0,1,7.0,4.0,5,5,5,1,12.0,2.0,2.0,3.0,152.99,3.0,2.0,152.99,1.462,0,3.9,0,1,0,0,0,0,0,0,1,0,0,0,1,0,0,1,1
0,31.0,1,12.0,3.0,5,4,4,1,14.0,2.0,2.0,3.0,230.52,3.0,2.0,230.52,1.772,0,3.4,0,1,0,0,1,0,0,0,0,0,0,0,0,0,1,0,0
0,5.0,3,14.0,3.0,5,3,5,0,16.0,3.0,6.0,3.0,148.29,3.0,6.0,148.29,3.043,0,3.6,0,0,1,0,0,0,1,0,0,0,0,0,1,0,1,0,1
0,9.0,1,28.0,3.0,4,1,3,1,26.0,1.0,2.0,8.0,165.14,8.0,2.0,165.14,1.483,0,2.9,1,1,0,0,0,0,1,0,0,0,1,0,0,0,1,0,0
0,23.0,1,15.0,3.0,4,4,6,0,12.0,1.0,2.0,8.0,199.03,8.0,2.0,199.03,1.618,0,2.9,0,1,0,0,0,0,0,0,1,0,0,0,0,0,1,0,0
0,22.0,1,27.0,3.0,4,3,6,0,18.0,2.0,2.0,1.0,147.59,1.0,2.0,147.59,1.49,0,3.1,0,0,1,0,0,1,0,0,0,0,0,0,1,0,1,0,1
0,5.0,3,27.0,3.0,4,3,3,0,14.0,2.0,2.0,1.0,194.32,1.0,2.0,194.32,1.677,0,3.1,0,0,0,0,0,0,0,1,0,0,1,0,0,0,1,0,0
0,10.0,1,14.0,4.0,4,1,4,0,19.0,2.0,2.0,2.0,171.78,2.0,2.0,171.78,1.554,0,3.6,0,1,0,0,0,0,0,0,1,0,0,0,1,0,0,1,1
0,12.0,1,7.0,4.0,4,5,3,0,14.0,5.0,6.0,12.0,260.82,12.0,6.0,260.82,3.459,0,4.2,0,1,0,0,1,0,0,0,0,0,0,0,0,0,1,0,0
0,6.0,1,7.0,4.0,5,4,8,0,21.0,1.0,2.0,3.0,148.32,3.0,2.0,148.32,1.443,0,3.7,0,0,0,0,0,0,1,0,0,0,0,0,1,0,1,0,0
1,1.0,3,26.0,3.0,5,4,3,1,19.0,1.0,2.0,1.0,149.13,1.0,2.0,149.13,1.497,1,3.2,0,0,1,0,0,0,0,1,0,0,0,0,1,0,1,0,1
0,14.0,3,17.0,4.0,5,4,4,0,13.0,1.0,2.0,3.0,222.05,3.0,2.0,222.05,1.738,0,3.7,0,1,0,0,0,0,0,1,0,0,0,0,0,0,1,0,1
0,1.0,3,7.0,3.0,5,5,3,0,13.0,1.0,2.0,8.0,167.94,8.0,2.0,167.94,1.494,1,3.2,0,0,0,0,0,1,0,0,0,0,1,0,0,0,0,1,1
0,15.0,1,13.0,3.0,4,5,4,1,14.0,2.0,3.0,18.0,172.21,18.0,3.0,172.21,1.899,0,3.1,0,1,0,0,0,1,0,0,0,0,0,0,1,0,0,1,1
0,10.0,1,9.0,4.0,4,3,6,0,22.0,2.0,4.0,10.0,150.19,10.0,4.0,150.19,2.219,0,3.6,0,1,0,0,0,1,0,0,0,0,0,0,1,0,0,1,1
1,1.0,3,28.0,3.0,5,4,3,1,14.0,2.0,2.0,1.0,146.21,1.0,2.0,146.21,1.485,1,3.4,0,0,1,0,0,0,0,0,1,0,0,0,1,0,0,1,1
1,1.0,1,11.0,3.0,4,5,3,0,20.0,2.0,2.0,1.0,154.73,1.0,2.0,154.73,1.519,1,3.1,0,1,0,1,0,0,0,0,0,0,0,0,1,0,0,1,1
0,5.0,1,19.0,3.0,4,1,2,1,12.0,7.0,9.0,6.0,183.55,6.0,9.0,183.55,4.363,0,4.1,1,1,0,0,0,1,0,0,0,0,1,0,0,0,1,0,0
0,14.0,1,16.0,3.0,4,4,10,1,15.0,1.0,2.0,1.0,161.17,1.0,2.0,161.17,1.545,0,2.9,0,0,0,0,0,1,0,0,0,0,0,0,1,0,1,0,1
0,6.0,1,10.0,4.0,4,5,3,0,13.0,2.0,7.0,4.0,192.25,4.0,7.0,192.25,3.609,0,3.6,0,1,0,0,0,1,0,0,0,0,1,0,0,0,1,0,0
1,1.0,3,10.0,3.0,5,1,3,1,12.0,4.0,4.0,3.0,228.25,3.0,4.0,228.25,2.563,1,3.8,1,1,0,0,0,0,1,0,0,0,0,0,0,0,1,0,1
0,7.0,1,7.0,3.0,5,1,2,0,15.0,2.0,2.0,5.0,194.49,5.0,2.0,194.49,1.611,0,3.4,0,1,0,0,0,0,1,0,0,0,1,0,0,0,0,1,0
1,1.0,3,7.0,3.0,5,3,7,0,12.0,6.0,12.0,3.0,231.08999999999997,3.0,12.0,231.08999999999997,5.774,1,4.2,0,1,0,0,0,0,1,0,0,0,0,0,0,0,1,0,1
0,19.0,1,11.0,3.0,4,4,3,0,13.0,2.0,2.0,9.0,169.47,9.0,2.0,169.47,1.498,0,3.1,0,0,0,0,0,0,1,0,0,0,1,0,0,0,1,0,1
0,3.0,3,27.0,3.0,4,1,3,0,16.0,1.0,2.0,3.0,146.57,3.0,2.0,146.57,1.436,0,2.9,0,0,0,1,0,0,0,0,0,0,0,0,1,0,1,0,0
0,9.0,3,25.0,3.0,4,3,3,0,17.0,2.0,2.0,1.0,171.01,1.0,2.0,171.01,1.584,0,3.1,0,1,0,0,0,1,0,0,0,0,1,0,0,0,1,0,0
0,26.0,1,7.0,4.0,4,1,4,0,15.0,4.0,8.0,9.0,295.99,9.0,8.0,295.99,4.404,0,4.0,0,1,0,0,0,0,1,0,0,1,0,0,0,0,1,0,1
1,21.0,1,9.0,3.0,4,3,6,0,25.0,1.0,2.0,1.0,149.79,1.0,2.0,149.79,1.499,0,2.9,0,1,0,1,0,0,0,0,0,0,0,0,1,0,0,1,1
0,27.0,3,9.0,3.0,4,3,8,0,14.0,1.0,16.0,3.0,273.52,3.0,16.0,273.52,7.544,0,2.9,0,1,0,0,0,1,0,0,0,1,0,0,0,0,1,0,1
0,4.0,3,15.0,4.0,4,3,7,0,12.0,3.0,8.0,8.0,197.64,8.0,8.0,197.64,4.013,0,3.8,0,1,0,0,0,0,0,0,1,0,0,0,0,0,1,0,1
0,12.0,3,17.0,3.0,4,1,3,1,14.0,2.0,2.0,4.0,181.66,4.0,2.0,181.66,1.567,0,3.1,1,0,0,1,0,0,0,0,0,0,1,0,0,0,0,1,0
0,9.0,3,10.0,4.0,4,1,8,0,14.0,1.0,2.0,9.0,203.23,9.0,2.0,203.23,1.633,0,3.4,0,1,0,0,0,0,1,0,0,0,0,0,0,0,1,0,1
0,13.0,3,9.0,3.0,2,3,2,0,19.0,1.0,2.0,8.0,203.8,8.0,2.0,203.8,1.637,0,2.3,0,1,0,0,0,0,1,0,0,0,0,0,0,0,0,1,1
1,4.0,3,31.0,4.0,2,4,6,1,17.0,2.0,2.0,1.0,256.94,1.0,2.0,256.94,1.928,0,3.0,0,0,0,0,0,0,1,0,0,1,0,0,0,0,0,1,0
0,21.0,1,23.0,4.0,2,3,3,1,20.0,2.0,3.0,8.0,175.67,8.0,3.0,175.67,1.925,0,3.0,0,0,0,0,0,1,0,0,0,0,1,0,0,0,1,0,1
0,10.0,3,15.0,3.0,4,1,6,0,14.0,2.0,2.0,8.0,175.79,8.0,2.0,175.79,1.525,0,3.1,0,0,0,1,0,0,0,0,0,0,1,0,0,0,1,0,1
1,1.0,1,16.0,3.0,5,5,2,1,23.0,1.0,2.0,3.0,148.21,3.0,2.0,148.21,1.443,1,3.2,0,0,0,0,0,1,0,0,0,0,0,0,1,0,0,1,1
0,7.0,3,24.0,3.0,4,3,3,0,15.0,6.0,7.0,1.0,299.44,1.0,7.0,299.44,4.098,0,3.9,0,0,0,0,0,0,1,0,0,1,0,0,0,0,0,1,1
1,1.0,1,17.0,4.0,5,5,8,1,21.0,2.0,2.0,1.0,149.04,1.0,2.0,149.04,1.496,1,3.9,0,0,1,0,0,0,1,0,0,0,0,0,1,0,0,1,0
0,7.0,1,20.0,3.0,4,1,5,0,19.0,2.0,2.0,3.0,159.52,3.0,2.0,159.52,1.488,0,3.1,0,1,0,0,0,0,1,0,0,0,0,0,1,0,0,1,0
0,19.0,1,7.0,4.0,4,1,5,0,15.0,2.0,2.0,3.0,147.7,3.0,2.0,147.7,1.441,0,3.6,0,0,1,0,0,1,0,0,0,0,0,0,1,0,1,0,0
0,24.0,1,7.0,4.0,4,1,11,0,15.0,1.0,2.0,4.0,298.99,4.0,2.0,298.99,2.036,0,3.4,0,1,0,0,0,1,0,0,0,1,0,0,0,0,1,0,1
0,7.0,1,7.0,3.0,2,4,3,1,14.0,2.0,2.0,3.0,179.88,3.0,2.0,179.88,1.57,0,2.5,0,0,0,0,0,0,0,0,1,0,1,0,0,0,1,0,0
0,15.0,1,16.0,4.0,4,3,4,0,15.0,1.0,2.0,12.0,319.19,12.0,2.0,319.19,2.092,0,3.4,0,0,0,0,0,1,0,0,0,0,0,0,0,1,1,0,1
0,1.0,1,23.0,3.0,4,4,11,0,15.0,3.0,3.0,3.0,153.11,3.0,3.0,153.11,1.862,1,3.3,0,1,0,1,0,0,0,0,0,0,0,0,1,0,1,0,0
0,19.0,1,30.0,3.0,4,5,3,1,16.0,2.0,2.0,9.0,161.33,9.0,2.0,161.33,1.465,0,3.1,0,0,0,0,0,0,1,0,0,0,1,0,0,0,1,0,1
0,21.0,3,11.0,3.0,4,1,3,1,18.0,2.0,2.0,8.0,166.63,8.0,2.0,166.63,1.489,0,3.1,1,1,0,0,0,0,1,0,0,0,1,0,0,0,0,1,0
1,1.0,1,29.0,3.0,4,3,6,1,12.0,1.0,2.0,2.0,146.32,2.0,2.0,146.32,1.452,1,2.9,0,0,1,0,0,0,1,0,0,0,0,0,1,0,1,0,0
0,24.0,1,31.0,4.0,4,3,5,1,19.0,1.0,2.0,6.0,264.73,6.0,2.0,264.73,1.887,0,3.4,0,1,0,0,0,0,1,0,0,1,0,0,0,0,1,0,1
0,12.0,1,17.0,4.0,4,3,2,0,18.0,1.0,2.0,3.0,151.84,3.0,2.0,151.84,1.457,0,3.4,0,0,0,0,0,1,0,0,0,0,0,0,1,0,1,0,1
0,20.0,1,14.0,4.0,4,3,8,0,14.0,2.0,2.0,8.0,233.45,8.0,2.0,233.45,1.756,0,3.6,0,1,0,0,0,1,0,0,0,0,0,0,0,0,1,0,1
0,1.0,1,24.0,3.0,5,3,3,0,16.0,1.0,4.0,3.0,168.77,3.0,4.0,168.77,2.325,1,3.2,0,1,0,0,0,1,0,0,0,0,1,0,0,0,1,0,0
1,1.0,1,21.0,3.0,5,4,3,1,25.0,2.0,2.0,3.0,162.43,3.0,2.0,162.43,1.5,1,3.4,0,1,0,0,0,0,0,0,1,0,0,0,1,0,1,0,1
0,5.0,1,7.0,4.0,4,5,3,0,13.0,2.0,2.0,4.0,166.48,4.0,2.0,166.48,1.506,0,3.6,0,0,0,0,0,0,1,0,0,0,1,0,0,0,1,0,0
0,1.0,1,12.0,4.0,4,1,3,0,16.0,1.0,2.0,1.0,135.51,1.0,2.0,135.51,1.442,1,3.4,0,0,0,0,0,0,1,0,0,0,0,0,1,0,0,1,1
0,28.0,1,24.0,3.0,4,3,10,0,12.0,1.0,2.0,9.0,232.39,9.0,2.0,232.39,1.75,0,2.9,0,1,0,0,1,0,0,0,0,0,0,0,0,0,1,0,0
0,9.0,1,32.0,3.0,4,3,3,1,12.0,1.0,11.0,3.0,228.88,3.0,11.0,228.88,5.366,0,2.9,0,1,0,0,0,1,0,0,0,0,0,0,0,0,1,0,0
0,4.0,1,15.0,4.0,2,5,2,1,13.0,1.0,2.0,8.0,239.16000000000003,8.0,2.0,239.16000000000003,1.779,0,2.8,0,1,0,0,0,0,1,0,0,0,0,0,0,0,1,0,0
1,1.0,1,18.0,4.0,5,5,3,1,16.0,2.0,2.0,1.0,151.0,1.0,2.0,151.0,1.504,1,3.9,0,1,0,0,0,1,0,0,0,0,0,0,1,0,0,1,0
1,1.0,1,12.0,3.0,4,4,2,0,18.0,1.0,2.0,3.0,149.22,3.0,2.0,149.22,1.447,1,2.9,0,0,0,0,0,1,0,0,0,0,0,0,1,0,0,1,0
0,1.0,1,9.0,3.0,2,1,3,0,13.0,2.0,2.0,4.0,179.72,4.0,2.0,179.72,1.559,1,2.5,0,1,0,0,0,1,0,0,0,0,1,0,0,0,1,0,1
0,1.0,1,15.0,4.0,6,5,3,0,16.0,1.0,2.0,2.0,149.51,2.0,2.0,149.51,1.465,1,4.0,0,1,0,0,0,0,1,0,0,0,0,0,1,0,1,0,1
0,22.0,1,13.0,4.0,5,3,4,0,14.0,1.0,3.0,3.0,167.4,3.0,3.0,167.4,1.92,0,3.7,0,1,0,0,0,0,1,0,0,0,1,0,0,0,0,1,1
0,22.0,1,11.0,4.0,5,3,9,0,15.0,2.0,2.0,9.0,234.99,9.0,2.0,234.99,1.76,0,3.9,0,1,0,0,0,0,1,0,0,0,0,0,0,0,0,1,1
0,15.0,1,14.0,3.0,4,3,8,0,15.0,3.0,3.0,2.0,175.03,2.0,3.0,175.03,1.967,0,3.3,0,1,0,0,0,1,0,0,0,0,1,0,0,0,0,1,0
0,13.0,1,7.0,4.0,5,1,3,0,17.0,10.0,2.0,9.0,252.42000000000002,9.0,2.0,252.42000000000002,1.83,0,5.5,0,1,0,0,0,0,1,0,0,1,0,0,0,0,1,0,0
0,1.0,1,9.0,3.0,4,1,2,0,19.0,3.0,3.0,3.0,167.27,3.0,3.0,167.27,1.919,1,3.3,0,1,0,0,0,0,1,0,0,0,1,0,0,0,1,0,0
0,9.0,1,17.0,3.0,4,1,3,0,21.0,1.0,2.0,3.0,164.17,3.0,2.0,164.17,1.507,0,2.9,0,1,0,0,0,0,0,0,1,0,0,0,1,0,1,0,1
0,1.0,3,12.0,3.0,4,3,8,0,15.0,1.0,2.0,1.0,308.03,1.0,2.0,308.03,2.132,1,2.9,0,1,0,0,0,0,0,1,0,0,0,0,0,1,1,0,1
0,24.0,1,16.0,4.0,4,1,6,0,19.0,2.0,2.0,1.0,148.8,1.0,2.0,148.8,1.495,0,3.6,0,0,1,0,0,0,1,0,0,0,0,0,1,0,1,0,1
0,31.0,1,9.0,4.0,5,1,5,1,14.0,1.0,5.0,4.0,262.26,4.0,5.0,262.26,3.089,0,3.7,1,1,0,0,0,0,1,0,0,1,0,0,0,0,0,1,0
1,1.0,1,18.0,4.0,6,4,7,0,16.0,2.0,2.0,1.0,172.77,1.0,2.0,172.77,1.591,1,4.2,0,1,0,0,0,1,0,0,0,0,1,0,0,0,1,0,0
0,29.0,1,25.0,4.0,4,4,5,1,15.0,3.0,7.0,8.0,188.85,8.0,7.0,188.85,3.578,0,3.8,0,0,0,0,0,1,0,0,0,0,1,0,0,0,1,0,1
0,15.0,1,14.0,3.0,6,3,3,0,23.0,6.0,6.0,11.0,324.73,11.0,6.0,324.73,3.716,0,4.5,0,0,0,0,0,0,1,0,0,0,0,0,0,1,1,0,0
0,12.0,3,10.0,3.0,4,1,10,1,13.0,2.0,2.0,1.0,193.61,1.0,2.0,193.61,1.674,0,3.1,1,1,0,0,0,0,1,0,0,0,1,0,0,0,0,1,1
1,1.0,3,36.0,4.0,6,5,10,0,19.0,2.0,3.0,3.0,174.69,3.0,3.0,174.69,1.949,1,4.2,0,0,0,0,0,1,0,0,0,0,1,0,0,0,0,1,1
1,16.0,3,9.0,3.0,6,1,3,0,16.0,4.0,7.0,10.0,323.45,10.0,7.0,323.45,4.112,0,4.1,0,1,0,0,0,0,0,1,0,0,0,0,0,1,1,0,0
0,18.0,3,35.0,3.0,2,1,5,1,19.0,5.0,2.0,12.0,258.2,12.0,2.0,258.2,1.848,0,3.1,1,1,0,0,0,1,0,0,0,1,0,0,0,0,1,0,0
0,24.0,3,7.0,4.0,4,3,2,0,13.0,1.0,2.0,14.0,188.47,14.0,2.0,188.47,1.567,0,3.4,0,0,0,0,0,0,1,0,0,0,1,0,0,0,1,0,0
1,1.0,1,23.0,3.0,2,5,3,0,17.0,4.0,16.0,15.0,152.43,15.0,16.0,152.43,7.022,1,2.9,0,1,0,0,0,0,1,0,0,0,0,0,1,0,0,1,0
0,13.0,1,29.0,3.0,4,5,3,1,14.0,2.0,2.0,9.0,233.8,9.0,2.0,233.8,1.755,0,3.1,0,0,0,0,0,1,0,0,0,0,0,0,0,0,0,1,0
0,7.0,3,15.0,3.0,5,1,2,0,20.0,1.0,3.0,3.0,148.42,3.0,3.0,148.42,1.844,0,3.2,0,0,0,0,0,0,1,0,0,0,0,0,1,0,0,1,0
0,19.0,3,18.0,3.0,4,1,5,0,15.0,1.0,2.0,2.0,301.5,2.0,2.0,301.5,2.073,0,2.9,0,1,0,0,0,0,1,0,0,1,0,0,0,0,1,0,0
0,6.0,1,36.0,4.0,4,3,11,0,13.0,7.0,8.0,8.0,165.25,8.0,8.0,165.25,3.883,0,4.6,0,0,0,0,0,1,0,0,0,0,0,0,1,0,0,1,0
0,8.0,3,7.0,4.0,2,1,2,0,12.0,1.0,2.0,3.0,222.25,3.0,2.0,222.25,1.739,0,2.8,0,1,0,0,0,0,0,1,0,0,1,0,0,0,1,0,1
0,31.0,3,7.0,4.0,4,1,5,1,15.0,2.0,2.0,5.0,244.04000000000002,5.0,2.0,244.04000000000002,1.809,0,3.6,1,1,0,0,1,0,0,0,0,0,0,0,0,0,1,0,1
0,19.0,2,31.0,3.0,4,4,3,0,17.0,1.0,2.0,5.0,146.77,5.0,2.0,146.77,1.42,0,2.9,0,0,1,0,0,1,0,0,0,0,0,0,1,0,0,1,1
0,27.0,3,9.0,3.0,5,4,4,0,13.0,6.0,7.0,13.0,200.25,13.0,7.0,200.25,3.615,0,4.2,0,0,0,0,0,0,0,1,0,0,0,0,0,0,1,0,0
1,1.0,1,22.0,3.0,4,3,9,0,15.0,1.0,2.0,1.0,173.34,1.0,2.0,173.34,1.593,1,2.9,0,1,0,0,0,0,0,0,1,0,1,0,0,0,1,0,1
1,1.0,1,9.0,3.0,4,5,8,1,15.0,1.0,2.0,3.0,145.42,3.0,2.0,145.42,1.432,1,2.9,0,0,0,0,0,0,1,0,0,0,0,0,1,0,1,0,1
0,8.0,3,17.0,3.0,4,3,3,1,20.0,1.0,2.0,1.0,147.2,1.0,2.0,147.2,1.489,0,2.9,0,0,1,0,0,0,1,0,0,0,0,0,1,0,1,0,0
0,2.0,3,17.0,4.0,4,4,3,0,23.0,1.0,2.0,1.0,135.52,1.0,2.0,135.52,1.442,1,3.4,0,0,1,0,0,1,0,0,0,0,0,0,1,0,1,0,1
0,12.0,1,10.0,3.0,4,3,5,0,17.0,3.0,3.0,3.0,153.21,3.0,3.0,153.21,1.863,0,3.3,0,0,0,0,0,0,0,0,1,0,0,0,1,0,1,0,1
0,24.0,1,9.0,4.0,4,3,4,1,15.0,5.0,8.0,8.0,317.37,8.0,8.0,317.37,4.492,0,4.2,0,1,0,0,0,1,0,0,0,0,0,0,0,1,1,0,1
0,11.0,1,10.0,3.0,4,4,5,0,16.0,2.0,2.0,2.0,166.07,2.0,2.0,166.07,1.531,0,3.1,0,1,0,0,0,0,0,0,1,0,1,0,0,0,0,1,0
0,14.0,3,33.0,4.0,4,5,3,0,15.0,4.0,8.0,6.0,208.96,6.0,8.0,208.96,4.064,0,4.0,0,1,0,0,0,0,0,1,0,0,1,0,0,0,1,0,1
0,1.0,1,7.0,4.0,5,3,3,0,14.0,1.0,2.0,4.0,145.07,4.0,2.0,145.07,1.42,1,3.7,0,0,0,0,0,1,0,0,0,0,0,0,1,0,1,0,0
0,20.0,1,7.0,3.0,4,1,11,0,15.0,2.0,3.0,3.0,321.27,3.0,3.0,321.27,2.535,0,3.1,0,1,0,0,0,1,0,0,0,0,0,0,0,1,1,0,1
0,28.0,3,9.0,3.0,5,3,8,0,12.0,7.0,2.0,1.0,231.86,1.0,2.0,231.86,1.827,0,4.4,0,1,0,0,0,0,1,0,0,0,0,0,0,0,1,0,0
0,30.0,1,16.0,4.0,4,3,4,0,20.0,2.0,2.0,4.0,154.42,4.0,2.0,154.42,1.458,0,3.6,0,0,0,0,0,1,0,0,0,0,0,0,1,0,1,0,0
0,10.0,1,19.0,3.0,5,1,2,0,12.0,6.0,8.0,3.0,213.58,3.0,8.0,213.58,4.104,0,4.2,0,1,0,0,0,1,0,0,0,0,0,0,0,0,0,1,0
0,29.0,1,9.0,3.0,5,5,9,0,15.0,3.0,7.0,3.0,292.56,3.0,7.0,292.56,4.02,0,3.6,0,0,0,0,0,1,0,0,0,1,0,0,0,0,0,1,1
0,17.0,3,32.0,4.0,5,1,7,0,14.0,2.0,2.0,1.0,232.98000000000002,1.0,2.0,232.98000000000002,1.832,0,3.9,0,1,0,0,0,1,0,0,0,0,0,0,0,0,1,0,1
1,1.0,3,16.0,3.0,4,1,3,1,15.0,2.0,2.0,3.0,148.23,3.0,2.0,148.23,1.443,1,3.1,1,0,0,0,0,0,0,1,0,0,0,0,1,0,0,1,0
1,1.0,1,17.0,3.0,5,5,3,0,14.0,1.0,2.0,1.0,139.16,1.0,2.0,139.16,1.457,1,3.2,0,0,1,0,0,0,1,0,0,0,0,0,1,0,0,1,0
0,20.0,1,15.0,4.0,5,5,10,1,24.0,2.0,2.0,8.0,171.15,8.0,2.0,171.15,1.507,0,3.9,0,1,0,0,0,0,1,0,0,0,1,0,0,0,1,0,0
1,15.0,1,11.0,3.0,4,3,11,1,13.0,1.0,3.0,8.0,149.61,8.0,3.0,149.61,1.821,0,2.9,0,1,0,0,0,0,1,0,0,0,0,0,1,0,1,0,1
1,1.0,1,31.0,4.0,5,5,3,0,13.0,2.0,2.0,3.0,212.22,3.0,2.0,212.22,1.699,1,3.9,0,0,0,0,1,0,0,0,0,0,0,0,0,0,0,1,1
0,1.0,1,7.0,3.0,5,5,3,0,17.0,2.0,2.0,4.0,164.55,4.0,2.0,164.55,1.498,1,3.4,0,1,0,0,0,1,0,0,0,0,0,0,1,0,1,0,1
0,4.0,1,27.0,3.0,4,5,2,0,16.0,1.0,2.0,3.0,224.57,3.0,2.0,224.57,1.748,0,2.9,0,1,0,0,0,0,0,0,1,0,1,0,0,0,1,0,1
0,15.0,1,14.0,3.0,2,3,3,0,14.0,1.0,2.0,9.0,158.76,9.0,2.0,158.76,1.455,0,2.3,0,1,0,1,0,0,0,0,0,0,0,0,1,0,1,0,0
0,12.0,1,24.0,4.0,5,3,2,0,19.0,2.0,2.0,3.0,213.23,3.0,2.0,213.23,1.703,0,3.9,0,1,0,0,0,0,1,0,0,0,0,0,0,0,1,0,0
0,14.0,1,27.0,4.0,4,1,6,0,21.0,4.0,12.0,3.0,228.22,3.0,12.0,228.22,5.763,0,4.0,0,1,0,0,1,0,0,0,0,0,0,0,0,0,1,0,1
0,1.0,1,15.0,3.0,6,3,3,0,20.0,2.0,2.0,3.0,171.21,3.0,2.0,171.21,1.535,1,3.7,0,0,0,0,0,0,1,0,0,0,0,0,1,0,1,0,1
0,29.0,1,9.0,4.0,4,4,5,0,19.0,1.0,2.0,3.0,234.76,3.0,2.0,234.76,1.789,0,3.4,0,0,0,0,0,0,1,0,0,0,0,0,0,0,1,0,1
0,2.0,1,17.0,3.0,4,3,5,0,14.0,1.0,2.0,8.0,161.6,8.0,2.0,161.6,1.469,1,2.9,0,1,0,0,0,0,0,0,1,0,1,0,0,0,0,1,0
1,8.0,2,7.0,4.0,5,5,11,0,15.0,3.0,4.0,3.0,229.82,3.0,4.0,229.82,2.569,0,4.1,0,1,0,0,0,1,0,0,0,0,0,0,0,0,1,0,1
0,7.0,1,12.0,3.0,5,1,6,0,16.0,2.0,2.0,3.0,196.19,3.0,2.0,196.19,1.635,0,3.4,0,1,0,0,0,0,1,0,0,0,0,0,0,0,1,0,1
1,1.0,3,11.0,3.0,4,5,2,1,23.0,3.0,5.0,3.0,220.82,3.0,5.0,220.82,2.933,1,3.3,0,1,0,0,1,0,0,0,0,0,0,0,0,0,0,1,1
1,1.0,1,36.0,3.0,5,3,3,0,23.0,3.0,4.0,9.0,170.08,9.0,4.0,170.08,2.3,1,3.6,0,0,0,0,0,1,0,0,0,0,1,0,0,0,0,1,0
0,2.0,1,22.0,3.0,4,3,3,0,17.0,1.0,3.0,3.0,147.07,3.0,3.0,147.07,1.838,1,2.9,0,0,1,0,0,0,1,0,0,0,0,0,1,0,1,0,1
0,8.0,1,10.0,3.0,4,1,2,0,18.0,2.0,2.0,5.0,202.56,5.0,2.0,202.56,1.644,0,3.1,0,0,0,0,0,0,1,0,0,0,1,0,0,0,0,1,1
0,11.0,3,17.0,3.0,5,1,4,1,15.0,2.0,2.0,1.0,191.94,1.0,2.0,191.94,1.668,0,3.4,1,1,0,0,0,0,1,0,0,0,1,0,0,0,1,0,0
1,1.0,1,11.0,3.0,4,1,3,1,16.0,5.0,6.0,7.0,161.91,7.0,6.0,161.91,3.073,1,3.7,1,1,0,1,0,0,0,0,0,0,0,0,1,0,1,0,1
1,1.0,1,28.0,3.0,4,3,3,0,21.0,2.0,2.0,1.0,148.77,1.0,2.0,148.77,1.495,1,3.1,0,0,1,0,0,1,0,0,0,0,0,0,1,0,1,0,1
1,1.0,1,32.0,3.0,5,4,6,1,21.0,2.0,3.0,3.0,148.13,3.0,3.0,148.13,1.843,1,3.4,0,0,1,0,0,1,0,0,0,0,0,0,1,0,0,1,1
0,16.0,1,9.0,3.0,4,5,2,0,15.0,6.0,14.0,8.0,301.65,8.0,14.0,301.65,6.829,0,3.9,0,1,0,0,0,1,0,0,0,1,0,0,0,0,1,0,1
1,1.0,1,7.0,3.0,5,4,3,0,16.0,2.0,2.0,1.0,150.96,1.0,2.0,150.96,1.504,1,3.4,0,0,0,0,0,1,0,0,0,0,0,0,1,0,1,0,1
1,14.0,3,7.0,3.0,4,3,5,1,15.0,2.0,2.0,1.0,172.28,1.0,2.0,172.28,1.589,0,3.1,0,0,0,0,0,0,0,0,1,0,1,0,0,0,0,1,1
0,7.0,3,14.0,2.0,4,4,2,0,18.0,1.0,2.0,3.0,168.02,3.0,2.0,168.02,1.522,0,2.4,0,0,0,0,0,0,1,0,0,0,1,0,0,0,1,0,0
0,8.0,1,10.0,3.0,5,1,5,0,18.0,1.0,2.0,1.0,154.79,1.0,2.0,154.79,1.519,0,3.2,0,0,0,0,0,0,1,0,0,0,0,0,1,0,1,0,1
0,22.0,1,7.0,3.0,2,1,4,0,15.0,1.0,3.0,2.0,293.85,2.0,3.0,293.85,2.442,0,2.3,0,0,0,0,0,1,0,0,0,1,0,0,0,0,0,1,1
0,19.0,3,16.0,4.0,5,3,3,0,14.0,5.0,5.0,13.0,180.93,13.0,5.0,180.93,2.738,0,4.5,0,0,0,0,0,0,1,0,0,0,1,0,0,0,1,0,0
0,26.0,1,6.0,3.0,4,4,9,0,20.0,3.0,5.0,3.0,229.45,3.0,5.0,229.45,2.968,0,3.3,0,1,0,0,0,0,1,0,0,0,0,0,0,0,0,1,1
0,12.0,3,17.0,4.0,5,3,2,1,15.0,2.0,3.0,3.0,212.4,3.0,3.0,212.4,2.1,0,3.9,0,1,0,0,0,0,0,1,0,0,0,0,0,0,1,0,1
0,3.0,1,35.0,4.0,4,1,6,0,23.0,2.0,2.0,8.0,150.14,8.0,2.0,150.14,1.423,0,3.6,0,1,0,0,0,0,1,0,0,0,0,0,1,0,1,0,0
0,2.0,1,10.0,4.0,4,4,2,0,18.0,1.0,2.0,8.0,201.55,8.0,2.0,201.55,1.628,1,3.4,0,1,0,0,0,1,0,0,0,0,0,0,0,0,1,0,0
0,20.0,3,10.0,3.0,4,3,5,0,15.0,5.0,5.0,10.0,299.65,10.0,5.0,299.65,3.217,0,3.7,0,1,0,0,0,0,0,1,0,1,0,0,0,0,1,0,1
0,12.0,3,9.0,3.0,4,4,9,0,17.0,2.0,2.0,1.0,198.51,1.0,2.0,198.51,1.694,0,3.1,0,1,0,0,0,0,0,1,0,0,0,0,0,0,0,1,1
0,17.0,1,34.0,3.0,4,5,10,0,12.0,2.0,2.0,2.0,233.2,2.0,2.0,233.2,1.799,0,3.1,0,0,0,0,0,0,1,0,0,0,0,0,0,0,1,0,0
1,3.0,1,9.0,3.0,4,1,9,0,12.0,11.0,2.0,6.0,246.69,6.0,2.0,246.69,1.815,0,4.9,0,0,0,0,0,0,1,0,0,1,0,0,0,0,1,0,1
0,14.0,1,21.0,3.0,5,3,3,0,15.0,4.0,5.0,10.0,321.26,10.0,5.0,321.26,3.303,0,3.8,0,1,0,0,0,1,0,0,0,0,0,0,0,1,0,1,1
0,1.0,1,7.0,4.0,5,4,3,1,12.0,2.0,3.0,3.0,145.7,3.0,3.0,145.7,1.833,1,3.9,0,0,1,1,0,0,0,0,0,0,0,0,1,0,0,1,0
0,13.0,1,16.0,4.0,4,4,11,0,16.0,2.0,2.0,4.0,192.82,4.0,2.0,192.82,1.611,0,3.6,0,0,0,0,0,0,1,0,0,0,1,0,0,0,0,1,1
0,10.0,1,25.0,4.0,4,1,4,0,21.0,1.0,2.0,10.0,202.79,10.0,2.0,202.79,1.629,0,3.4,0,0,0,0,0,0,1,0,0,0,1,0,0,0,0,1,1
0,5.0,3,27.0,4.0,2,1,2,0,13.0,3.0,3.0,3.0,152.91,3.0,3.0,152.91,1.862,0,3.2,0,0,0,0,0,0,1,0,0,0,0,0,1,0,1,0,1
0,2.0,1,9.0,4.0,5,4,2,0,18.0,1.0,2.0,5.0,157.01,5.0,2.0,157.01,1.461,1,3.7,0,1,0,0,0,0,1,0,0,0,0,0,1,0,1,0,1
0,9.0,3,18.0,3.0,4,1,3,0,12.0,2.0,2.0,3.0,174.68,3.0,2.0,174.68,1.549,0,3.1,0,0,0,0,0,0,0,1,0,0,1,0,0,0,1,0,1
0,23.0,3,15.0,3.0,5,4,8,0,18.0,2.0,2.0,4.0,256.2,4.0,2.0,256.2,1.865,0,3.4,0,1,0,0,1,0,0,0,0,1,0,0,0,0,1,0,1
0,8.0,1,9.0,4.0,4,3,4,0,12.0,2.0,2.0,3.0,165.33,3.0,2.0,165.33,1.511,0,3.6,0,0,0,0,0,0,1,0,0,0,1,0,0,0,0,1,1
0,3.0,1,17.0,4.0,4,4,2,0,15.0,1.0,2.0,2.0,157.91,2.0,2.0,157.91,1.498,0,3.4,0,0,0,0,0,0,1,0,0,0,0,0,1,0,1,0,0
0,16.0,1,36.0,3.0,6,1,6,0,20.0,2.0,2.0,1.0,167.72,1.0,2.0,167.72,1.571,0,3.7,0,1,0,0,0,1,0,0,0,0,1,0,0,0,0,1,1
0,3.0,1,15.0,4.0,5,1,3,1,16.0,2.0,2.0,3.0,175.56,3.0,2.0,175.56,1.552,0,3.9,1,1,0,0,0,1,0,0,0,0,1,0,0,0,1,0,1
0,12.0,2,7.0,3.0,2,3,3,0,14.0,4.0,6.0,1.0,153.44,1.0,6.0,153.44,3.114,0,2.9,0,1,0,0,0,0,0,0,1,0,0,0,1,0,1,0,1
0,2.0,1,13.0,3.0,5,3,3,1,15.0,2.0,2.0,3.0,152.03,3.0,2.0,152.03,1.458,1,3.4,0,0,0,0,0,0,1,0,0,0,0,0,1,0,1,0,1
1,1.0,1,15.0,4.0,4,3,3,0,13.0,2.0,2.0,1.0,144.04,1.0,2.0,144.04,1.476,1,3.6,0,0,0,0,0,1,0,0,0,0,0,0,1,0,0,1,1
1,1.0,3,16.0,4.0,4,5,5,1,18.0,1.0,2.0,4.0,207.24,4.0,2.0,207.24,1.669,1,3.4,0,1,0,0,0,0,0,1,0,0,1,0,0,0,0,1,0
0,15.0,1,19.0,3.0,4,1,5,1,12.0,2.0,2.0,1.0,172.66,1.0,2.0,172.66,1.591,0,3.1,1,1,0,0,0,0,1,0,0,0,0,0,1,0,1,0,1
1,1.0,1,22.0,4.0,4,3,3,0,13.0,2.0,3.0,3.0,151.1,3.0,3.0,151.1,1.854,1,3.6,0,0,0,0,0,1,0,0,0,0,0,0,1,0,1,0,1
0,11.0,1,32.0,3.0,5,1,9,0,14.0,2.0,2.0,4.0,182.31,4.0,2.0,182.31,1.569,0,3.4,0,1,0,0,0,1,0,0,0,0,1,0,0,0,1,0,0
0,1.0,1,13.0,3.0,5,3,3,0,14.0,2.0,3.0,3.0,150.39,3.0,3.0,150.39,1.852,1,3.4,0,1,0,0,0,0,1,0,0,0,0,0,1,0,1,0,1
0,8.0,3,16.0,4.0,4,3,3,0,21.0,1.0,2.0,4.0,182.14,4.0,2.0,182.14,1.569,0,3.4,0,1,0,0,0,0,1,0,0,0,1,0,0,0,1,0,0
0,9.0,2,15.0,4.0,4,3,3,0,18.0,1.0,2.0,5.0,168.23,5.0,2.0,168.23,1.506,0,3.4,0,1,0,1,0,0,0,0,0,0,0,0,1,0,0,1,1
1,1.0,3,30.0,3.0,5,5,3,0,14.0,2.0,4.0,11.0,198.36,11.0,4.0,198.36,2.41,1,3.4,0,1,0,0,0,0,1,0,0,0,0,0,0,0,1,0,0
0,14.0,1,16.0,3.0,4,3,11,0,18.0,2.0,2.0,14.0,259.99,14.0,2.0,259.99,1.853,0,3.1,0,0,0,0,0,1,0,0,0,0,0,0,0,0,0,1,0
1,6.0,3,19.0,3.0,4,5,2,1,13.0,1.0,14.0,15.0,262.58,15.0,14.0,262.58,6.663,0,2.9,0,0,0,0,0,0,1,0,0,1,0,0,0,0,0,1,1
0,16.0,3,11.0,3.0,4,5,9,0,14.0,2.0,2.0,6.0,176.55,6.0,2.0,176.55,1.535,0,3.1,0,1,0,0,0,0,0,1,0,0,1,0,0,0,0,1,1
0,9.0,1,7.0,3.0,5,3,8,0,13.0,2.0,2.0,8.0,147.58,8.0,2.0,147.58,1.413,0,3.4,0,0,1,0,0,1,0,0,0,0,0,0,1,0,1,0,1
0,1.0,1,31.0,3.0,4,4,10,0,23.0,1.0,2.0,3.0,160.97,3.0,2.0,160.97,1.494,1,2.9,0,1,0,0,0,1,0,0,0,0,0,0,1,0,0,1,1
1,1.0,1,19.0,4.0,4,1,3,1,12.0,2.0,2.0,1.0,150.15,1.0,2.0,150.15,1.501,1,3.6,1,1,0,0,0,0,1,0,0,0,0,0,1,0,1,0,0
0,1.0,1,10.0,3.0,2,1,3,0,23.0,2.0,2.0,8.0,169.2,8.0,2.0,169.2,1.499,1,2.5,0,1,0,0,0,1,0,0,0,0,0,0,1,0,1,0,1
0,4.0,3,17.0,4.0,5,3,3,0,19.0,1.0,2.0,5.0,190.78,5.0,2.0,190.78,1.596,0,3.7,0,1,0,0,0,0,0,1,0,0,1,0,0,0,1,0,1
0,14.0,1,33.0,4.0,5,1,5,1,14.0,1.0,2.0,1.0,169.22,1.0,2.0,169.22,1.577,0,3.7,1,0,0,0,0,1,0,0,0,0,1,0,0,0,1,0,0
0,9.0,1,9.0,3.0,5,4,4,0,19.0,3.0,7.0,3.0,227.74,3.0,7.0,227.74,3.761,0,3.6,0,1,0,0,0,0,1,0,0,0,0,0,0,0,1,0,1
0,8.0,1,8.0,4.0,5,5,2,0,21.0,1.0,5.0,10.0,178.43,10.0,5.0,178.43,2.732,0,3.7,0,0,0,0,0,1,0,0,0,0,1,0,0,0,0,1,1
0,9.0,1,11.0,3.0,5,1,3,0,14.0,2.0,3.0,3.0,148.76,3.0,3.0,148.76,1.845,0,3.4,0,0,0,0,0,0,0,0,1,0,0,0,1,0,1,0,1
1,7.0,3,16.0,3.0,6,3,10,0,14.0,1.0,2.0,4.0,178.46,4.0,2.0,178.46,1.554,0,3.5,0,1,0,0,0,0,0,1,0,0,1,0,0,0,0,1,0
0,6.0,3,9.0,4.0,4,5,3,0,13.0,2.0,2.0,1.0,153.27,1.0,2.0,153.27,1.513,0,3.6,0,0,0,0,0,0,1,0,0,0,0,0,1,0,1,0,0
0,30.0,1,11.0,4.0,4,5,6,0,14.0,5.0,5.0,3.0,324.43,3.0,5.0,324.43,3.348,0,4.2,0,1,0,0,1,0,0,0,0,0,0,0,0,1,1,0,0
0,3.0,1,13.0,3.0,4,1,3,0,14.0,1.0,2.0,9.0,156.31,9.0,2.0,156.31,1.445,0,2.9,0,1,0,0,0,1,0,0,0,0,0,0,1,0,1,0,0
0,1.0,1,16.0,3.0,4,5,3,0,26.0,1.0,2.0,1.0,150.52,1.0,2.0,150.52,1.502,1,2.9,0,1,0,0,0,0,1,0,0,0,0,0,1,0,0,1,1
0,19.0,1,14.0,3.0,4,3,6,1,20.0,1.0,2.0,3.0,169.77,3.0,2.0,169.77,1.529,0,2.9,0,1,0,0,0,1,0,0,0,0,0,0,1,0,1,0,0
0,11.0,1,8.0,3.0,5,1,3,0,14.0,1.0,4.0,12.0,189.74,12.0,4.0,189.74,2.374,0,3.2,0,1,0,0,0,0,1,0,0,0,1,0,0,0,1,0,0
0,1.0,1,6.0,3.0,5,3,3,0,13.0,1.0,2.0,3.0,155.33,3.0,2.0,155.33,1.471,1,3.2,0,1,0,0,0,0,1,0,0,0,0,0,1,0,0,1,1
1,8.0,1,17.0,4.0,4,3,3,1,12.0,2.0,2.0,3.0,154.36,3.0,2.0,154.36,1.467,0,3.6,0,1,0,0,0,0,1,0,0,0,0,0,1,0,0,1,1
0,27.0,1,14.0,3.0,4,3,5,0,15.0,4.0,5.0,8.0,311.06,8.0,5.0,311.06,3.266,0,3.5,0,1,0,0,0,1,0,0,0,0,0,0,0,1,1,0,0
0,3.0,1,22.0,4.0,6,1,2,1,19.0,2.0,2.0,4.0,146.68,4.0,2.0,146.68,1.427,0,4.2,1,0,1,0,0,0,1,0,0,0,0,0,1,0,1,0,0
1,1.0,1,10.0,3.0,5,1,2,1,12.0,1.0,2.0,1.0,153.53,1.0,2.0,153.53,1.514,1,3.2,1,0,0,0,0,0,1,0,0,0,0,0,1,0,1,0,1
0,20.0,3,9.0,4.0,4,5,10,0,15.0,7.0,16.0,10.0,295.48,10.0,16.0,295.48,7.6,0,4.6,0,1,0,0,0,0,0,1,0,1,0,0,0,0,1,0,0
0,18.0,1,24.0,4.0,6,3,4,0,14.0,2.0,2.0,1.0,147.9,1.0,2.0,147.9,1.492,0,4.2,0,0,0,0,0,0,1,0,0,0,0,0,1,0,0,1,1
0,7.0,2,9.0,4.0,4,3,3,0,14.0,2.0,2.0,5.0,161.0,5.0,2.0,161.0,1.477,0,3.6,0,1,0,0,0,0,0,0,1,0,0,0,1,0,1,0,1
1,5.0,1,12.0,4.0,5,5,8,0,18.0,1.0,2.0,1.0,146.07,1.0,2.0,146.07,1.484,0,3.7,0,0,0,0,0,0,1,0,0,0,0,0,1,0,1,0,1
0,4.0,3,36.0,4.0,4,5,10,0,20.0,2.0,2.0,4.0,166.15,4.0,2.0,166.15,1.505,0,3.6,0,1,0,0,0,0,1,0,0,0,1,0,0,0,1,0,1
0,14.0,3,9.0,4.0,4,4,7,0,13.0,2.0,2.0,1.0,168.27,1.0,2.0,168.27,1.573,0,3.6,0,0,0,0,0,1,0,0,0,0,1,0,0,0,1,0,1
0,24.0,1,9.0,2.0,4,5,4,0,15.0,1.0,3.0,3.0,303.56,3.0,3.0,303.56,2.464,0,2.4,0,0,0,0,0,1,0,0,0,1,0,0,0,0,1,0,0
0,2.0,1,26.0,4.0,5,5,3,0,13.0,2.0,4.0,4.0,156.96,4.0,4.0,156.96,2.268,1,3.9,0,1,0,0,0,1,0,0,0,0,0,0,1,0,1,0,1
0,20.0,1,22.0,3.0,4,4,7,0,15.0,2.0,2.0,4.0,315.81,4.0,2.0,315.81,2.103,0,3.1,0,1,0,0,0,0,1,0,0,0,0,0,0,1,1,0,1
0,9.0,3,24.0,4.0,4,5,5,1,16.0,1.0,2.0,3.0,214.66,3.0,2.0,214.66,1.709,0,3.4,0,1,0,0,0,0,1,0,0,0,1,0,0,0,1,0,1
1,1.0,1,24.0,4.0,4,4,3,0,14.0,2.0,2.0,1.0,147.1,1.0,2.0,147.1,1.488,1,3.6,0,0,1,0,0,0,1,0,0,0,0,0,1,0,1,0,0
0,7.0,3,32.0,3.0,4,3,3,0,13.0,1.0,2.0,2.0,170.39,2.0,2.0,170.39,1.548,0,2.9,0,0,0,0,0,1,0,0,0,0,1,0,0,0,1,0,0
0,10.0,1,13.0,3.0,6,3,3,0,15.0,2.0,2.0,8.0,152.41,8.0,2.0,152.41,1.432,0,3.7,0,1,0,0,0,0,1,0,0,0,0,0,1,0,1,0,1
0,4.0,1,14.0,3.0,4,3,3,0,14.0,5.0,9.0,10.0,159.91,10.0,9.0,159.91,4.258,0,3.7,0,1,0,0,0,0,1,0,0,0,1,0,0,0,1,0,1
0,18.0,1,36.0,3.0,4,1,3,0,26.0,7.0,14.0,18.0,170.41,18.0,14.0,170.41,6.292,0,4.1,0,1,0,0,0,0,0,0,1,0,1,0,0,0,0,1,1
0,1.0,3,28.0,3.0,2,1,3,0,18.0,3.0,3.0,3.0,151.78,3.0,3.0,151.78,1.857,1,2.7,0,1,0,0,0,0,0,1,0,0,0,0,1,0,0,1,1
0,20.0,1,9.0,3.0,4,1,4,0,12.0,1.0,2.0,5.0,198.79,5.0,2.0,198.79,1.628,0,2.9,0,1,0,0,1,0,0,0,0,0,1,0,0,0,1,0,1
0,16.0,2,9.0,4.0,2,5,9,0,17.0,2.0,2.0,4.0,187.72,4.0,2.0,187.72,1.591,0,3.0,0,0,0,0,0,1,0,0,0,0,1,0,0,0,1,0,1
0,31.0,3,14.0,3.0,2,1,2,1,19.0,1.0,2.0,10.0,177.2,10.0,2.0,177.2,1.527,0,2.3,1,1,0,0,0,0,0,1,0,0,1,0,0,0,1,0,1
0,6.0,1,20.0,4.0,5,4,3,0,21.0,3.0,3.0,3.0,159.0,3.0,3.0,159.0,1.886,0,4.1,0,0,0,0,0,0,0,0,1,0,0,0,1,0,1,0,0
0,6.0,1,9.0,3.0,4,3,6,1,15.0,2.0,2.0,8.0,174.98,8.0,2.0,174.98,1.522,0,3.1,0,0,0,0,0,0,1,0,0,0,1,0,0,0,0,1,0
0,10.0,1,8.0,4.0,6,5,4,1,22.0,8.0,8.0,3.0,227.52,3.0,8.0,227.52,4.16,0,5.4,0,1,0,0,1,0,0,0,0,0,0,0,0,0,1,0,0
0,7.0,1,16.0,3.0,4,1,2,0,14.0,1.0,5.0,11.0,152.81,11.0,5.0,152.81,2.628,0,2.9,0,1,0,0,0,1,0,0,0,0,0,0,1,0,1,0,1
0,14.0,3,17.0,3.0,5,4,9,0,13.0,2.0,2.0,4.0,193.52,4.0,2.0,193.52,1.614,0,3.4,0,1,0,0,1,0,0,0,0,0,1,0,0,0,1,0,0
0,1.0,3,17.0,3.0,4,1,2,0,15.0,2.0,2.0,2.0,174.5,2.0,2.0,174.5,1.565,1,3.1,0,1,0,0,0,0,1,0,0,0,1,0,0,0,0,1,1
0,4.0,1,8.0,4.0,4,4,2,1,22.0,4.0,6.0,8.0,160.79,8.0,6.0,160.79,3.065,0,4.0,0,1,0,0,0,1,0,0,0,0,0,0,1,0,1,0,1
0,16.0,1,33.0,3.0,4,5,5,1,18.0,1.0,2.0,1.0,256.91,1.0,2.0,256.91,1.928,0,2.9,0,0,0,0,0,1,0,0,0,0,0,0,0,0,1,0,0
0,9.0,3,15.0,4.0,5,1,6,1,12.0,4.0,5.0,3.0,228.77,3.0,5.0,228.77,2.965,0,4.3,1,0,0,0,0,0,0,1,0,0,0,0,0,0,1,0,0
0,1.0,1,21.0,3.0,4,5,3,1,15.0,6.0,7.0,9.0,147.35,9.0,7.0,147.35,3.409,1,3.9,0,0,1,0,0,0,1,0,0,0,0,0,1,0,1,0,1
0,28.0,1,8.0,3.0,4,3,9,0,18.0,1.0,2.0,3.0,230.02,3.0,2.0,230.02,1.77,0,2.9,0,0,0,0,0,0,1,0,0,0,0,0,0,0,1,0,0
0,18.0,1,9.0,4.0,2,1,3,0,14.0,2.0,8.0,8.0,145.11,8.0,8.0,145.11,3.803,0,3.0,0,0,1,0,0,0,1,0,0,0,0,0,1,0,1,0,0
1,1.0,1,17.0,4.0,5,4,3,1,26.0,1.0,2.0,1.0,143.59,1.0,2.0,143.59,1.474,1,3.7,0,0,0,0,0,1,0,0,0,0,0,0,1,0,0,1,0
0,3.0,1,8.0,4.0,4,1,3,0,16.0,2.0,2.0,3.0,162.6,3.0,2.0,162.6,1.5,0,3.6,0,1,0,0,0,0,1,0,0,0,0,0,1,0,1,0,0
0,28.0,1,10.0,3.0,4,1,5,0,15.0,1.0,2.0,10.0,302.79,10.0,2.0,302.79,2.029,0,2.9,0,1,0,0,0,0,1,0,0,1,0,0,0,0,1,0,1
0,5.0,1,18.0,4.0,4,5,3,1,13.0,2.0,2.0,2.0,193.33,2.0,2.0,193.33,1.64,0,3.6,0,1,0,0,0,1,0,0,0,0,1,0,0,0,1,0,1
0,5.0,1,31.0,4.0,5,5,3,0,20.0,2.0,2.0,9.0,193.12,9.0,2.0,193.12,1.592,0,3.9,0,1,0,0,0,1,0,0,0,0,1,0,0,0,0,1,0
0,31.0,3,10.0,3.0,5,1,7,0,18.0,1.0,2.0,6.0,176.71,6.0,2.0,176.71,1.535,0,3.2,0,1,0,0,0,0,1,0,0,0,1,0,0,0,0,1,0
0,17.0,1,10.0,4.0,6,1,5,0,15.0,2.0,2.0,8.0,322.4,8.0,2.0,322.4,2.112,0,4.2,0,1,0,0,0,0,1,0,0,0,0,0,0,1,1,0,1
0,23.0,1,11.0,3.0,5,3,4,0,15.0,1.0,2.0,1.0,312.11,1.0,2.0,312.11,2.148,0,3.2,0,1,0,0,0,1,0,0,0,0,0,0,0,1,1,0,1
0,10.0,1,10.0,3.0,4,4,3,0,13.0,1.0,2.0,8.0,161.92,8.0,2.0,161.92,1.47,0,2.9,0,0,0,1,0,0,0,0,0,0,0,0,1,0,1,0,1
0,22.0,1,9.0,4.0,2,4,7,0,12.0,1.0,2.0,1.0,150.59,1.0,2.0,150.59,1.502,0,2.8,0,1,0,1,0,0,0,0,0,0,0,0,1,0,0,1,1
0,1.0,1,11.0,4.0,4,3,3,0,12.0,2.0,2.0,4.0,150.17,4.0,2.0,150.17,1.441,1,3.6,0,1,0,0,0,0,1,0,0,0,0,0,1,0,1,0,1
0,3.0,1,14.0,3.0,4,1,3,1,12.0,2.0,2.0,1.0,191.23,1.0,2.0,191.23,1.665,0,3.1,1,1,0,0,0,0,1,0,0,0,1,0,0,0,1,0,1
0,22.0,1,8.0,4.0,5,1,8,0,15.0,2.0,2.0,1.0,307.65,1.0,2.0,307.65,2.131,0,3.9,0,1,0,0,0,0,1,0,0,0,0,0,0,1,0,1,1
0,3.0,1,8.0,3.0,5,1,5,0,15.0,1.0,2.0,8.0,286.24,8.0,2.0,286.24,1.967,0,3.2,0,1,0,0,0,0,1,0,0,1,0,0,0,0,1,0,0
0,8.0,1,27.0,3.0,2,3,2,0,18.0,2.0,2.0,1.0,150.85,1.0,2.0,150.85,1.503,0,2.5,0,1,0,1,0,0,0,0,0,0,0,0,1,0,1,0,0
0,18.0,3,12.0,3.0,4,4,9,0,15.0,2.0,4.0,11.0,307.13,11.0,4.0,307.13,2.845,0,3.1,0,1,0,0,0,0,0,1,0,0,0,0,0,1,1,0,1
0,7.0,3,17.0,3.0,2,3,2,1,15.0,1.0,2.0,9.0,208.8,9.0,2.0,208.8,1.655,0,2.3,0,1,0,0,0,0,0,1,0,0,0,0,0,0,1,0,1
0,1.0,1,32.0,3.0,2,1,3,1,13.0,1.0,2.0,2.0,154.94,2.0,2.0,154.94,1.486,1,2.3,1,1,0,0,0,0,1,0,0,0,0,0,1,0,0,1,0
0,1.0,1,8.0,3.0,4,3,3,0,23.0,2.0,2.0,2.0,137.23,2.0,2.0,137.23,1.416,1,3.1,0,0,1,0,0,0,1,0,0,0,0,0,1,0,1,0,1
1,1.0,3,31.0,4.0,6,1,3,1,15.0,2.0,2.0,1.0,136.18,1.0,2.0,136.18,1.445,1,4.2,1,0,0,0,0,0,1,0,0,0,0,0,1,0,0,1,1
0,1.0,1,11.0,3.0,4,1,3,1,21.0,3.0,3.0,3.0,153.75,3.0,3.0,153.75,1.865,1,3.3,1,1,0,0,0,0,1,0,0,0,0,0,1,0,0,1,1
1,9.0,3,9.0,4.0,6,4,4,1,15.0,2.0,2.0,12.0,313.24,12.0,2.0,313.24,2.068,0,4.2,0,1,0,0,0,0,0,1,0,0,0,0,0,1,0,1,0
0,29.0,1,15.0,3.0,5,4,3,1,16.0,3.0,16.0,1.0,260.77,1.0,16.0,260.77,7.543,0,3.6,0,0,0,0,0,1,0,0,0,1,0,0,0,0,1,0,1
1,1.0,1,17.0,3.0,5,3,3,0,21.0,2.0,3.0,3.0,151.25,3.0,3.0,151.25,1.855,1,3.4,0,0,0,0,0,0,1,0,0,0,0,0,1,0,0,1,0
0,20.0,3,11.0,3.0,5,4,4,0,15.0,2.0,2.0,9.0,312.89,9.0,2.0,312.89,2.072,0,3.4,0,1,0,0,0,0,0,1,0,0,0,0,0,1,1,0,0
0,8.0,3,9.0,3.0,4,5,2,1,13.0,2.0,2.0,3.0,170.38,3.0,2.0,170.38,1.532,0,3.1,0,1,0,0,0,0,0,1,0,0,1,0,0,0,0,1,0
0,25.0,3,16.0,3.0,4,4,6,1,25.0,7.0,12.0,11.0,323.47,11.0,12.0,323.47,6.111,0,4.1,0,0,0,0,0,0,1,0,0,0,0,0,0,1,1,0,1
0,31.0,1,25.0,4.0,4,1,8,0,13.0,4.0,6.0,3.0,230.12,3.0,6.0,230.12,3.37,0,4.0,0,1,0,0,0,1,0,0,0,0,0,0,0,0,0,1,1
0,8.0,1,26.0,3.0,4,4,6,0,14.0,1.0,6.0,11.0,169.44,11.0,6.0,169.44,3.094,0,2.9,0,0,0,0,0,1,0,0,0,0,1,0,0,0,1,0,0
0,2.0,1,8.0,3.0,4,3,2,1,12.0,2.0,2.0,3.0,146.54,3.0,2.0,146.54,1.436,1,3.1,0,0,0,0,0,1,0,0,0,0,0,0,1,0,0,1,1
0,18.0,1,11.0,4.0,2,5,3,0,15.0,3.0,15.0,14.0,316.9,14.0,15.0,316.9,7.281,0,3.2,0,1,0,0,0,0,1,0,0,0,0,0,0,1,1,0,1
0,8.0,2,18.0,3.0,5,4,6,0,12.0,1.0,2.0,9.0,169.9,9.0,2.0,169.9,1.5,0,3.2,0,0,0,0,0,0,1,0,0,0,1,0,0,0,1,0,1
0,9.0,1,13.0,4.0,4,3,2,1,15.0,2.0,3.0,3.0,160.06,3.0,3.0,160.06,1.89,0,3.6,0,1,0,0,0,0,1,0,0,0,0,0,1,0,1,0,1
0,16.0,1,14.0,4.0,2,4,8,1,17.0,1.0,2.0,1.0,148.72,1.0,2.0,148.72,1.495,0,2.8,0,0,1,0,0,1,0,0,0,0,1,0,0,0,1,0,0
0,17.0,3,11.0,3.0,5,1,5,0,15.0,11.0,16.0,3.0,227.31,3.0,16.0,227.31,7.359,0,5.2,0,1,0,0,0,0,0,1,0,0,0,0,0,0,0,1,0
0,10.0,1,9.0,3.0,4,4,11,1,12.0,5.0,6.0,13.0,179.1,13.0,6.0,179.1,3.131,0,3.7,0,1,0,0,0,0,1,0,0,0,1,0,0,0,0,1,0
1,8.0,1,22.0,4.0,4,1,3,0,12.0,1.0,2.0,6.0,204.78,6.0,2.0,204.78,1.648,0,3.4,0,1,0,0,0,1,0,0,0,0,0,0,0,0,1,0,0
0,2.0,1,9.0,3.0,5,1,3,1,13.0,1.0,3.0,3.0,163.67,3.0,3.0,163.67,1.905,1,3.2,1,0,0,0,0,0,1,0,0,0,0,0,1,0,1,0,1
0,25.0,1,13.0,3.0,5,3,2,0,15.0,4.0,8.0,8.0,153.38,8.0,8.0,153.38,3.836,0,3.8,0,0,0,0,0,1,0,0,0,0,0,0,1,0,0,1,0
0,4.0,1,16.0,4.0,4,3,9,1,19.0,1.0,2.0,8.0,171.95,8.0,2.0,171.95,1.51,0,3.4,0,0,0,0,0,1,0,0,0,0,1,0,0,0,0,1,0
1,1.0,1,14.0,3.0,4,3,5,1,14.0,5.0,8.0,8.0,158.39,8.0,8.0,158.39,3.856,1,3.7,0,1,0,1,0,0,0,0,0,0,0,0,1,0,1,0,0
0,2.0,1,8.0,3.0,4,5,4,0,12.0,2.0,2.0,3.0,145.8,3.0,2.0,145.8,1.433,1,3.1,0,0,1,1,0,0,0,0,0,0,0,0,1,0,0,1,1
0,1.0,1,8.0,3.0,4,4,3,0,19.0,2.0,3.0,2.0,145.96,2.0,3.0,145.96,1.851,1,3.1,0,0,1,0,0,1,0,0,0,0,0,0,1,0,0,1,0
0,6.0,3,15.0,3.0,2,1,3,0,16.0,1.0,2.0,9.0,187.09,9.0,2.0,187.09,1.568,0,2.3,0,1,0,0,0,1,0,0,0,0,1,0,0,0,1,0,1
0,19.0,1,32.0,3.0,4,4,5,0,15.0,1.0,2.0,1.0,305.61,1.0,2.0,305.61,2.122,0,2.9,0,0,0,0,0,1,0,0,0,0,0,0,0,1,0,1,0
0,13.0,1,20.0,4.0,5,4,8,1,15.0,11.0,16.0,3.0,296.23,3.0,16.0,296.23,7.635,0,5.7,0,1,0,0,0,1,0,0,0,1,0,0,0,0,1,0,0
0,31.0,1,30.0,3.0,4,3,3,0,13.0,2.0,3.0,3.0,148.72,3.0,3.0,148.72,1.845,0,3.1,0,0,1,0,0,0,1,0,0,0,0,0,1,0,1,0,1
1,1.0,1,14.0,4.0,4,3,3,0,19.0,1.0,2.0,2.0,173.83,2.0,2.0,173.83,1.562,1,3.4,0,1,0,0,0,0,1,0,0,0,1,0,0,0,1,0,1
1,3.0,1,30.0,4.0,4,5,2,0,14.0,1.0,2.0,4.0,164.04,4.0,2.0,164.04,1.496,0,3.4,0,1,0,0,0,1,0,0,0,0,0,0,1,0,0,1,1
0,4.0,1,13.0,3.0,5,1,2,0,13.0,6.0,7.0,8.0,171.27,8.0,7.0,171.27,3.507,0,4.2,0,1,0,1,0,0,0,0,0,0,1,0,0,0,1,0,0
0,10.0,1,17.0,4.0,4,3,5,0,13.0,2.0,2.0,8.0,195.94,8.0,2.0,195.94,1.606,0,3.6,0,1,0,0,1,0,0,0,0,0,0,0,0,0,1,0,0
0,20.0,2,8.0,3.0,4,5,8,0,13.0,3.0,6.0,8.0,159.23,8.0,6.0,159.23,3.059,0,3.3,0,1,0,0,0,0,1,0,0,0,0,0,1,0,0,1,0
0,2.0,1,8.0,3.0,6,1,2,0,12.0,8.0,8.0,6.0,191.74,6.0,8.0,191.74,3.996,1,4.9,0,0,0,0,0,0,1,0,0,0,1,0,0,0,1,0,0
0,24.0,1,35.0,3.0,4,5,6,1,15.0,1.0,2.0,3.0,293.8,3.0,2.0,293.8,2.025,0,2.9,0,1,0,0,0,0,1,0,0,1,0,0,0,0,1,0,0
1,4.0,3,32.0,3.0,5,4,4,1,13.0,2.0,2.0,3.0,215.94,3.0,2.0,215.94,1.714,0,3.4,0,1,0,0,0,0,0,1,0,0,0,0,0,0,0,1,1
1,16.0,3,12.0,4.0,4,4,11,1,20.0,8.0,8.0,3.0,209.46,3.0,8.0,209.46,4.088,0,4.8,0,1,0,0,0,0,1,0,0,0,0,0,0,0,0,1,1
0,4.0,1,24.0,4.0,4,5,3,1,24.0,2.0,2.0,9.0,244.16000000000003,9.0,2.0,244.16000000000003,1.797,0,3.6,0,1,0,0,0,1,0,0,0,0,0,0,0,0,1,0,0
0,13.0,1,25.0,3.0,4,3,2,0,12.0,2.0,2.0,8.0,170.34,8.0,2.0,170.34,1.504,0,3.1,0,1,0,0,0,0,1,0,0,0,1,0,0,0,0,1,1
0,5.0,3,9.0,3.0,4,3,3,1,20.0,9.0,10.0,3.0,223.52,3.0,10.0,223.52,4.944,0,4.5,0,0,0,0,0,0,1,0,0,0,0,0,0,0,1,0,0
0,15.0,3,17.0,3.0,6,4,3,0,14.0,4.0,12.0,10.0,186.51,10.0,12.0,186.51,5.564,0,4.1,0,0,0,0,0,1,0,0,0,0,1,0,0,0,0,1,1
1,1.0,3,8.0,3.0,4,4,3,1,12.0,3.0,3.0,3.0,148.02,3.0,3.0,148.02,1.842,1,3.3,0,0,0,0,0,0,1,0,0,0,0,0,1,0,0,1,0
1,8.0,1,10.0,3.0,4,5,6,0,13.0,2.0,2.0,3.0,148.62,3.0,2.0,148.62,1.444,0,3.1,0,0,1,0,0,0,1,0,0,0,0,0,1,0,1,0,1
0,16.0,1,9.0,3.0,4,3,2,1,15.0,1.0,3.0,11.0,303.61,11.0,3.0,303.61,2.431,0,2.9,0,0,0,0,0,0,1,0,0,1,0,0,0,0,1,0,1
0,29.0,1,9.0,3.0,6,3,6,0,15.0,5.0,10.0,12.0,316.87,12.0,10.0,316.87,5.283,0,4.3,0,1,0,0,0,1,0,0,0,0,0,0,0,1,1,0,0
0,30.0,2,15.0,4.0,4,4,8,0,15.0,3.0,8.0,8.0,322.17,8.0,8.0,322.17,4.511,0,3.8,0,1,0,0,0,0,1,0,0,0,0,0,0,1,0,1,1
0,14.0,1,23.0,4.0,4,3,11,0,17.0,2.0,2.0,1.0,160.44,1.0,2.0,160.44,1.542,0,3.6,0,0,0,0,0,0,1,0,0,0,0,0,1,0,1,0,1
0,8.0,1,16.0,3.0,4,1,2,0,12.0,1.0,2.0,3.0,210.0,3.0,2.0,210.0,1.69,0,2.9,0,1,0,0,0,0,1,0,0,0,0,0,0,0,1,0,1
0,14.0,1,9.0,4.0,4,1,3,0,14.0,4.0,9.0,9.0,171.61,9.0,9.0,171.61,4.306,0,4.0,0,1,0,0,0,0,1,0,0,0,1,0,0,0,0,1,1
0,15.0,3,8.0,4.0,4,5,2,0,18.0,1.0,2.0,8.0,166.03,8.0,2.0,166.03,1.486,0,3.4,0,0,0,0,0,0,0,1,0,0,1,0,0,0,1,0,0
0,9.0,1,11.0,3.0,4,3,3,1,12.0,2.0,2.0,2.0,167.49,2.0,2.0,167.49,1.537,0,3.1,0,0,0,0,0,0,1,0,0,0,1,0,0,0,0,1,1
0,25.0,2,12.0,3.0,4,4,3,1,12.0,1.0,2.0,11.0,265.26,11.0,2.0,265.26,1.878,0,2.9,0,1,0,0,0,0,1,0,0,1,0,0,0,0,1,0,1
0,12.0,3,9.0,3.0,4,5,5,0,16.0,1.0,2.0,8.0,193.93,8.0,2.0,193.93,1.598,0,2.9,0,1,0,0,0,0,1,0,0,0,1,0,0,0,1,0,0
0,8.0,3,22.0,4.0,4,5,3,0,13.0,5.0,10.0,7.0,186.25,7.0,10.0,186.25,4.77,0,4.2,0,1,0,0,0,1,0,0,0,0,1,0,0,0,0,1,0
0,1.0,1,26.0,4.0,4,1,5,0,12.0,1.0,2.0,3.0,161.69,3.0,2.0,161.69,1.497,1,3.4,0,1,0,0,0,1,0,0,0,0,0,0,1,0,1,0,1
1,21.0,1,14.0,3.0,5,5,9,1,15.0,2.0,6.0,3.0,225.08,3.0,6.0,225.08,3.35,0,3.4,0,1,0,0,0,1,0,0,0,0,0,0,0,0,1,0,0
0,14.0,1,8.0,3.0,4,4,5,0,23.0,2.0,2.0,4.0,148.87,4.0,2.0,148.87,1.435,0,3.1,0,0,1,0,0,0,1,0,0,0,0,0,1,0,1,0,1
0,10.0,3,14.0,3.0,2,5,4,0,17.0,6.0,7.0,14.0,171.39,14.0,7.0,171.39,3.499,0,3.3,0,0,0,0,0,0,0,1,0,0,1,0,0,0,1,0,0
0,22.0,1,11.0,3.0,4,1,3,0,12.0,2.0,2.0,9.0,203.98,9.0,2.0,203.98,1.636,0,3.1,0,1,0,0,0,0,1,0,0,0,0,0,0,0,0,1,1
0,1.0,3,18.0,4.0,2,1,10,0,15.0,1.0,2.0,1.0,150.34,1.0,2.0,150.34,1.501,1,2.8,0,1,0,0,0,1,0,0,0,0,0,0,1,0,1,0,0
0,25.0,1,18.0,3.0,5,4,5,0,17.0,1.0,2.0,4.0,256.42,4.0,2.0,256.42,1.866,0,3.2,0,1,0,0,1,0,0,0,0,1,0,0,0,0,0,1,0
0,1.0,1,8.0,4.0,4,1,3,0,16.0,2.0,2.0,1.0,141.11,1.0,2.0,141.11,1.464,1,3.6,0,0,0,0,0,0,1,0,0,0,0,0,1,0,0,1,0
0,9.0,1,8.0,3.0,5,1,2,0,13.0,1.0,2.0,1.0,178.63,1.0,2.0,178.63,1.615,0,3.2,0,1,0,0,0,1,0,0,0,0,1,0,0,0,1,0,0
0,1.0,3,9.0,3.0,6,1,5,0,21.0,1.0,2.0,1.0,175.71,1.0,2.0,175.71,1.603,1,3.5,0,0,0,0,0,0,1,0,0,0,1,0,0,0,0,1,1
1,19.0,3,20.0,3.0,2,3,8,1,18.0,1.0,4.0,9.0,261.95,9.0,4.0,261.95,2.668,0,2.3,0,1,0,0,0,0,0,1,0,1,0,0,0,0,0,1,1
0,30.0,1,30.0,4.0,4,4,6,1,13.0,14.0,2.0,10.0,259.02,10.0,2.0,259.02,1.854,0,6.0,0,1,0,0,0,0,1,0,0,1,0,0,0,0,1,0,1
0,8.0,1,33.0,4.0,5,3,3,0,21.0,2.0,2.0,1.0,145.29,1.0,2.0,145.29,1.481,0,3.9,0,0,0,1,0,0,0,0,0,0,0,0,1,0,1,0,0
0,14.0,1,9.0,3.0,2,3,7,0,21.0,7.0,12.0,9.0,188.77,9.0,12.0,188.77,5.575,0,3.5,0,1,0,0,0,1,0,0,0,0,1,0,0,0,1,0,0
0,8.0,1,36.0,3.0,4,3,6,0,14.0,6.0,8.0,8.0,179.29,8.0,8.0,179.29,3.939,0,3.9,0,1,0,0,0,1,0,0,0,0,1,0,0,0,1,0,1
1,1.0,3,9.0,3.0,5,1,9,0,15.0,1.0,2.0,1.0,152.85,1.0,2.0,152.85,1.511,1,3.2,0,0,0,0,0,0,1,0,0,0,0,0,1,0,0,1,0
1,1.0,3,25.0,4.0,4,3,2,1,19.0,1.0,4.0,3.0,171.14,3.0,4.0,171.14,2.335,1,3.4,0,0,0,0,0,0,0,1,0,0,1,0,0,0,1,0,0
0,12.0,1,14.0,3.0,2,3,3,0,12.0,1.0,2.0,4.0,151.1,4.0,2.0,151.1,1.444,0,2.3,0,0,0,0,0,0,1,0,0,0,0,0,1,0,1,0,1
0,8.0,1,9.0,4.0,4,1,3,0,12.0,5.0,5.0,12.0,191.87,12.0,5.0,191.87,2.783,0,4.2,0,1,0,1,0,0,0,0,0,0,1,0,0,0,0,1,0
0,2.0,3,33.0,3.0,5,5,3,0,12.0,2.0,2.0,5.0,172.24,5.0,2.0,172.24,1.522,1,3.4,0,1,0,0,0,0,1,0,0,0,1,0,0,0,1,0,1
1,1.0,1,29.0,4.0,4,3,3,1,16.0,6.0,7.0,8.0,186.79,8.0,7.0,186.79,3.569,1,4.4,0,1,0,0,0,1,0,0,0,0,1,0,0,0,1,0,1
0,13.0,3,28.0,3.0,5,1,5,1,13.0,1.0,2.0,5.0,186.2,5.0,2.0,186.2,1.578,0,3.2,1,1,0,0,0,0,1,0,0,0,1,0,0,0,1,0,1
0,25.0,3,9.0,3.0,4,4,4,0,12.0,4.0,4.0,3.0,230.96,3.0,4.0,230.96,2.574,0,3.5,0,0,0,0,0,0,0,1,0,0,0,0,0,0,1,0,1
0,15.0,1,29.0,4.0,4,1,5,1,15.0,3.0,4.0,4.0,179.67,4.0,4.0,179.67,2.359,0,3.8,1,0,0,0,0,0,1,0,0,0,1,0,0,0,1,0,0
0,11.0,1,11.0,3.0,4,3,9,1,16.0,2.0,2.0,4.0,154.96,4.0,2.0,154.96,1.46,0,3.1,0,1,0,0,0,0,1,0,0,0,0,0,1,0,1,0,1
0,7.0,3,12.0,4.0,4,1,8,0,14.0,2.0,2.0,3.0,224.98,3.0,2.0,224.98,1.75,0,3.6,0,0,0,0,0,0,1,0,0,0,1,0,0,0,1,0,1
0,6.0,3,9.0,3.0,4,4,2,1,14.0,2.0,2.0,3.0,165.78,3.0,2.0,165.78,1.513,0,3.1,0,1,0,0,0,0,0,1,0,0,1,0,0,0,1,0,1
0,13.0,1,32.0,4.0,4,3,5,0,22.0,1.0,2.0,6.0,234.2,6.0,2.0,234.2,1.765,0,3.4,0,0,0,0,0,0,1,0,0,0,0,0,0,0,1,0,1
0,1.0,3,25.0,4.0,2,3,4,0,12.0,2.0,2.0,3.0,187.32,3.0,2.0,187.32,1.599,1,3.0,0,1,0,0,0,0,1,0,0,0,1,0,0,0,1,0,1
0,26.0,1,35.0,3.0,2,3,4,1,12.0,2.0,2.0,3.0,257.47,3.0,2.0,257.47,1.88,0,2.5,0,0,0,0,0,1,0,0,0,1,0,0,0,0,1,0,0
0,17.0,1,13.0,4.0,5,3,3,1,15.0,1.0,2.0,9.0,165.81,9.0,2.0,165.81,1.483,0,3.7,0,1,0,0,0,1,0,0,0,0,1,0,0,0,0,1,0
0,1.0,3,17.0,4.0,5,1,3,1,12.0,2.0,5.0,5.0,182.69,5.0,5.0,182.69,2.764,1,3.9,1,1,0,0,0,0,0,1,0,0,1,0,0,0,1,0,0
1,1.0,1,24.0,3.0,4,3,3,1,14.0,5.0,8.0,8.0,148.94,8.0,8.0,148.94,3.818,1,3.7,0,0,1,0,0,0,1,0,0,0,0,0,1,0,0,1,0
0,1.0,1,9.0,3.0,5,1,2,0,13.0,2.0,2.0,2.0,164.04,2.0,2.0,164.04,1.523,1,3.4,0,1,0,0,0,1,0,0,0,0,0,0,1,0,0,1,1
0,16.0,2,17.0,3.0,4,5,2,0,15.0,1.0,2.0,10.0,292.99,10.0,2.0,292.99,1.99,0,2.9,0,1,0,0,0,0,0,0,1,1,0,0,0,0,1,0,0
0,26.0,1,15.0,3.0,4,5,11,0,14.0,2.0,2.0,5.0,154.5,5.0,2.0,154.5,1.451,0,3.1,0,1,0,0,0,0,0,0,1,0,0,0,1,0,1,0,0
0,11.0,1,18.0,4.0,4,3,6,0,19.0,2.0,2.0,3.0,161.29,3.0,2.0,161.29,1.495,0,3.6,0,1,0,0,0,1,0,0,0,0,0,0,1,0,0,1,0
0,9.0,1,25.0,3.0,4,1,4,0,12.0,3.0,3.0,3.0,218.62,3.0,3.0,218.62,2.124,0,3.3,0,0,0,0,0,0,1,0,0,0,0,0,0,0,0,1,1
0,1.0,1,8.0,3.0,4,1,6,0,12.0,1.0,2.0,3.0,157.29,3.0,2.0,157.29,1.479,1,2.9,0,1,0,1,0,0,0,0,0,0,0,0,1,0,1,0,1
0,1.0,1,14.0,4.0,2,5,2,0,13.0,1.0,2.0,8.0,160.78,8.0,2.0,160.78,1.465,1,2.8,0,1,0,0,0,0,0,0,1,0,0,0,1,0,0,1,1
0,3.0,2,24.0,3.0,5,5,3,0,14.0,1.0,2.0,10.0,204.88,10.0,2.0,204.88,1.638,0,3.2,0,1,0,0,0,0,0,0,1,0,0,0,0,0,0,1,1
1,13.0,1,35.0,4.0,5,5,5,0,21.0,1.0,2.0,4.0,167.84,4.0,2.0,167.84,1.511,0,3.7,0,0,0,0,0,0,1,0,0,0,1,0,0,0,0,1,1
1,1.0,1,21.0,3.0,4,1,2,1,13.0,5.0,8.0,8.0,200.53,8.0,8.0,200.53,4.024,1,3.7,1,0,0,0,0,0,0,0,1,0,0,0,0,0,0,1,0
0,28.0,1,8.0,3.0,4,1,8,0,15.0,7.0,13.0,8.0,298.28,8.0,13.0,298.28,6.415,0,4.1,0,1,0,0,0,1,0,0,0,1,0,0,0,0,0,1,0
0,31.0,1,8.0,4.0,4,5,5,1,15.0,2.0,2.0,6.0,322.01,6.0,2.0,322.01,2.117,0,3.6,0,1,0,0,0,1,0,0,0,0,0,0,0,1,1,0,0
0,29.0,1,8.0,3.0,2,1,4,0,14.0,1.0,2.0,1.0,272.32,1.0,2.0,272.32,1.989,0,2.3,0,1,0,0,0,1,0,0,0,1,0,0,0,0,1,0,1
0,10.0,3,10.0,4.0,4,4,5,1,17.0,1.0,2.0,3.0,217.78,3.0,2.0,217.78,1.721,0,3.4,0,1,0,0,0,0,0,1,0,0,1,0,0,0,0,1,0
1,1.0,3,8.0,3.0,6,3,3,0,13.0,1.0,2.0,1.0,138.59,1.0,2.0,138.59,1.454,1,3.5,0,0,0,0,0,0,1,0,0,0,0,0,1,0,0,1,0
0,4.0,3,14.0,4.0,4,5,9,0,15.0,2.0,2.0,3.0,172.79,3.0,2.0,172.79,1.541,0,3.6,0,1,0,0,0,0,0,1,0,0,1,0,0,0,1,0,0
0,5.0,1,15.0,4.0,4,4,5,0,12.0,1.0,2.0,1.0,289.22,1.0,2.0,289.22,2.057,0,3.4,0,1,0,0,0,0,1,0,0,1,0,0,0,0,0,1,0
0,8.0,1,8.0,4.0,4,5,7,0,15.0,2.0,2.0,4.0,154.96,4.0,2.0,154.96,1.46,0,3.6,0,0,0,0,0,0,0,0,1,0,0,0,1,0,1,0,1
1,1.0,1,15.0,3.0,5,4,3,0,13.0,1.0,2.0,1.0,137.61,1.0,2.0,137.61,1.45,1,3.2,0,0,1,0,0,0,1,0,0,0,0,0,1,0,0,1,0
0,1.0,1,18.0,4.0,4,5,2,0,15.0,2.0,2.0,5.0,145.99,5.0,2.0,145.99,1.417,1,3.6,0,0,1,0,0,0,1,0,0,0,0,0,1,0,1,0,1
0,10.0,1,11.0,3.0,5,1,3,0,17.0,1.0,2.0,9.0,183.1,9.0,2.0,183.1,1.552,0,3.2,0,1,0,0,0,0,1,0,0,0,1,0,0,0,0,1,1
0,10.0,3,23.0,4.0,5,5,6,0,14.0,2.0,2.0,3.0,181.47,3.0,2.0,181.47,1.576,0,3.9,0,1,0,0,0,0,0,1,0,0,1,0,0,0,1,0,0
0,21.0,1,8.0,4.0,4,1,9,0,13.0,2.0,2.0,3.0,159.2,3.0,2.0,159.2,1.487,0,3.6,0,1,0,1,0,0,0,0,0,0,0,0,1,0,1,0,1
1,1.0,3,16.0,4.0,5,5,5,0,13.0,3.0,3.0,3.0,169.0,3.0,3.0,169.0,1.926,1,4.1,0,1,0,0,0,0,1,0,0,0,0,0,1,0,1,0,1
0,11.0,1,12.0,3.0,2,3,2,0,15.0,1.0,2.0,4.0,160.0,4.0,2.0,160.0,1.48,0,2.3,0,0,0,1,0,0,0,0,0,0,0,0,1,0,0,1,1
0,30.0,1,8.0,3.0,4,5,4,0,23.0,1.0,2.0,1.0,145.66,1.0,2.0,145.66,1.483,0,2.9,0,0,1,0,0,0,1,0,0,0,0,0,1,0,1,0,0
0,21.0,1,9.0,3.0,4,3,5,0,15.0,3.0,6.0,7.0,296.69,7.0,6.0,296.69,3.612,0,3.3,0,1,0,0,0,1,0,0,0,1,0,0,0,0,1,0,0
0,1.0,3,11.0,3.0,4,3,3,1,13.0,2.0,2.0,4.0,166.62,4.0,2.0,166.62,1.506,1,3.1,0,1,0,0,0,1,0,0,0,0,1,0,0,0,1,0,0
0,6.0,3,14.0,4.0,4,1,6,0,13.0,1.0,2.0,3.0,217.04,3.0,2.0,217.04,1.718,0,3.4,0,1,0,0,0,0,0,1,0,0,1,0,0,0,1,0,1
0,8.0,1,8.0,3.0,5,4,7,0,18.0,2.0,2.0,3.0,157.94,3.0,2.0,157.94,1.482,0,3.4,0,1,0,0,0,0,1,0,0,0,0,0,1,0,1,0,0
0,15.0,1,12.0,3.0,2,3,4,1,13.0,1.0,2.0,4.0,146.27,4.0,2.0,146.27,1.425,0,2.3,0,0,1,0,0,1,0,0,0,0,0,0,1,0,1,0,1
0,14.0,1,16.0,3.0,4,3,5,0,12.0,1.0,2.0,8.0,164.75,8.0,2.0,164.75,1.481,0,2.9,0,0,0,0,0,0,0,0,1,0,1,0,0,0,1,0,1
0,5.0,3,15.0,3.0,4,1,3,0,19.0,3.0,2.0,10.0,232.93,10.0,2.0,232.93,1.75,0,3.3,0,1,0,0,0,0,1,0,0,0,0,0,0,0,1,0,1
1,10.0,3,16.0,3.0,4,1,6,0,12.0,5.0,5.0,3.0,225.96,3.0,5.0,225.96,2.954,0,3.7,0,1,0,0,0,0,0,1,0,0,0,0,0,0,1,0,1
1,3.0,1,9.0,3.0,5,5,4,1,24.0,1.0,2.0,1.0,161.46,1.0,2.0,161.46,1.546,0,3.2,0,0,0,0,0,0,1,0,0,0,0,0,1,0,0,1,0
1,1.0,1,8.0,4.0,2,4,3,0,12.0,2.0,5.0,8.0,199.46,8.0,5.0,199.46,2.82,1,3.0,0,0,0,0,0,0,1,0,0,0,0,0,0,0,0,1,0
0,19.0,1,27.0,4.0,6,5,4,1,19.0,2.0,2.0,8.0,233.51,8.0,2.0,233.51,1.756,0,4.2,0,1,0,0,0,1,0,0,0,0,0,0,0,0,1,0,1
0,5.0,2,15.0,4.0,2,4,11,0,19.0,2.0,2.0,3.0,146.09,3.0,2.0,146.09,1.434,0,3.0,0,0,1,0,0,1,0,0,0,0,0,0,1,0,0,1,0
1,1.0,1,9.0,4.0,4,1,8,1,14.0,1.0,3.0,3.0,162.22,3.0,3.0,162.22,1.899,1,3.4,1,0,0,0,0,0,1,0,0,0,0,0,1,0,1,0,1
0,19.0,1,36.0,3.0,4,1,6,1,19.0,2.0,2.0,3.0,218.8,3.0,2.0,218.8,1.725,0,3.1,1,1,0,0,1,0,0,0,0,0,0,0,0,0,1,0,1
0,22.0,3,14.0,4.0,4,5,6,0,12.0,1.0,3.0,3.0,179.86,3.0,3.0,179.86,1.969,0,3.4,0,1,0,0,0,0,0,1,0,0,1,0,0,0,1,0,1
1,1.0,2,16.0,3.0,4,3,3,0,16.0,3.0,3.0,3.0,152.42,3.0,3.0,152.42,1.86,1,3.3,0,1,0,1,0,0,0,0,0,0,0,0,1,0,1,0,0
0,14.0,1,15.0,3.0,5,4,4,0,12.0,1.0,5.0,9.0,262.57,9.0,5.0,262.57,3.07,0,3.2,0,0,0,0,0,1,0,0,0,0,0,0,0,0,1,0,1
0,2.0,3,12.0,3.0,4,5,2,0,19.0,1.0,2.0,3.0,209.63,3.0,2.0,209.63,1.689,1,2.9,0,1,0,0,0,1,0,0,0,0,1,0,0,0,0,1,1
0,18.0,1,12.0,3.0,5,3,5,0,15.0,1.0,2.0,4.0,156.62,4.0,2.0,156.62,1.466,0,3.2,0,0,0,0,0,0,1,0,0,0,0,0,1,0,0,1,1
0,27.0,1,9.0,3.0,2,4,6,0,13.0,1.0,9.0,9.0,290.98,9.0,9.0,290.98,4.784,0,2.3,0,1,0,0,0,1,0,0,0,1,0,0,0,0,0,1,1
0,23.0,1,12.0,4.0,4,3,4,0,15.0,1.0,2.0,3.0,191.51,3.0,2.0,191.51,1.616,0,3.4,0,1,0,1,0,0,0,0,0,0,1,0,0,0,1,0,1
0,14.0,1,9.0,4.0,4,3,4,0,15.0,2.0,2.0,3.0,148.45,3.0,2.0,148.45,1.444,0,3.6,0,0,1,0,0,1,0,0,0,0,0,0,1,0,1,0,1
0,18.0,1,27.0,3.0,4,4,3,0,14.0,2.0,2.0,4.0,159.2,4.0,2.0,159.2,1.477,0,3.1,0,1,0,0,0,0,1,0,0,0,0,0,1,0,0,1,1
0,7.0,3,14.0,3.0,4,5,2,0,15.0,2.0,2.0,4.0,168.73,4.0,2.0,168.73,1.515,0,3.1,0,0,0,0,0,1,0,0,0,0,1,0,0,0,1,0,1
0,8.0,3,10.0,3.0,6,5,5,0,19.0,3.0,4.0,13.0,172.59,13.0,4.0,172.59,2.305,0,3.9,0,1,0,0,0,0,0,0,1,0,1,0,0,0,0,1,1
0,4.0,3,23.0,4.0,4,3,10,0,16.0,2.0,3.0,3.0,178.01,3.0,3.0,178.01,1.962,0,3.6,0,1,0,0,0,0,1,0,0,0,1,0,0,0,1,0,1
0,16.0,1,16.0,4.0,4,1,3,0,14.0,1.0,6.0,9.0,161.73,9.0,6.0,161.73,3.067,0,3.4,0,0,0,0,0,1,0,0,0,0,0,0,1,0,0,1,0
0,18.0,3,8.0,4.0,4,3,9,0,13.0,1.0,2.0,1.0,172.68,1.0,2.0,172.68,1.591,0,3.4,0,0,0,0,0,0,0,1,0,0,1,0,0,0,1,0,0
0,4.0,1,14.0,4.0,4,3,3,0,14.0,1.0,2.0,1.0,137.74,1.0,2.0,137.74,1.451,0,3.4,0,0,0,1,0,0,0,0,0,0,0,0,1,0,1,0,1
0,31.0,1,8.0,4.0,2,3,2,0,25.0,2.0,3.0,9.0,174.0,9.0,3.0,174.0,1.916,0,3.0,0,1,0,0,0,0,1,0,0,0,1,0,0,0,1,0,1
0,23.0,1,14.0,3.0,4,4,5,0,15.0,1.0,2.0,3.0,229.66,3.0,2.0,229.66,1.769,0,2.9,0,1,0,0,0,0,1,0,0,0,0,0,0,0,1,0,1
0,8.0,1,22.0,4.0,4,5,9,0,15.0,3.0,7.0,10.0,295.07,10.0,7.0,295.07,3.998,0,3.8,0,0,0,0,0,1,0,0,0,1,0,0,0,0,1,0,1
1,1.0,3,8.0,4.0,4,3,5,0,16.0,2.0,2.0,3.0,154.09,3.0,2.0,154.09,1.466,1,3.6,0,0,0,1,0,0,0,0,0,0,0,0,1,0,1,0,1
1,1.0,3,20.0,3.0,4,4,7,0,12.0,2.0,2.0,1.0,182.65,1.0,2.0,182.65,1.631,1,3.1,0,0,0,1,0,0,0,0,0,0,1,0,0,0,0,1,0
1,1.0,3,31.0,3.0,5,4,2,1,24.0,5.0,11.0,11.0,170.99,11.0,11.0,170.99,5.101,1,4.0,0,1,0,0,0,1,0,0,0,0,1,0,0,0,0,1,0
0,9.0,3,14.0,4.0,4,3,3,0,14.0,1.0,2.0,1.0,149.04,1.0,2.0,149.04,1.496,0,3.4,0,0,1,0,0,0,1,0,0,0,0,0,1,0,1,0,1
1,1.0,1,16.0,3.0,4,5,4,1,12.0,1.0,2.0,1.0,156.72,1.0,2.0,156.72,1.527,1,2.9,0,0,0,0,0,1,0,0,0,0,0,0,1,0,0,1,1
0,1.0,3,20.0,4.0,4,4,3,0,14.0,1.0,2.0,1.0,145.33,1.0,2.0,145.33,1.481,1,3.4,0,0,0,0,0,0,1,0,0,0,0,0,1,0,1,0,0
0,18.0,1,9.0,3.0,4,3,7,1,19.0,3.0,3.0,3.0,227.09,3.0,3.0,227.09,2.158,0,3.3,0,0,0,0,0,1,0,0,0,0,0,0,0,0,0,1,1
0,3.0,3,26.0,4.0,5,3,3,0,15.0,2.0,2.0,3.0,211.2,3.0,2.0,211.2,1.695,0,3.9,0,1,0,0,0,0,1,0,0,0,1,0,0,0,1,0,1
0,4.0,2,8.0,3.0,4,3,2,0,22.0,1.0,2.0,4.0,145.64,4.0,2.0,145.64,1.423,0,2.9,0,0,1,0,0,0,1,0,0,0,0,0,1,0,1,0,1
0,29.0,1,11.0,2.0,4,3,2,1,17.0,2.0,2.0,3.0,165.35,3.0,2.0,165.35,1.511,0,2.6,0,1,0,0,0,0,1,0,0,0,1,0,0,0,1,0,1
0,7.0,1,11.0,3.0,5,4,10,0,12.0,2.0,2.0,3.0,163.38,3.0,2.0,163.38,1.504,0,3.4,0,1,0,0,0,1,0,0,0,0,0,0,1,0,1,0,0
0,21.0,3,21.0,4.0,4,3,5,1,18.0,2.0,2.0,3.0,170.91,3.0,2.0,170.91,1.534,0,3.6,0,1,0,0,0,1,0,0,0,0,1,0,0,0,1,0,0
1,1.0,1,9.0,3.0,5,5,9,0,12.0,2.0,2.0,1.0,150.61,1.0,2.0,150.61,1.502,1,3.4,0,0,0,0,0,1,0,0,0,0,0,0,1,0,0,1,1
0,2.0,1,8.0,4.0,5,3,3,0,15.0,1.0,2.0,1.0,140.63,1.0,2.0,140.63,1.463,1,3.7,0,0,1,0,0,0,1,0,0,0,0,0,1,0,1,0,1
0,2.0,3,14.0,3.0,4,5,2,0,15.0,2.0,2.0,4.0,173.98,4.0,2.0,173.98,1.536,1,3.1,0,0,0,0,0,0,1,0,0,0,1,0,0,0,0,1,1
0,23.0,1,10.0,3.0,5,5,6,0,26.0,1.0,2.0,3.0,172.89,3.0,2.0,172.89,1.542,0,3.2,0,1,0,0,0,1,0,0,0,0,1,0,0,0,1,0,0
0,3.0,1,9.0,4.0,4,4,2,0,14.0,2.0,2.0,3.0,156.8,3.0,2.0,156.8,1.477,0,3.6,0,0,0,0,0,0,1,0,0,0,0,0,1,0,1,0,0
0,2.0,1,36.0,4.0,6,4,3,0,15.0,1.0,2.0,8.0,190.49,8.0,2.0,190.49,1.584,1,4.0,0,1,0,0,0,0,1,0,0,0,1,0,0,0,1,0,1
0,7.0,1,15.0,4.0,4,3,4,1,18.0,2.0,2.0,1.0,188.88,1.0,2.0,188.88,1.656,0,3.6,0,1,0,0,0,0,1,0,0,0,1,0,0,0,0,1,1
0,6.0,1,17.0,4.0,4,1,4,0,26.0,1.0,2.0,1.0,237.44,1.0,2.0,237.44,1.85,0,3.4,0,1,0,0,0,1,0,0,0,0,0,0,0,0,0,1,1
0,28.0,1,18.0,3.0,4,1,5,0,21.0,1.0,2.0,13.0,285.32,13.0,2.0,285.32,1.956,0,2.9,0,0,0,0,0,1,0,0,0,1,0,0,0,0,1,0,0
1,1.0,1,8.0,4.0,5,5,8,0,14.0,2.0,2.0,8.0,148.62,8.0,2.0,148.62,1.417,1,3.9,0,0,1,1,0,0,0,0,0,0,0,0,1,0,0,1,1
0,18.0,1,35.0,3.0,4,5,5,0,14.0,1.0,15.0,18.0,288.28,18.0,15.0,288.28,7.164,0,2.9,0,1,0,0,0,0,1,0,0,1,0,0,0,0,1,0,1
0,13.0,1,13.0,3.0,4,4,6,0,19.0,3.0,3.0,3.0,208.76,3.0,3.0,208.76,2.085,0,3.3,0,1,0,0,0,0,1,0,0,0,0,0,0,0,0,1,0
0,20.0,3,10.0,3.0,4,4,10,0,13.0,1.0,6.0,2.0,291.06,2.0,6.0,291.06,3.631,0,2.9,0,1,0,0,0,0,1,0,0,1,0,0,0,0,1,0,0
0,9.0,1,23.0,4.0,5,4,3,0,20.0,4.0,4.0,3.0,211.06,3.0,4.0,211.06,2.494,0,4.3,0,1,0,0,0,0,1,0,0,0,0,0,0,0,0,1,0
0,1.0,1,27.0,4.0,4,3,2,0,15.0,2.0,2.0,3.0,147.72,3.0,2.0,147.72,1.441,1,3.6,0,0,1,0,0,0,1,0,0,0,1,0,0,0,0,1,1
1,4.0,1,16.0,3.0,4,5,5,0,15.0,2.0,2.0,1.0,145.18,1.0,2.0,145.18,1.481,0,3.1,0,0,1,0,0,0,1,0,0,0,0,0,1,0,0,1,1
0,8.0,3,8.0,4.0,5,3,3,1,15.0,8.0,9.0,7.0,195.83,7.0,9.0,195.83,4.408,0,5.1,0,1,0,0,1,0,0,0,0,0,0,0,0,0,1,0,1
1,1.0,1,10.0,3.0,4,3,3,0,13.0,3.0,8.0,8.0,165.84,8.0,8.0,165.84,3.886,1,3.3,0,0,0,0,0,0,1,0,0,0,0,0,1,0,0,1,0
0,24.0,1,29.0,3.0,6,1,3,1,14.0,1.0,14.0,10.0,269.11,10.0,14.0,269.11,6.695,0,3.5,1,0,0,0,0,1,0,0,0,1,0,0,0,0,0,1,1
0,8.0,3,14.0,3.0,4,3,2,1,26.0,4.0,6.0,8.0,148.08,8.0,6.0,148.08,3.015,0,3.5,0,0,1,1,0,0,0,0,0,0,0,0,1,0,1,0,1
0,16.0,1,9.0,4.0,5,4,6,0,15.0,1.0,2.0,1.0,173.41,1.0,2.0,173.41,1.594,0,3.7,0,1,0,0,0,1,0,0,0,0,0,0,1,0,1,0,1
0,11.0,1,20.0,3.0,4,1,3,0,18.0,3.0,4.0,8.0,167.85,8.0,4.0,167.85,2.294,0,3.3,0,1,0,0,0,1,0,0,0,0,1,0,0,0,1,0,1
0,3.0,1,15.0,3.0,6,5,5,0,14.0,2.0,2.0,3.0,222.15,3.0,2.0,222.15,1.739,0,3.7,0,1,0,0,0,0,0,0,1,0,1,0,0,0,1,0,0
0,7.0,1,32.0,3.0,5,4,3,0,14.0,2.0,2.0,3.0,168.2,3.0,2.0,168.2,1.523,0,3.4,0,1,0,0,0,0,1,0,0,0,1,0,0,0,0,1,1
0,19.0,1,35.0,4.0,4,1,6,0,21.0,2.0,2.0,4.0,146.32,4.0,2.0,146.32,1.425,0,3.6,0,0,1,1,0,0,0,0,0,0,0,0,1,0,1,0,1
0,16.0,1,9.0,3.0,4,1,4,1,15.0,5.0,14.0,3.0,226.24,3.0,14.0,226.24,6.555,0,3.7,1,0,0,0,0,0,1,0,0,0,0,0,0,0,1,0,1
0,14.0,3,16.0,3.0,4,5,2,0,13.0,8.0,8.0,2.0,179.73,2.0,8.0,179.73,3.986,0,4.3,0,1,0,0,0,1,0,0,0,0,1,0,0,0,1,0,1
0,7.0,1,35.0,4.0,4,3,3,1,13.0,5.0,6.0,8.0,177.07,8.0,6.0,177.07,3.131,0,4.2,0,1,0,0,0,0,1,0,0,0,1,0,0,0,1,0,1
0,14.0,2,13.0,3.0,4,1,3,1,22.0,1.0,8.0,8.0,289.37,8.0,8.0,289.37,4.38,0,2.9,1,1,0,0,0,1,0,0,0,1,0,0,0,0,0,1,1
0,1.0,1,28.0,3.0,5,5,2,0,15.0,1.0,2.0,1.0,147.96,1.0,2.0,147.96,1.492,1,3.2,0,0,1,1,0,0,0,0,0,0,0,0,1,0,1,0,1
0,14.0,1,15.0,4.0,4,1,5,1,19.0,2.0,3.0,3.0,165.69,3.0,3.0,165.69,1.913,0,3.6,1,0,0,0,0,0,1,0,0,0,1,0,0,0,1,0,1
0,19.0,1,8.0,4.0,4,4,3,0,13.0,4.0,8.0,8.0,199.41,8.0,8.0,199.41,4.02,0,4.0,0,1,0,0,1,0,0,0,0,0,0,0,0,0,1,0,1
0,9.0,3,35.0,4.0,5,3,2,0,24.0,3.0,5.0,3.0,149.3,3.0,5.0,149.3,2.647,0,4.1,0,0,1,0,0,0,1,0,0,0,0,0,1,0,1,0,0
0,6.0,1,12.0,4.0,5,4,5,0,13.0,2.0,3.0,6.0,183.78,6.0,3.0,183.78,1.964,0,3.9,0,1,0,0,0,0,1,0,0,0,1,0,0,0,1,0,0
0,10.0,3,9.0,4.0,4,1,5,1,22.0,2.0,2.0,3.0,151.44,3.0,2.0,151.44,1.456,0,3.6,1,1,0,0,0,0,1,0,0,0,0,0,1,0,0,1,1
0,22.0,3,23.0,4.0,4,3,10,0,15.0,8.0,8.0,8.0,189.39,8.0,8.0,189.39,3.98,0,4.8,0,1,0,0,0,0,1,0,0,0,1,0,0,0,1,0,0
0,3.0,1,16.0,4.0,2,3,8,0,19.0,1.0,2.0,1.0,149.51,1.0,2.0,149.51,1.498,0,2.8,0,1,0,0,0,0,1,0,0,0,0,0,1,0,1,0,1
0,7.0,3,15.0,3.0,4,5,4,0,14.0,3.0,3.0,3.0,188.92,3.0,3.0,188.92,2.006,0,3.3,0,1,0,0,0,0,1,0,0,0,1,0,0,0,1,0,1
1,1.0,3,8.0,4.0,5,5,3,0,12.0,2.0,7.0,3.0,222.14,3.0,7.0,222.14,3.739,1,3.9,0,1,0,0,0,0,1,0,0,0,1,0,0,0,1,0,1
0,12.0,2,17.0,4.0,4,3,5,0,12.0,1.0,2.0,3.0,185.77,3.0,2.0,185.77,1.593,0,3.4,0,0,0,0,0,0,0,0,1,0,1,0,0,0,1,0,1
0,9.0,1,8.0,4.0,5,5,3,0,20.0,2.0,2.0,3.0,149.5,3.0,2.0,149.5,1.448,0,3.9,0,0,1,0,0,1,0,0,0,0,0,0,1,0,0,1,1
0,8.0,3,36.0,3.0,4,4,5,0,13.0,2.0,2.0,3.0,217.5,3.0,2.0,217.5,1.72,0,3.1,0,1,0,0,1,0,0,0,0,0,0,0,0,0,1,0,1
1,1.0,1,9.0,4.0,4,5,3,1,13.0,2.0,2.0,1.0,145.74,1.0,2.0,145.74,1.483,1,3.6,0,0,1,0,0,0,1,0,0,0,0,0,1,0,1,0,0
1,17.0,1,9.0,4.0,5,1,2,0,17.0,1.0,2.0,3.0,226.69,3.0,2.0,226.69,1.757,0,3.7,0,1,0,0,1,0,0,0,0,0,0,0,0,0,1,0,0
1,2.0,1,9.0,3.0,4,4,6,0,12.0,2.0,2.0,5.0,173.55,5.0,2.0,173.55,1.528,1,3.1,0,1,0,0,0,1,0,0,0,0,1,0,0,0,1,0,1
0,6.0,1,8.0,4.0,4,5,6,0,15.0,1.0,2.0,3.0,165.87,3.0,2.0,165.87,1.513,0,3.4,0,0,0,1,0,0,0,0,0,0,1,0,0,0,1,0,1
0,22.0,1,22.0,4.0,4,5,10,0,13.0,7.0,8.0,7.0,148.67,7.0,8.0,148.67,3.82,0,4.6,0,0,1,0,0,0,0,0,1,0,0,0,1,0,1,0,0
0,8.0,1,14.0,3.0,4,1,3,0,14.0,1.0,2.0,1.0,154.72,1.0,2.0,154.72,1.519,0,2.9,0,1,0,0,0,1,0,0,0,0,0,0,1,0,0,1,1
0,29.0,3,33.0,3.0,5,1,3,0,15.0,1.0,3.0,14.0,320.86,14.0,3.0,320.86,2.497,0,3.2,0,1,0,0,0,0,0,1,0,0,0,0,0,1,1,0,1
0,8.0,1,8.0,3.0,4,1,11,0,18.0,1.0,3.0,2.0,179.84,2.0,3.0,179.84,1.986,0,2.9,0,1,0,0,0,0,1,0,0,0,1,0,0,0,1,0,1
0,1.0,1,10.0,3.0,4,1,3,0,22.0,2.0,2.0,1.0,145.61,1.0,2.0,145.61,1.482,1,3.1,0,0,1,0,0,0,1,0,0,0,0,0,1,0,1,0,0
0,12.0,3,21.0,4.0,4,4,2,0,12.0,4.0,8.0,3.0,224.24,3.0,8.0,224.24,4.147,0,4.0,0,1,0,0,0,0,1,0,0,0,1,0,0,0,1,0,1
0,12.0,3,23.0,3.0,4,4,4,0,13.0,2.0,2.0,3.0,166.98,3.0,2.0,166.98,1.518,0,3.1,0,1,0,0,0,0,1,0,0,0,1,0,0,0,0,1,0
0,10.0,3,8.0,4.0,4,3,8,0,14.0,2.0,2.0,1.0,193.15,1.0,2.0,193.15,1.673,0,3.6,0,1,0,0,0,0,1,0,0,0,1,0,0,0,0,1,0
0,3.0,1,10.0,3.0,4,5,3,1,19.0,1.0,2.0,6.0,172.23,6.0,2.0,172.23,1.517,0,2.9,0,1,0,0,0,1,0,0,0,0,0,0,1,0,0,1,1
0,9.0,1,17.0,3.0,4,3,5,1,17.0,1.0,2.0,5.0,186.42,5.0,2.0,186.42,1.579,0,2.9,0,1,0,0,0,1,0,0,0,0,1,0,0,0,0,1,0
0,13.0,3,13.0,3.0,2,3,4,0,12.0,4.0,8.0,7.0,207.37,7.0,8.0,207.37,4.054,0,2.9,0,1,0,0,0,1,0,0,0,0,0,0,0,0,1,0,1
0,3.0,1,9.0,3.0,4,1,3,0,20.0,2.0,2.0,3.0,213.53,3.0,2.0,213.53,1.704,0,3.1,0,0,0,0,0,0,1,0,0,0,1,0,0,0,1,0,1
0,24.0,3,16.0,3.0,4,3,6,1,15.0,1.0,2.0,1.0,318.31,1.0,2.0,318.31,2.173,0,2.9,0,1,0,0,0,0,0,1,0,0,0,0,0,1,1,0,1
0,1.0,1,17.0,3.0,2,3,4,0,17.0,1.0,3.0,3.0,145.73,3.0,3.0,145.73,1.833,1,2.3,0,0,1,1,0,0,0,0,0,0,0,0,1,0,1,0,1
0,10.0,1,13.0,4.0,2,5,5,1,14.0,1.0,2.0,3.0,180.62,3.0,2.0,180.62,1.572,0,2.8,0,0,0,0,0,0,1,0,0,0,1,0,0,0,1,0,1
0,16.0,1,16.0,4.0,5,1,10,0,15.0,2.0,2.0,2.0,321.13,2.0,2.0,321.13,2.151,0,3.9,0,1,0,0,0,0,0,0,1,0,0,0,0,1,0,1,1
0,9.0,1,35.0,3.0,2,3,3,0,18.0,7.0,7.0,9.0,159.07,9.0,7.0,159.07,3.456,0,3.5,0,1,0,0,0,0,1,0,0,0,1,0,0,0,1,0,1
0,8.0,1,17.0,4.0,5,3,3,0,15.0,2.0,8.0,8.0,175.63,8.0,8.0,175.63,3.925,0,3.9,0,0,0,1,0,0,0,0,0,0,1,0,0,0,1,0,1
0,14.0,3,21.0,3.0,4,5,3,0,16.0,1.0,2.0,3.0,171.39,3.0,2.0,171.39,1.536,0,2.9,0,1,0,0,0,0,1,0,0,0,1,0,0,0,1,0,0
0,17.0,1,34.0,3.0,2,4,7,0,13.0,2.0,2.0,3.0,173.76,3.0,2.0,173.76,1.545,0,2.5,0,1,0,1,0,0,0,0,0,0,0,0,1,0,1,0,1
0,9.0,1,14.0,4.0,5,1,3,0,19.0,2.0,2.0,2.0,151.9,2.0,2.0,151.9,1.474,0,3.9,0,1,0,0,0,0,1,0,0,0,0,0,1,0,1,0,1
0,20.0,3,8.0,3.0,2,5,3,0,15.0,1.0,2.0,13.0,300.67,13.0,2.0,300.67,2.017,0,2.3,0,1,0,0,0,0,1,0,0,1,0,0,0,0,0,1,1
1,1.0,1,31.0,3.0,4,4,3,1,18.0,1.0,2.0,1.0,149.08,1.0,2.0,149.08,1.496,1,2.9,0,0,1,0,0,1,0,0,0,0,0,0,1,0,1,0,1
0,1.0,1,33.0,3.0,5,3,3,1,15.0,2.0,2.0,4.0,153.14,4.0,2.0,153.14,1.453,1,3.4,0,0,0,0,0,0,0,0,1,0,0,0,1,0,1,0,0
0,24.0,1,27.0,3.0,4,3,4,1,16.0,1.0,2.0,14.0,237.45,14.0,2.0,237.45,1.763,0,2.9,0,0,0,0,0,1,0,0,0,1,0,0,0,0,1,0,1
0,6.0,1,12.0,3.0,2,1,5,0,18.0,2.0,2.0,3.0,158.12,3.0,2.0,158.12,1.482,0,2.5,0,1,0,0,0,0,0,0,1,0,0,0,1,0,1,0,0
0,18.0,1,14.0,3.0,4,1,2,1,15.0,1.0,2.0,11.0,315.49,11.0,2.0,315.49,2.079,0,2.9,1,1,0,0,0,1,0,0,0,0,0,0,0,1,1,0,0
0,4.0,1,14.0,3.0,5,4,3,0,13.0,2.0,2.0,2.0,146.41,2.0,2.0,146.41,1.452,0,3.4,0,0,1,0,0,1,0,0,0,0,0,0,1,0,1,0,1
0,19.0,1,12.0,3.0,6,5,3,1,15.0,1.0,2.0,5.0,182.69,5.0,2.0,182.69,1.564,0,3.5,0,1,0,0,0,1,0,0,0,0,1,0,0,0,0,1,0
0,19.0,3,33.0,3.0,5,5,3,0,16.0,4.0,5.0,6.0,168.85,6.0,5.0,168.85,2.704,0,3.8,0,0,0,0,0,0,0,1,0,0,1,0,0,0,1,0,1
0,5.0,3,9.0,3.0,4,5,9,0,14.0,2.0,2.0,4.0,178.32,4.0,2.0,178.32,1.553,0,3.1,0,0,0,0,0,0,0,0,1,0,1,0,0,0,0,1,1
0,10.0,1,19.0,4.0,4,3,11,1,13.0,1.0,2.0,2.0,171.63,2.0,2.0,171.63,1.553,0,3.4,0,1,0,0,0,0,1,0,0,0,1,0,0,0,1,0,0
0,8.0,1,17.0,3.0,2,1,3,0,14.0,4.0,8.0,3.0,172.24,3.0,8.0,172.24,3.939,0,2.9,0,0,0,0,0,0,1,0,0,0,1,0,0,0,1,0,1
0,23.0,1,32.0,3.0,4,5,3,0,15.0,2.0,2.0,5.0,157.11,5.0,2.0,157.11,1.462,0,3.1,0,1,0,0,0,0,1,0,0,0,0,0,1,0,1,0,0
0,13.0,1,17.0,4.0,4,5,4,0,14.0,4.0,8.0,8.0,178.77,8.0,8.0,178.77,3.937,0,4.0,0,1,0,0,0,1,0,0,0,0,1,0,0,0,1,0,1
0,1.0,1,26.0,4.0,5,5,3,0,12.0,1.0,2.0,8.0,165.66,8.0,2.0,165.66,1.485,1,3.7,0,1,0,0,0,0,0,0,1,0,0,0,1,0,1,0,1
0,9.0,1,25.0,3.0,2,5,3,0,12.0,2.0,2.0,11.0,177.08,11.0,2.0,177.08,1.525,0,2.5,0,1,0,0,0,0,1,0,0,0,1,0,0,0,1,0,1
0,2.0,1,34.0,3.0,6,5,2,0,22.0,2.0,2.0,1.0,173.77,1.0,2.0,173.77,1.595,1,3.7,0,1,0,0,0,1,0,0,0,0,1,0,0,0,1,0,0
0,1.0,1,12.0,4.0,4,1,3,0,19.0,1.0,3.0,3.0,156.17,3.0,3.0,156.17,1.875,1,3.4,0,1,0,0,0,1,0,0,0,0,0,0,1,0,0,1,1
1,1.0,3,10.0,4.0,4,1,3,1,13.0,2.0,2.0,1.0,140.69,1.0,2.0,140.69,1.463,1,3.6,1,0,0,0,0,1,0,0,0,0,0,0,1,0,0,1,0
0,21.0,2,33.0,4.0,4,3,5,0,15.0,2.0,2.0,1.0,321.58,1.0,2.0,321.58,2.186,0,3.6,0,1,0,0,0,0,1,0,0,0,0,0,0,1,1,0,0
0,13.0,1,10.0,4.0,5,3,2,0,16.0,1.0,2.0,8.0,155.69,8.0,2.0,155.69,1.445,0,3.7,0,1,0,0,0,1,0,0,0,0,1,0,0,0,1,0,1
0,14.0,1,22.0,4.0,5,3,3,0,14.0,7.0,15.0,3.0,229.35,3.0,15.0,229.35,6.967,0,4.9,0,1,0,0,0,0,1,0,0,0,0,0,0,0,1,0,0
0,9.0,1,15.0,3.0,4,3,3,0,13.0,1.0,3.0,10.0,166.48,10.0,3.0,166.48,1.884,0,2.9,0,0,0,0,0,0,1,0,0,0,1,0,0,0,1,0,0
0,11.0,1,26.0,3.0,4,3,5,0,18.0,1.0,2.0,3.0,182.68,3.0,2.0,182.68,1.581,0,2.9,0,1,0,0,0,0,1,0,0,0,1,0,0,0,1,0,1
0,13.0,1,11.0,3.0,4,3,2,0,14.0,4.0,4.0,9.0,175.42,9.0,4.0,175.42,2.322,0,3.5,0,0,0,0,0,1,0,0,0,0,1,0,0,0,0,1,0
0,19.0,1,9.0,3.0,5,1,3,0,20.0,4.0,4.0,10.0,182.7,10.0,4.0,182.7,2.349,0,3.8,0,1,0,0,0,0,0,0,1,0,1,0,0,0,1,0,0
0,12.0,1,9.0,3.0,5,3,5,1,20.0,1.0,2.0,3.0,202.56,3.0,2.0,202.56,1.66,0,3.2,0,1,0,0,0,1,0,0,0,0,0,0,0,0,1,0,0
1,1.0,3,17.0,3.0,5,5,11,0,18.0,1.0,7.0,3.0,228.06,3.0,7.0,228.06,3.762,1,3.2,0,1,0,0,0,1,0,0,0,0,0,0,0,0,1,0,1
0,11.0,1,17.0,4.0,4,4,3,0,12.0,5.0,8.0,8.0,164.36,8.0,8.0,164.36,3.88,0,4.2,0,1,0,0,0,1,0,0,0,0,0,0,1,0,1,0,0
0,14.0,1,23.0,3.0,4,1,8,1,16.0,4.0,4.0,4.0,204.45,4.0,4.0,204.45,2.458,0,3.5,1,1,0,0,0,0,1,0,0,0,0,0,0,0,0,1,0
0,18.0,2,8.0,3.0,4,1,6,1,12.0,2.0,2.0,3.0,182.43,3.0,2.0,182.43,1.58,0,3.1,1,0,0,0,0,0,0,0,1,0,1,0,0,0,1,0,1
0,22.0,1,11.0,3.0,5,1,4,0,26.0,1.0,3.0,3.0,277.02,3.0,3.0,277.02,2.358,0,3.2,0,0,0,0,0,1,0,0,0,1,0,0,0,0,1,0,1
1,1.0,3,22.0,3.0,6,1,8,1,15.0,1.0,3.0,3.0,179.4,3.0,3.0,179.4,1.968,1,3.5,1,1,0,0,0,1,0,0,0,0,1,0,0,0,1,0,1
0,1.0,1,9.0,3.0,4,1,3,1,14.0,1.0,2.0,4.0,162.6,4.0,2.0,162.6,1.49,1,2.9,1,0,0,1,0,0,0,0,0,0,0,0,1,0,0,1,0
0,1.0,1,15.0,3.0,2,3,9,0,18.0,1.0,2.0,3.0,160.17,3.0,2.0,160.17,1.491,1,2.3,0,1,0,0,0,1,0,0,0,0,0,0,1,0,1,0,0
0,1.0,1,9.0,3.0,4,1,4,0,14.0,1.0,2.0,3.0,150.8,3.0,2.0,150.8,1.453,1,2.9,0,0,0,0,0,1,0,0,0,0,0,0,1,0,0,1,1
1,4.0,1,14.0,4.0,4,5,5,1,15.0,1.0,2.0,4.0,146.66,4.0,2.0,146.66,1.427,0,3.4,0,0,1,0,0,0,1,0,0,0,0,0,1,0,0,1,1
0,3.0,3,17.0,3.0,5,3,11,0,12.0,2.0,2.0,5.0,183.69,5.0,2.0,183.69,1.568,0,3.4,0,1,0,0,0,1,0,0,0,0,1,0,0,0,0,1,1
0,10.0,1,12.0,3.0,4,5,6,0,13.0,2.0,2.0,3.0,205.08,3.0,2.0,205.08,1.67,0,3.1,0,1,0,0,0,0,1,0,0,0,0,0,0,0,1,0,0
0,1.0,1,9.0,4.0,2,3,3,0,18.0,2.0,2.0,8.0,177.06,8.0,2.0,177.06,1.53,1,3.0,0,0,0,0,0,0,1,0,0,0,1,0,0,0,1,0,1
0,13.0,1,19.0,4.0,4,4,6,0,22.0,2.0,2.0,1.0,177.95,1.0,2.0,177.95,1.612,0,3.6,0,1,0,0,0,1,0,0,0,0,1,0,0,0,1,0,1
0,23.0,1,29.0,4.0,4,4,5,0,17.0,1.0,2.0,3.0,289.13,3.0,2.0,289.13,2.007,0,3.4,0,1,0,0,0,0,0,0,1,1,0,0,0,0,1,0,0
0,24.0,1,24.0,3.0,5,5,7,0,16.0,1.0,2.0,12.0,257.69,12.0,2.0,257.69,1.846,0,3.2,0,1,0,0,0,0,1,0,0,0,0,0,0,0,1,0,0
0,1.0,3,9.0,3.0,4,3,3,0,20.0,1.0,3.0,3.0,152.83,3.0,3.0,152.83,1.861,1,2.9,0,1,0,0,0,1,0,0,0,0,0,0,1,0,0,1,0
0,8.0,1,10.0,4.0,4,4,3,0,13.0,2.0,8.0,10.0,179.33,10.0,8.0,179.33,3.936,0,3.6,0,1,0,0,0,0,1,0,0,0,1,0,0,0,1,0,0
0,10.0,1,14.0,4.0,4,4,4,0,12.0,1.0,2.0,4.0,145.13,4.0,2.0,145.13,1.421,0,3.4,0,0,1,0,0,0,1,0,0,0,0,0,1,0,0,1,1
0,23.0,1,13.0,3.0,5,3,4,1,20.0,1.0,3.0,13.0,264.66,13.0,3.0,264.66,2.273,0,3.2,0,1,0,0,0,0,1,0,0,1,0,0,0,0,1,0,0
0,10.0,1,8.0,3.0,5,3,2,0,16.0,1.0,2.0,3.0,168.74,3.0,2.0,168.74,1.525,0,3.2,0,0,0,0,0,1,0,0,0,0,1,0,0,0,1,0,0
0,10.0,1,10.0,4.0,2,5,8,0,21.0,1.0,2.0,5.0,193.42,5.0,2.0,193.42,1.607,0,2.8,0,1,0,0,0,0,1,0,0,0,1,0,0,0,1,0,1
0,28.0,1,29.0,4.0,4,3,5,0,15.0,4.0,5.0,8.0,299.26,8.0,5.0,299.26,3.219,0,4.0,0,1,0,0,0,1,0,0,0,1,0,0,0,0,1,0,0
0,17.0,1,22.0,4.0,5,3,3,0,15.0,3.0,7.0,12.0,301.03,12.0,7.0,301.03,4.02,0,4.1,0,1,0,0,0,0,1,0,0,1,0,0,0,0,1,0,1
1,1.0,3,19.0,3.0,4,1,5,1,25.0,6.0,7.0,8.0,170.81,8.0,7.0,170.81,3.505,1,3.9,1,0,0,0,0,0,0,0,1,0,1,0,0,0,0,1,1
0,12.0,1,8.0,3.0,4,1,9,0,16.0,2.0,3.0,10.0,172.35,10.0,3.0,172.35,1.908,0,3.1,0,0,0,0,0,0,1,0,0,0,1,0,0,0,1,0,1
0,3.0,3,12.0,3.0,5,4,3,1,14.0,1.0,2.0,10.0,166.87,10.0,2.0,166.87,1.486,0,3.2,0,1,0,0,0,1,0,0,0,0,1,0,0,0,1,0,1
0,7.0,3,9.0,4.0,4,1,3,0,15.0,2.0,2.0,5.0,180.05,5.0,2.0,180.05,1.554,0,3.6,0,1,0,0,0,1,0,0,0,0,1,0,0,0,1,0,1
0,6.0,1,9.0,3.0,4,4,2,0,14.0,2.0,2.0,7.0,179.7,7.0,2.0,179.7,1.544,0,3.1,0,1,0,0,0,1,0,0,0,0,1,0,0,0,1,0,1
0,5.0,3,12.0,4.0,4,1,3,0,12.0,1.0,2.0,3.0,179.76,3.0,2.0,179.76,1.569,0,3.4,0,1,0,0,0,0,1,0,0,0,1,0,0,0,1,0,0
0,23.0,1,23.0,4.0,4,5,6,1,17.0,1.0,3.0,3.0,150.87,3.0,3.0,150.87,1.853,0,3.4,0,1,0,0,0,1,0,0,0,0,0,0,1,0,1,0,0
0,12.0,1,9.0,3.0,5,4,3,0,23.0,1.0,4.0,4.0,149.4,4.0,4.0,149.4,2.238,0,3.2,0,0,0,0,0,1,0,0,0,0,0,0,1,0,0,1,0
0,21.0,3,9.0,3.0,2,4,8,0,15.0,1.0,2.0,3.0,284.72,3.0,2.0,284.72,1.989,0,2.3,0,1,0,0,0,0,1,0,0,1,0,0,0,0,1,0,0
0,23.0,1,8.0,3.0,4,3,6,0,15.0,1.0,2.0,1.0,278.79,1.0,2.0,278.79,2.015,0,2.9,0,1,0,0,0,0,1,0,0,1,0,0,0,0,0,1,1
0,15.0,3,30.0,4.0,4,3,5,1,17.0,1.0,2.0,3.0,195.82,3.0,2.0,195.82,1.633,0,3.4,0,1,0,0,0,0,1,0,0,0,0,0,0,0,0,1,1
0,1.0,3,16.0,3.0,4,5,3,0,12.0,1.0,2.0,3.0,152.28,3.0,2.0,152.28,1.459,1,2.9,0,1,0,0,0,0,1,0,0,0,0,0,1,0,0,1,1
0,7.0,3,23.0,3.0,4,1,3,1,26.0,1.0,2.0,3.0,178.68,3.0,2.0,178.68,1.565,0,2.9,1,0,0,0,0,0,1,0,0,0,1,0,0,0,1,0,0
0,10.0,1,33.0,4.0,4,3,8,0,15.0,2.0,2.0,3.0,178.47,3.0,2.0,178.47,1.564,0,3.6,0,1,0,0,0,0,1,0,0,0,1,0,0,0,1,0,1
0,18.0,2,8.0,3.0,4,1,6,1,19.0,3.0,3.0,3.0,156.95,3.0,3.0,156.95,1.878,0,3.3,1,1,0,0,0,0,1,0,0,0,0,0,1,0,1,0,0
1,1.0,1,15.0,4.0,5,3,3,1,12.0,2.0,2.0,3.0,164.89,3.0,2.0,164.89,1.51,1,3.9,0,1,0,0,0,1,0,0,0,0,0,0,1,0,0,1,1
0,12.0,1,11.0,3.0,4,3,9,0,20.0,1.0,2.0,1.0,158.06,1.0,2.0,158.06,1.532,0,2.9,0,1,0,0,0,1,0,0,0,0,0,0,1,0,1,0,0
0,27.0,1,31.0,3.0,2,1,5,0,16.0,1.0,2.0,3.0,195.05,3.0,2.0,195.05,1.63,0,2.3,0,1,0,0,0,1,0,0,0,0,0,0,0,0,1,0,1
1,12.0,3,14.0,4.0,4,3,4,1,12.0,2.0,8.0,8.0,151.55,8.0,8.0,151.55,3.828,0,3.6,0,0,0,0,0,1,0,0,0,0,0,0,1,0,1,0,0
1,1.0,1,9.0,4.0,4,4,3,0,13.0,1.0,2.0,1.0,138.93,1.0,2.0,138.93,1.456,1,3.4,0,0,1,0,0,0,1,0,0,0,0,0,1,0,0,1,1
0,1.0,1,14.0,4.0,4,1,3,0,21.0,1.0,6.0,8.0,150.7,8.0,6.0,150.7,3.025,1,3.4,0,0,0,0,0,1,0,0,0,0,0,0,1,0,0,1,1
0,29.0,1,29.0,4.0,5,4,7,0,13.0,2.0,2.0,3.0,160.37,3.0,2.0,160.37,1.491,0,3.9,0,1,0,1,0,0,0,0,0,0,0,0,1,0,1,0,1
0,8.0,1,12.0,3.0,5,1,3,0,15.0,1.0,5.0,14.0,164.86,14.0,5.0,164.86,2.673,0,3.2,0,1,0,0,0,1,0,0,0,0,1,0,0,0,1,0,1
0,31.0,1,8.0,4.0,6,1,5,0,21.0,2.0,2.0,1.0,233.82999999999998,1.0,2.0,233.82999999999998,1.835,0,4.2,0,1,0,0,0,1,0,0,0,0,0,0,0,0,1,0,1
0,7.0,1,28.0,4.0,2,4,3,0,19.0,1.0,3.0,14.0,145.28,14.0,3.0,145.28,1.794,0,2.8,0,0,1,0,0,1,0,0,0,0,0,0,1,0,1,0,1
0,11.0,3,8.0,3.0,6,1,3,0,15.0,2.0,2.0,3.0,220.25,3.0,2.0,220.25,1.731,0,3.7,0,0,0,0,0,1,0,0,0,0,1,0,0,0,1,0,1
0,8.0,1,26.0,3.0,5,1,3,0,13.0,2.0,9.0,8.0,154.29,8.0,9.0,154.29,4.239,0,3.4,0,1,0,0,0,0,1,0,0,0,0,0,1,0,1,0,0
1,1.0,3,14.0,4.0,4,1,3,1,22.0,2.0,2.0,3.0,147.75,3.0,2.0,147.75,1.441,1,3.6,1,0,1,0,0,0,1,0,0,0,0,0,1,0,1,0,1
0,18.0,1,9.0,4.0,2,1,3,1,20.0,2.0,7.0,8.0,203.79,8.0,7.0,203.79,3.637,0,3.0,1,1,0,0,0,0,1,0,0,0,0,0,0,0,1,0,0
0,9.0,1,9.0,4.0,5,1,2,1,15.0,2.0,2.0,5.0,174.3,5.0,2.0,174.3,1.531,0,3.9,1,0,0,0,0,1,0,0,0,0,0,0,1,0,0,1,1
0,17.0,3,9.0,4.0,4,1,3,1,18.0,4.0,9.0,9.0,203.47,9.0,9.0,203.47,4.434,0,4.0,1,1,0,0,0,1,0,0,0,0,1,0,0,0,1,0,1
0,1.0,1,16.0,4.0,2,3,3,0,17.0,1.0,2.0,5.0,169.01,5.0,2.0,169.01,1.509,1,2.8,0,1,0,0,0,1,0,0,0,0,0,0,1,0,1,0,1
0,15.0,3,13.0,3.0,4,3,3,0,13.0,4.0,9.0,3.0,217.41,3.0,9.0,217.41,4.52,0,3.5,0,1,0,0,0,0,0,1,0,0,0,0,0,0,0,1,1
0,3.0,1,16.0,3.0,4,3,11,0,18.0,1.0,2.0,3.0,154.74,3.0,2.0,154.74,1.469,0,2.9,0,1,0,0,0,1,0,0,0,0,0,0,1,0,1,0,0
0,10.0,3,9.0,3.0,4,1,5,0,16.0,7.0,7.0,8.0,170.02,8.0,7.0,170.02,3.502,0,4.1,0,1,0,0,0,0,1,0,0,0,1,0,0,0,0,1,0
0,19.0,1,8.0,4.0,5,3,5,0,24.0,5.0,2.0,5.0,232.48000000000002,5.0,2.0,232.48000000000002,1.763,0,4.5,0,0,0,0,0,0,1,0,0,0,0,0,0,0,1,0,1
1,1.0,2,29.0,3.0,6,3,3,0,12.0,1.0,2.0,1.0,140.55,1.0,2.0,140.55,1.462,1,3.5,0,0,1,0,0,0,0,0,1,0,0,0,1,0,1,0,1
1,11.0,3,16.0,3.0,6,3,9,0,12.0,7.0,2.0,11.0,254.36,11.0,2.0,254.36,1.834,0,4.7,0,0,0,0,0,0,1,0,0,1,0,0,0,0,1,0,1
0,1.0,1,24.0,4.0,6,3,3,0,16.0,2.0,2.0,3.0,148.05,3.0,2.0,148.05,1.442,1,4.2,0,0,1,0,0,1,0,0,0,0,0,0,1,0,1,0,1
0,19.0,1,35.0,3.0,5,4,3,0,15.0,7.0,9.0,7.0,292.04,7.0,9.0,292.04,4.793,0,4.4,0,1,0,0,1,0,0,0,0,1,0,0,0,0,0,1,0
0,6.0,1,17.0,3.0,4,3,8,0,14.0,1.0,2.0,4.0,159.33,4.0,2.0,159.33,1.477,0,2.9,0,0,0,0,0,0,1,0,0,0,0,0,1,0,1,0,1
0,5.0,1,9.0,4.0,4,3,3,0,15.0,2.0,2.0,4.0,159.77,4.0,2.0,159.77,1.479,0,3.6,0,1,0,0,0,0,1,0,0,0,0,0,1,0,1,0,1
0,15.0,2,11.0,3.0,6,4,8,0,20.0,1.0,2.0,3.0,189.3,3.0,2.0,189.3,1.607,0,3.5,0,0,0,0,0,0,0,0,1,0,1,0,0,0,1,0,1
0,14.0,1,15.0,4.0,4,5,4,1,17.0,2.0,2.0,1.0,190.16,1.0,2.0,190.16,1.661,0,3.6,0,1,0,0,0,0,1,0,0,0,1,0,0,0,1,0,0
0,1.0,1,36.0,4.0,4,5,3,0,14.0,2.0,2.0,3.0,164.07,3.0,2.0,164.07,1.506,1,3.6,0,1,0,0,0,1,0,0,0,0,0,0,1,0,1,0,1
0,20.0,1,20.0,3.0,4,4,8,0,15.0,2.0,2.0,10.0,180.62,10.0,2.0,180.62,1.541,0,3.1,0,1,0,0,0,0,1,0,0,0,1,0,0,0,0,1,1
0,9.0,1,34.0,3.0,4,3,4,0,17.0,2.0,2.0,8.0,193.83,8.0,2.0,193.83,1.598,0,3.1,0,1,0,0,0,0,1,0,0,0,1,0,0,0,1,0,1
0,4.0,1,23.0,3.0,4,1,3,0,13.0,1.0,2.0,9.0,153.62,9.0,2.0,153.62,1.434,0,2.9,0,1,0,0,0,0,1,0,0,0,0,0,1,0,1,0,1
0,21.0,3,9.0,3.0,4,4,9,0,12.0,1.0,2.0,1.0,174.78,1.0,2.0,174.78,1.599,0,2.9,0,0,0,0,0,0,0,1,0,0,1,0,0,0,1,0,1
0,20.0,3,9.0,4.0,4,1,6,1,13.0,1.0,2.0,3.0,228.68,3.0,2.0,228.68,1.765,0,3.4,1,1,0,0,0,0,1,0,0,0,0,0,0,0,1,0,1
1,1.0,3,20.0,4.0,5,5,7,1,14.0,2.0,3.0,3.0,186.34,3.0,3.0,186.34,1.995,1,3.9,0,1,0,0,0,0,0,1,0,0,1,0,0,0,1,0,1
1,1.0,3,8.0,3.0,6,4,8,0,16.0,1.0,2.0,1.0,192.35,1.0,2.0,192.35,1.669,1,3.5,0,1,0,0,0,0,1,0,0,0,1,0,0,0,0,1,1
0,1.0,1,11.0,3.0,4,4,3,0,14.0,1.0,2.0,3.0,157.95,3.0,2.0,157.95,1.482,1,2.9,0,1,0,0,0,1,0,0,0,0,0,0,1,0,0,1,0
0,5.0,1,31.0,2.0,4,1,4,0,21.0,1.0,2.0,5.0,177.38,5.0,2.0,177.38,1.543,0,2.4,0,0,0,1,0,0,0,0,0,0,1,0,0,0,0,1,0
0,13.0,1,8.0,4.0,4,1,3,1,16.0,1.0,6.0,9.0,189.72,9.0,6.0,189.72,3.179,0,3.4,1,0,0,0,0,0,1,0,0,0,1,0,0,0,1,0,1
0,6.0,3,26.0,4.0,6,3,5,0,14.0,1.0,2.0,3.0,221.1,3.0,2.0,221.1,1.734,0,4.0,0,1,0,0,0,0,1,0,0,0,0,0,0,0,1,0,1
0,14.0,3,14.0,3.0,4,4,3,0,15.0,13.0,13.0,9.0,323.33,9.0,13.0,323.33,6.513,0,5.3,0,1,0,0,0,1,0,0,0,0,0,0,0,1,0,1,1
0,19.0,2,11.0,3.0,6,3,6,0,22.0,2.0,2.0,3.0,222.56,3.0,2.0,222.56,1.74,0,3.7,0,1,0,0,0,0,1,0,0,0,0,0,0,0,1,0,0
0,4.0,1,9.0,4.0,5,5,2,0,17.0,1.0,2.0,8.0,174.68,8.0,2.0,174.68,1.521,0,3.7,0,0,0,1,0,0,0,0,0,0,0,0,1,0,0,1,0
0,1.0,2,17.0,3.0,4,1,2,0,15.0,1.0,3.0,2.0,146.45,2.0,3.0,146.45,1.852,1,2.9,0,0,0,0,0,1,0,0,0,0,0,0,1,0,1,0,1
1,1.0,2,15.0,4.0,5,1,8,0,12.0,2.0,2.0,3.0,146.8,3.0,2.0,146.8,1.437,1,3.9,0,0,0,0,0,0,0,0,1,0,0,0,1,0,1,0,0
0,5.0,3,12.0,3.0,4,3,3,0,20.0,2.0,2.0,3.0,208.46,3.0,2.0,208.46,1.684,0,3.1,0,1,0,0,1,0,0,0,0,0,1,0,0,0,1,0,1
0,1.0,1,15.0,4.0,4,1,3,0,12.0,1.0,2.0,5.0,159.45,5.0,2.0,159.45,1.471,1,3.4,0,1,0,0,0,1,0,0,0,0,0,0,1,0,0,1,0
1,1.0,3,16.0,3.0,6,4,3,0,14.0,3.0,3.0,3.0,152.6,3.0,3.0,152.6,1.86,1,3.9,0,1,0,0,0,0,0,1,0,0,0,0,1,0,0,1,0
0,3.0,1,8.0,4.0,2,3,10,1,13.0,2.0,2.0,3.0,187.94,3.0,2.0,187.94,1.602,0,3.0,0,0,0,0,0,0,1,0,0,0,1,0,0,0,0,1,1
0,4.0,3,22.0,4.0,5,5,4,0,12.0,2.0,2.0,8.0,196.4,8.0,2.0,196.4,1.608,0,3.9,0,1,0,0,0,0,0,1,0,0,0,0,0,0,1,0,1
0,8.0,1,9.0,4.0,2,1,2,1,15.0,2.0,2.0,3.0,154.32,3.0,2.0,154.32,1.467,0,3.0,1,1,0,0,0,1,0,0,0,0,0,0,1,0,1,0,1
0,7.0,3,9.0,4.0,4,4,10,0,16.0,2.0,2.0,8.0,176.47,8.0,2.0,176.47,1.528,0,3.6,0,0,0,0,0,0,0,1,0,0,1,0,0,0,0,1,0
0,23.0,3,18.0,4.0,4,1,5,0,13.0,1.0,2.0,5.0,170.07,5.0,2.0,170.07,1.514,0,3.4,0,1,0,0,0,0,0,1,0,0,1,0,0,0,0,1,0
1,1.0,3,23.0,4.0,4,5,4,1,21.0,2.0,2.0,3.0,210.64,3.0,2.0,210.64,1.693,1,3.6,0,1,0,0,0,0,1,0,0,0,0,0,0,0,0,1,0
0,12.0,1,9.0,4.0,5,4,6,0,15.0,1.0,2.0,6.0,149.68,6.0,2.0,149.68,1.427,0,3.7,0,0,0,0,0,1,0,0,0,0,0,0,1,0,1,0,0
1,1.0,3,23.0,4.0,4,3,4,0,14.0,1.0,2.0,1.0,206.61,1.0,2.0,206.61,1.726,1,3.4,0,1,0,0,0,0,0,1,0,0,0,0,0,0,1,0,1
0,3.0,1,11.0,4.0,5,5,3,0,14.0,1.0,2.0,1.0,146.09,1.0,2.0,146.09,1.484,0,3.7,0,0,1,1,0,0,0,0,0,0,0,0,1,0,1,0,0
0,4.0,1,23.0,3.0,2,3,5,0,17.0,2.0,2.0,8.0,177.94,8.0,2.0,177.94,1.534,0,2.5,0,1,0,0,0,0,1,0,0,0,1,0,0,0,1,0,1
0,6.0,1,12.0,4.0,4,4,4,0,15.0,2.0,2.0,8.0,152.18,8.0,2.0,152.18,1.431,0,3.6,0,0,0,1,0,0,0,0,0,0,0,0,1,0,0,1,1
0,12.0,1,25.0,3.0,6,1,5,1,17.0,1.0,2.0,1.0,183.11,1.0,2.0,183.11,1.632,0,3.5,1,1,0,0,0,1,0,0,0,0,1,0,0,0,1,0,1
1,7.0,1,24.0,3.0,5,3,11,1,17.0,2.0,2.0,1.0,149.37,1.0,2.0,149.37,1.497,0,3.4,0,0,0,1,0,0,0,0,0,0,0,0,1,0,1,0,1
0,16.0,1,19.0,3.0,4,4,10,0,23.0,2.0,2.0,5.0,152.66,5.0,2.0,152.66,1.444,0,3.1,0,1,0,0,0,1,0,0,0,0,0,0,1,0,1,0,1
0,29.0,1,9.0,3.0,5,5,10,0,15.0,2.0,2.0,1.0,315.38,1.0,2.0,315.38,2.162,0,3.4,0,1,0,0,0,1,0,0,0,0,0,0,0,1,1,0,1
0,7.0,1,11.0,3.0,4,4,7,0,16.0,1.0,2.0,8.0,155.55,8.0,2.0,155.55,1.444,0,2.9,0,0,0,1,0,0,0,0,0,0,1,0,0,0,1,0,1
0,15.0,1,16.0,4.0,4,5,3,0,21.0,1.0,2.0,5.0,147.89,5.0,2.0,147.89,1.425,0,3.4,0,0,1,0,0,0,1,0,0,0,0,0,1,0,1,0,1
0,8.0,3,17.0,3.0,4,3,3,1,15.0,2.0,2.0,8.0,165.01,8.0,2.0,165.01,1.482,0,3.1,0,0,0,0,0,0,1,0,0,0,1,0,0,0,1,0,1
0,27.0,1,8.0,3.0,5,3,6,1,21.0,2.0,2.0,3.0,254.64999999999998,3.0,2.0,254.64999999999998,1.869,0,3.4,0,0,0,0,0,1,0,0,0,1,0,0,0,0,1,0,0
0,17.0,2,9.0,4.0,4,1,2,0,14.0,2.0,2.0,9.0,160.39,9.0,2.0,160.39,1.462,0,3.6,0,1,0,0,0,0,1,0,0,0,0,0,1,0,0,1,1
0,8.0,3,10.0,3.0,6,1,7,0,13.0,3.0,3.0,3.0,185.29,3.0,3.0,185.29,1.991,0,3.9,0,1,0,0,0,0,1,0,0,0,1,0,0,0,0,1,0
1,1.0,3,14.0,3.0,4,4,3,0,14.0,1.0,2.0,1.0,151.79,1.0,2.0,151.79,1.507,1,2.9,0,1,0,0,0,0,0,1,0,0,0,0,1,0,0,1,1
0,12.0,1,13.0,3.0,5,3,3,0,12.0,2.0,2.0,5.0,162.02,5.0,2.0,162.02,1.481,0,3.4,0,1,0,0,0,0,0,0,1,0,0,0,1,0,1,0,0
1,1.0,1,15.0,4.0,4,5,3,1,18.0,1.0,2.0,1.0,148.98,1.0,2.0,148.98,1.496,1,3.4,0,0,1,0,0,1,0,0,0,0,0,0,1,0,1,0,0
0,5.0,3,36.0,4.0,5,1,3,0,15.0,1.0,6.0,8.0,179.68,8.0,6.0,179.68,3.141,0,3.7,0,1,0,0,0,0,0,1,0,0,1,0,0,0,1,0,0
0,25.0,1,10.0,3.0,4,3,4,0,12.0,3.0,2.0,3.0,256.16,3.0,2.0,256.16,1.875,0,3.3,0,1,0,0,1,0,0,0,0,0,0,0,0,0,1,0,0
0,11.0,3,16.0,3.0,5,4,3,0,15.0,2.0,2.0,4.0,166.89,4.0,2.0,166.89,1.508,0,3.4,0,1,0,0,0,0,0,1,0,0,1,0,0,0,1,0,1
0,20.0,1,9.0,3.0,4,1,9,1,15.0,3.0,3.0,3.0,318.28,3.0,3.0,318.28,2.523,0,3.3,1,1,0,0,0,1,0,0,0,0,0,0,0,1,1,0,1
0,10.0,1,17.0,3.0,4,5,9,1,14.0,3.0,6.0,8.0,208.21,8.0,6.0,208.21,3.255,0,3.3,0,1,0,0,0,0,1,0,0,0,0,0,0,0,1,0,1
1,8.0,1,8.0,4.0,4,4,3,1,13.0,3.0,3.0,4.0,148.42,4.0,3.0,148.42,1.834,0,3.8,0,0,0,0,0,1,0,0,0,0,0,0,1,0,1,0,1
0,11.0,2,15.0,3.0,4,4,4,0,14.0,4.0,5.0,8.0,165.71,8.0,5.0,165.71,2.685,0,3.5,0,1,0,0,0,0,0,0,1,0,1,0,0,0,1,0,1
1,1.0,3,34.0,3.0,4,1,3,1,19.0,4.0,8.0,8.0,183.13,8.0,8.0,183.13,3.955,1,3.5,1,1,0,0,0,0,1,0,0,0,1,0,0,0,0,1,1
0,7.0,1,15.0,3.0,2,5,8,0,20.0,4.0,8.0,7.0,156.43,7.0,8.0,156.43,3.851,0,2.9,0,1,0,0,0,0,1,0,0,0,0,0,1,0,1,0,1
0,2.0,1,8.0,3.0,4,1,3,0,12.0,1.0,2.0,4.0,145.44,4.0,2.0,145.44,1.422,1,2.9,0,0,1,0,0,0,1,0,0,0,0,0,1,0,1,0,1
0,13.0,1,17.0,4.0,4,3,9,0,22.0,3.0,2.0,3.0,259.64,3.0,2.0,259.64,1.889,0,3.8,0,1,0,0,0,1,0,0,0,0,0,0,0,0,0,1,1
0,20.0,3,33.0,4.0,5,4,10,0,16.0,2.0,3.0,3.0,204.91,3.0,3.0,204.91,2.07,0,3.9,0,0,0,0,0,0,1,0,0,0,1,0,0,0,0,1,1
0,14.0,1,9.0,4.0,4,5,6,0,18.0,2.0,2.0,3.0,158.77,3.0,2.0,158.77,1.485,0,3.6,0,1,0,0,0,0,1,0,0,0,0,0,1,0,1,0,0
0,16.0,1,20.0,4.0,2,5,7,0,19.0,2.0,2.0,1.0,180.38,1.0,2.0,180.38,1.622,0,3.0,0,1,0,0,0,1,0,0,0,0,1,0,0,0,1,0,1
0,9.0,1,9.0,3.0,4,1,4,0,15.0,2.0,2.0,8.0,182.62,8.0,2.0,182.62,1.553,0,3.1,0,0,0,0,0,1,0,0,0,0,1,0,0,0,1,0,1
0,12.0,2,9.0,4.0,4,4,7,0,14.0,3.0,4.0,9.0,150.92,9.0,4.0,150.92,2.224,0,3.8,0,0,0,0,0,0,0,0,1,0,0,0,1,0,1,0,1
1,1.0,1,16.0,4.0,4,5,6,0,18.0,1.0,2.0,8.0,178.46,8.0,2.0,178.46,1.536,1,3.4,0,0,0,0,0,0,1,0,0,0,1,0,0,0,1,0,1
1,1.0,1,17.0,3.0,4,5,3,0,16.0,1.0,2.0,9.0,167.13,9.0,2.0,167.13,1.489,1,2.9,0,1,0,0,0,1,0,0,0,0,1,0,0,0,0,1,1
0,13.0,3,27.0,3.0,4,1,4,0,19.0,2.0,3.0,3.0,166.27,3.0,3.0,166.27,1.915,0,3.1,0,0,0,0,0,0,1,0,0,0,1,0,0,0,1,0,1
0,17.0,1,16.0,3.0,4,3,6,0,14.0,2.0,2.0,3.0,149.38,3.0,2.0,149.38,1.448,0,3.1,0,0,0,0,0,0,1,0,0,0,0,0,1,0,0,1,1
0,15.0,1,12.0,3.0,2,4,5,0,13.0,1.0,2.0,3.0,193.7,3.0,2.0,193.7,1.625,0,2.3,0,1,0,0,0,0,1,0,0,0,1,0,0,0,0,1,1
0,15.0,3,11.0,3.0,4,3,2,1,14.0,6.0,14.0,3.0,229.47,3.0,14.0,229.47,6.568,0,3.9,0,1,0,0,0,0,0,1,0,0,0,0,0,0,1,0,0
0,4.0,1,17.0,4.0,4,3,11,0,15.0,1.0,2.0,3.0,221.67,3.0,2.0,221.67,1.737,0,3.4,0,1,0,0,0,1,0,0,0,0,0,0,0,0,0,1,0
1,1.0,2,27.0,4.0,4,4,2,1,12.0,1.0,2.0,5.0,146.48,5.0,2.0,146.48,1.419,1,3.4,0,0,1,0,0,1,0,0,0,0,0,0,1,0,1,0,0
1,10.0,1,28.0,4.0,4,4,6,0,23.0,4.0,4.0,3.0,214.26,3.0,4.0,214.26,2.507,0,4.0,0,1,0,0,0,1,0,0,0,0,1,0,0,0,1,0,0
0,14.0,1,8.0,3.0,4,1,6,0,18.0,1.0,2.0,4.0,190.13,4.0,2.0,190.13,1.601,0,2.9,0,1,0,0,0,0,1,0,0,0,1,0,0,0,1,0,0
0,8.0,3,15.0,4.0,2,3,3,0,22.0,3.0,5.0,9.0,192.99,9.0,5.0,192.99,2.792,0,3.2,0,1,0,0,1,0,0,0,0,0,1,0,0,0,1,0,1
0,31.0,3,9.0,3.0,4,4,6,0,23.0,1.0,15.0,15.0,287.91,15.0,15.0,287.91,7.164,0,2.9,0,0,0,0,0,1,0,0,0,1,0,0,0,0,1,0,1
0,9.0,1,30.0,4.0,6,3,2,0,17.0,1.0,2.0,4.0,152.05,4.0,2.0,152.05,1.448,0,4.0,0,1,0,0,0,1,0,0,0,0,0,0,1,0,1,0,1
0,21.0,1,11.0,4.0,5,4,10,1,13.0,6.0,15.0,3.0,228.33,3.0,15.0,228.33,6.963,0,4.7,0,1,0,0,0,0,1,0,0,0,0,0,0,0,1,0,0
0,14.0,1,19.0,3.0,4,5,4,0,13.0,2.0,8.0,8.0,169.48,8.0,8.0,169.48,3.9,0,3.1,0,1,0,0,0,0,1,0,0,0,1,0,0,0,1,0,0
0,28.0,1,14.0,4.0,4,1,6,0,16.0,2.0,2.0,8.0,193.54,8.0,2.0,193.54,1.596,0,3.6,0,1,0,0,0,1,0,0,0,0,1,0,0,0,1,0,0
0,5.0,3,14.0,4.0,4,5,4,0,15.0,3.0,3.0,3.0,221.37,3.0,3.0,221.37,2.135,0,3.8,0,0,0,0,0,0,0,1,0,0,0,0,0,0,1,0,0
0,2.0,1,8.0,4.0,4,5,3,0,26.0,2.0,2.0,3.0,160.91,3.0,2.0,160.91,1.494,1,3.6,0,1,0,0,0,1,0,0,0,0,0,0,1,0,1,0,0
0,12.0,3,9.0,4.0,6,1,4,1,21.0,1.0,2.0,4.0,179.05,4.0,2.0,179.05,1.556,0,4.0,1,1,0,0,0,0,0,1,0,0,1,0,0,0,1,0,0
0,1.0,3,17.0,3.0,4,1,3,0,14.0,2.0,2.0,3.0,171.84,3.0,2.0,171.84,1.537,1,3.1,0,1,0,0,0,1,0,0,0,0,1,0,0,0,0,1,1
0,31.0,1,22.0,3.0,4,3,4,1,15.0,1.0,3.0,3.0,282.87,3.0,3.0,282.87,2.381,0,2.9,0,0,0,0,0,0,1,0,0,1,0,0,0,0,1,0,1
0,1.0,1,21.0,3.0,4,3,3,0,17.0,2.0,2.0,1.0,140.14,1.0,2.0,140.14,1.461,1,3.1,0,0,0,0,0,1,0,0,0,0,0,0,1,0,0,1,0
1,1.0,2,25.0,3.0,2,5,2,0,18.0,2.0,2.0,1.0,154.56,1.0,2.0,154.56,1.518,1,2.5,0,1,0,0,0,0,0,0,1,0,0,0,1,0,1,0,1
1,1.0,2,20.0,3.0,5,5,6,1,16.0,3.0,3.0,1.0,148.35,1.0,3.0,148.35,1.893,1,3.6,0,0,1,0,0,0,0,0,1,0,0,0,1,0,1,0,1
0,19.0,3,9.0,4.0,4,3,6,0,23.0,4.0,6.0,8.0,176.54,8.0,6.0,176.54,3.128,0,4.0,0,0,0,0,0,0,1,0,0,0,1,0,0,0,1,0,0
0,10.0,1,9.0,4.0,4,4,6,1,23.0,2.0,2.0,1.0,194.62,1.0,2.0,194.62,1.678,0,3.6,0,1,0,0,0,0,0,0,1,0,1,0,0,0,1,0,0
0,17.0,3,9.0,4.0,4,1,3,0,21.0,8.0,8.0,8.0,181.75,8.0,8.0,181.75,3.949,0,4.8,0,0,0,0,0,0,1,0,0,0,1,0,0,0,1,0,1
0,1.0,1,12.0,3.0,4,1,2,1,15.0,2.0,2.0,3.0,148.79,3.0,2.0,148.79,1.445,1,3.1,1,0,0,0,0,0,1,0,0,0,0,0,1,0,0,1,0
0,3.0,1,27.0,3.0,4,1,3,0,14.0,2.0,4.0,11.0,163.12,11.0,4.0,163.12,2.269,0,3.1,0,0,0,0,0,1,0,0,0,0,0,0,1,0,1,0,1
0,6.0,3,17.0,4.0,4,1,10,0,14.0,1.0,2.0,1.0,171.48,1.0,2.0,171.48,1.586,0,3.4,0,0,0,0,0,0,0,1,0,0,1,0,0,0,0,1,1
0,16.0,1,17.0,3.0,4,3,5,0,23.0,4.0,4.0,4.0,154.36,4.0,4.0,154.36,2.257,0,3.5,0,0,0,1,0,0,0,0,0,0,0,0,1,0,1,0,1
0,21.0,1,16.0,4.0,4,3,6,0,13.0,1.0,3.0,1.0,146.05,1.0,3.0,146.05,1.884,0,3.4,0,0,1,0,0,0,1,0,0,0,0,0,1,0,0,1,0
0,20.0,1,9.0,3.0,4,1,5,0,15.0,1.0,5.0,3.0,210.78,3.0,5.0,210.78,2.893,0,2.9,0,1,0,0,0,0,1,0,0,0,0,0,0,0,1,0,1
0,2.0,2,8.0,3.0,4,1,3,0,16.0,2.0,3.0,3.0,152.06,3.0,3.0,152.06,1.858,1,3.1,0,0,0,0,0,0,1,0,0,0,0,0,1,0,1,0,1
0,3.0,1,36.0,4.0,6,3,10,0,18.0,1.0,2.0,7.0,188.84,7.0,2.0,188.84,1.58,0,4.0,0,1,0,0,0,0,1,0,0,0,1,0,0,0,1,0,1
0,16.0,1,15.0,3.0,4,3,6,0,14.0,2.0,2.0,1.0,164.68,1.0,2.0,164.68,1.559,0,3.1,0,1,0,0,0,0,1,0,0,0,0,0,1,0,0,1,1
1,1.0,3,9.0,3.0,5,4,9,1,13.0,2.0,3.0,3.0,224.07,3.0,3.0,224.07,2.146,1,3.4,0,1,0,0,0,0,0,1,0,0,1,0,0,0,0,1,1
0,20.0,3,10.0,3.0,2,5,4,0,13.0,3.0,2.0,9.0,257.25,9.0,2.0,257.25,1.849,0,2.7,0,1,0,0,1,0,0,0,0,1,0,0,0,0,1,0,0
0,1.0,3,30.0,3.0,5,3,3,0,22.0,4.0,6.0,9.0,160.4,9.0,6.0,160.4,3.062,1,3.8,0,1,0,0,0,1,0,0,0,0,1,0,0,0,1,0,0
0,3.0,2,13.0,3.0,5,4,3,0,12.0,2.0,2.0,1.0,153.04,1.0,2.0,153.04,1.512,0,3.4,0,1,0,0,0,1,0,0,0,0,0,0,1,0,1,0,1
0,17.0,1,13.0,3.0,5,3,9,0,15.0,7.0,7.0,15.0,318.92,15.0,7.0,318.92,4.088,0,4.4,0,1,0,0,0,1,0,0,0,0,0,0,0,1,1,0,0
0,22.0,1,17.0,4.0,5,4,6,0,15.0,4.0,13.0,10.0,321.65,10.0,13.0,321.65,6.505,0,4.3,0,1,0,0,0,0,1,0,0,0,0,0,0,1,1,0,1
1,1.0,1,31.0,4.0,5,1,3,1,25.0,2.0,2.0,1.0,149.39,1.0,2.0,149.39,1.498,1,3.9,1,0,0,0,0,0,1,0,0,0,0,0,1,0,0,1,1
1,10.0,3,17.0,4.0,4,4,7,0,22.0,2.0,2.0,8.0,198.14,8.0,2.0,198.14,1.615,0,3.6,0,1,0,0,0,0,1,0,0,0,0,0,0,0,1,0,0
0,1.0,1,22.0,4.0,5,5,2,0,20.0,1.0,8.0,4.0,172.74,4.0,8.0,172.74,3.931,1,3.7,0,0,0,0,0,0,1,0,0,0,0,0,1,0,1,0,0
0,13.0,1,26.0,3.0,4,1,10,0,15.0,1.0,3.0,3.0,164.02,3.0,3.0,164.02,1.906,0,2.9,0,1,0,0,0,0,0,0,1,0,1,0,0,0,1,0,1
0,29.0,1,9.0,4.0,5,1,10,0,21.0,2.0,2.0,5.0,151.62,5.0,2.0,151.62,1.44,0,3.9,0,1,0,1,0,0,0,0,0,0,0,0,1,0,1,0,1
0,2.0,3,10.0,4.0,4,4,3,0,20.0,2.0,2.0,1.0,153.56,1.0,2.0,153.56,1.514,1,3.6,0,1,0,0,0,1,0,0,0,0,0,0,1,0,1,0,0
1,1.0,3,16.0,3.0,4,1,3,0,14.0,1.0,2.0,1.0,135.81,1.0,2.0,135.81,1.443,1,2.9,0,0,1,0,0,1,0,0,0,0,0,0,1,0,0,1,1
1,1.0,1,14.0,4.0,4,4,3,1,24.0,2.0,2.0,1.0,149.72,1.0,2.0,149.72,1.499,1,3.6,0,1,0,0,0,0,1,0,0,0,0,0,1,0,0,1,1
0,10.0,3,17.0,4.0,5,3,3,1,14.0,1.0,2.0,8.0,181.73,8.0,2.0,181.73,1.549,0,3.7,0,1,0,1,0,0,0,0,0,0,1,0,0,0,1,0,0
0,5.0,1,27.0,3.0,4,3,3,0,12.0,1.0,2.0,3.0,166.97,3.0,2.0,166.97,1.518,0,2.9,0,1,0,0,0,0,1,0,0,0,1,0,0,0,1,0,1
0,8.0,3,11.0,4.0,4,1,4,1,14.0,1.0,2.0,3.0,222.13,3.0,2.0,222.13,1.739,0,3.4,1,1,0,0,0,0,1,0,0,0,0,0,0,0,1,0,1
0,3.0,1,14.0,3.0,4,5,5,0,15.0,1.0,2.0,3.0,145.62,3.0,2.0,145.62,1.432,0,2.9,0,0,1,0,0,0,1,0,0,0,0,0,1,0,0,1,1
0,11.0,1,14.0,4.0,4,5,7,1,23.0,1.0,2.0,5.0,167.84,5.0,2.0,167.84,1.505,0,3.4,0,1,0,0,0,1,0,0,0,0,1,0,0,0,1,0,1
0,9.0,1,23.0,3.0,5,4,2,1,12.0,1.0,2.0,3.0,172.88,3.0,2.0,172.88,1.542,0,3.2,0,1,0,0,0,0,0,0,1,0,1,0,0,0,1,0,0
0,19.0,1,32.0,4.0,5,1,2,0,14.0,1.0,4.0,9.0,184.06,9.0,4.0,184.06,2.356,0,3.7,0,1,0,0,0,0,1,0,0,0,1,0,0,0,1,0,0
0,10.0,2,9.0,4.0,5,1,3,0,22.0,2.0,2.0,9.0,163.86,9.0,2.0,163.86,1.475,0,3.9,0,0,0,0,0,0,0,0,1,0,1,0,0,0,0,1,1
0,14.0,1,8.0,4.0,4,5,4,0,15.0,3.0,12.0,17.0,293.23,17.0,12.0,293.23,5.984,0,3.8,0,1,0,0,0,0,1,0,0,1,0,0,0,0,1,0,1
0,1.0,1,8.0,3.0,5,3,3,1,14.0,1.0,2.0,1.0,154.33,1.0,2.0,154.33,1.517,1,3.2,0,1,0,0,0,0,1,0,0,0,0,0,1,0,1,0,0
0,1.0,3,9.0,3.0,2,3,2,0,15.0,1.0,2.0,8.0,190.0,8.0,2.0,190.0,1.582,1,2.3,0,1,0,0,0,1,0,0,0,0,1,0,0,0,0,1,0
0,22.0,1,29.0,3.0,4,1,5,0,15.0,2.0,5.0,8.0,296.74,8.0,5.0,296.74,3.209,0,3.1,0,0,0,0,0,1,0,0,0,1,0,0,0,0,1,0,0
0,18.0,1,8.0,4.0,2,5,4,0,16.0,2.0,3.0,3.0,175.33,3.0,3.0,175.33,1.951,0,3.0,0,1,0,0,0,0,1,0,0,0,1,0,0,0,1,0,1
1,1.0,1,23.0,3.0,6,5,3,1,24.0,1.0,4.0,1.0,148.07,1.0,4.0,148.07,2.292,1,3.5,0,0,0,1,0,0,0,0,0,0,0,0,1,0,1,0,1
1,20.0,1,31.0,4.0,4,1,3,0,17.0,1.0,2.0,1.0,150.87,1.0,2.0,150.87,1.503,0,3.4,0,1,0,0,0,0,1,0,0,0,0,0,1,0,0,1,1
0,10.0,3,24.0,3.0,5,4,4,0,17.0,2.0,2.0,4.0,180.07,4.0,2.0,180.07,1.56,0,3.4,0,1,0,0,0,0,0,1,0,0,1,0,0,0,1,0,1
0,15.0,3,15.0,3.0,4,4,7,0,22.0,1.0,2.0,5.0,168.93,5.0,2.0,168.93,1.509,0,2.9,0,1,0,0,0,0,0,1,0,0,1,0,0,0,1,0,0
0,16.0,1,13.0,3.0,4,5,11,0,14.0,6.0,2.0,8.0,258.48,8.0,2.0,258.48,1.856,0,3.9,0,1,0,0,0,1,0,0,0,0,0,0,0,0,1,0,1
0,5.0,3,17.0,3.0,4,1,4,1,12.0,2.0,2.0,5.0,190.83,5.0,2.0,190.83,1.597,0,3.1,1,1,0,0,0,1,0,0,0,0,1,0,0,0,1,0,0
0,8.0,3,10.0,4.0,5,1,5,1,13.0,1.0,2.0,2.0,206.03,2.0,2.0,206.03,1.691,0,3.7,1,1,0,0,0,1,0,0,0,0,1,0,0,0,1,0,0
0,5.0,1,11.0,4.0,2,3,10,0,13.0,2.0,3.0,3.0,164.78,3.0,3.0,164.78,1.909,0,3.0,0,1,0,0,0,1,0,0,0,0,0,0,1,0,1,0,0
0,1.0,1,13.0,4.0,2,1,2,0,19.0,3.0,8.0,8.0,150.44,8.0,8.0,150.44,3.824,1,3.2,0,0,0,0,0,0,0,0,1,0,0,0,1,0,1,0,1
0,19.0,1,8.0,3.0,4,3,6,0,13.0,1.0,2.0,4.0,178.99,4.0,2.0,178.99,1.556,0,2.9,0,0,0,0,0,1,0,0,0,0,1,0,0,0,0,1,1
0,7.0,3,17.0,3.0,4,3,3,0,15.0,1.0,2.0,10.0,179.87,10.0,2.0,179.87,1.538,0,2.9,0,1,0,0,0,0,0,1,0,0,1,0,0,0,0,1,1
0,2.0,3,8.0,3.0,5,1,3,1,13.0,2.0,2.0,8.0,193.34,8.0,2.0,193.34,1.596,1,3.4,1,0,0,0,0,0,1,0,0,0,1,0,0,0,1,0,1
1,1.0,3,31.0,3.0,2,5,3,0,18.0,1.0,2.0,1.0,135.91,1.0,2.0,135.91,1.444,1,2.3,0,0,0,1,0,0,0,0,0,0,0,0,1,0,0,1,1
0,13.0,3,28.0,3.0,6,3,8,0,20.0,1.0,2.0,3.0,182.36,3.0,2.0,182.36,1.579,0,3.5,0,0,0,0,0,0,1,0,0,0,1,0,0,0,1,0,0
0,1.0,1,9.0,3.0,4,4,3,0,12.0,1.0,2.0,3.0,147.26,3.0,2.0,147.26,1.439,1,2.9,0,0,1,1,0,0,0,0,0,0,0,0,1,0,1,0,1
0,8.0,1,29.0,3.0,5,1,3,1,16.0,4.0,7.0,12.0,182.47,12.0,7.0,182.47,3.545,0,3.8,1,0,0,0,0,0,0,0,1,0,1,0,0,0,1,0,1
1,1.0,3,20.0,3.0,4,3,5,1,12.0,1.0,3.0,3.0,223.54,3.0,3.0,223.54,2.144,1,2.9,0,1,0,0,0,0,0,1,0,0,1,0,0,0,0,1,0
0,21.0,1,21.0,4.0,4,4,10,0,19.0,1.0,2.0,8.0,179.67,8.0,2.0,179.67,1.541,0,3.4,0,0,0,1,0,0,0,0,0,0,1,0,0,0,1,0,1
0,30.0,3,18.0,3.0,5,5,6,0,17.0,1.0,2.0,1.0,178.8,1.0,2.0,178.8,1.615,0,3.2,0,1,0,0,0,0,0,1,0,0,1,0,0,0,1,0,0
0,13.0,1,16.0,3.0,4,5,3,0,26.0,1.0,8.0,10.0,176.51,10.0,8.0,176.51,3.924,0,2.9,0,1,0,0,0,1,0,0,0,0,1,0,0,0,1,0,1
0,12.0,1,15.0,3.0,5,4,3,1,17.0,2.0,2.0,8.0,146.33,8.0,2.0,146.33,1.408,0,3.4,0,0,0,0,0,1,0,0,0,0,1,0,0,0,1,0,0
0,61.0,3,28.0,4.0,4,1,6,1,15.0,1.0,2.0,1.0,303.75,1.0,2.0,303.75,2.115,0,3.4,1,1,0,0,0,0,1,0,0,1,0,0,0,0,1,0,0
1,1.0,1,12.0,3.0,2,3,5,1,15.0,1.0,2.0,4.0,149.32,4.0,2.0,149.32,1.437,1,2.3,0,0,0,0,0,0,1,0,0,0,0,0,1,0,0,1,0
0,12.0,1,16.0,4.0,4,1,4,0,20.0,1.0,2.0,4.0,172.71,4.0,2.0,172.71,1.531,0,3.4,0,1,0,0,0,0,1,0,0,0,0,0,1,0,1,0,1
0,23.0,1,9.0,3.0,4,1,5,0,15.0,5.0,5.0,4.0,316.61,4.0,5.0,316.61,3.306,0,3.7,0,0,0,0,0,0,1,0,0,0,0,0,0,1,1,0,1
0,16.0,3,19.0,4.0,4,1,5,1,13.0,2.0,2.0,1.0,175.87,1.0,2.0,175.87,1.603,0,3.6,1,1,0,0,0,0,0,1,0,0,1,0,0,0,1,0,1
1,1.0,2,29.0,3.0,5,4,3,0,13.0,2.0,2.0,1.0,153.63,1.0,2.0,153.63,1.515,1,3.4,0,0,0,0,0,0,0,0,1,0,0,0,1,0,1,0,0
0,9.0,3,25.0,4.0,4,5,2,0,17.0,2.0,2.0,5.0,180.61,5.0,2.0,180.61,1.556,0,3.6,0,1,0,0,0,1,0,0,0,0,1,0,0,0,1,0,1
0,2.0,1,23.0,3.0,4,3,3,0,15.0,1.0,2.0,5.0,146.44,5.0,2.0,146.44,1.419,1,2.9,0,0,0,0,0,1,0,0,0,0,0,0,1,0,0,1,1
0,5.0,1,10.0,3.0,4,5,3,1,14.0,3.0,3.0,4.0,155.65,4.0,3.0,155.65,1.863,0,3.3,0,0,0,0,0,1,0,0,0,0,0,0,1,0,1,0,1
0,10.0,1,16.0,4.0,2,4,3,0,23.0,2.0,2.0,3.0,153.1,3.0,2.0,153.1,1.462,0,3.0,0,0,0,0,0,0,1,0,0,0,0,0,1,0,1,0,1
0,8.0,3,8.0,3.0,4,1,3,0,22.0,3.0,3.0,3.0,223.88,3.0,3.0,223.88,2.146,0,3.3,0,1,0,0,0,0,0,1,0,0,0,0,0,0,0,1,1
0,8.0,3,20.0,3.0,4,3,3,0,19.0,1.0,2.0,3.0,211.28,3.0,2.0,211.28,1.695,0,2.9,0,1,0,0,0,1,0,0,0,0,0,0,0,0,1,0,1
0,1.0,1,8.0,4.0,4,5,2,0,14.0,8.0,8.0,7.0,153.67,7.0,8.0,153.67,3.84,1,4.8,0,1,0,0,0,1,0,0,0,0,0,0,1,0,0,1,1
0,3.0,1,8.0,3.0,4,5,2,0,13.0,1.0,2.0,3.0,178.73,3.0,2.0,178.73,1.565,0,2.9,0,1,0,0,0,0,1,0,0,0,1,0,0,0,1,0,1
0,6.0,1,22.0,3.0,4,1,7,0,19.0,1.0,2.0,3.0,191.67,3.0,2.0,191.67,1.617,0,2.9,0,0,0,0,0,1,0,0,0,0,1,0,0,0,1,0,0
0,5.0,1,8.0,3.0,6,5,3,0,22.0,7.0,9.0,8.0,175.03,8.0,9.0,175.03,4.322,0,4.7,0,0,0,0,0,0,1,0,0,0,1,0,0,0,1,0,1
1,1.0,1,24.0,3.0,5,1,7,0,13.0,2.0,2.0,4.0,148.67,4.0,2.0,148.67,1.435,1,3.4,0,0,1,1,0,0,0,0,0,0,0,0,1,0,1,0,1
0,12.0,3,8.0,3.0,5,5,6,0,15.0,2.0,2.0,1.0,153.58,1.0,2.0,153.58,1.514,0,3.4,0,1,0,0,0,0,1,0,0,0,0,0,1,0,0,1,1
0,9.0,3,14.0,3.0,4,1,3,1,12.0,2.0,2.0,10.0,177.04,10.0,2.0,177.04,1.526,0,3.1,1,1,0,0,0,0,1,0,0,0,1,0,0,0,1,0,0
0,1.0,3,16.0,3.0,4,1,3,0,15.0,2.0,2.0,8.0,166.05,8.0,2.0,166.05,1.486,1,3.1,0,1,0,0,0,0,0,1,0,0,1,0,0,0,0,1,1
0,6.0,1,12.0,3.0,5,1,10,0,25.0,2.0,2.0,3.0,221.79,3.0,2.0,221.79,1.737,0,3.4,0,1,0,0,0,0,1,0,0,0,1,0,0,0,0,1,1
1,1.0,3,33.0,4.0,4,1,3,1,12.0,1.0,2.0,9.0,181.17,9.0,2.0,181.17,1.545,1,3.4,1,0,0,0,0,0,0,1,0,0,1,0,0,0,1,0,1
1,17.0,3,31.0,4.0,4,5,8,1,14.0,1.0,3.0,3.0,229.48,3.0,3.0,229.48,2.168,0,3.4,0,1,0,0,0,0,1,0,0,0,0,0,0,0,0,1,1
0,28.0,1,16.0,4.0,4,3,5,0,12.0,2.0,3.0,4.0,153.97,4.0,3.0,153.97,1.856,0,3.6,0,1,0,0,0,0,1,0,0,0,1,0,0,0,1,0,0
0,7.0,1,14.0,3.0,4,3,3,0,21.0,1.0,3.0,9.0,184.68,9.0,3.0,184.68,1.959,0,2.9,0,0,0,0,0,0,1,0,0,0,1,0,0,0,1,0,1
0,17.0,1,18.0,2.0,4,3,3,0,18.0,2.0,2.0,10.0,200.1,10.0,2.0,200.1,1.619,0,2.6,0,1,0,0,0,0,1,0,0,0,0,0,0,0,1,0,1
0,12.0,2,8.0,3.0,4,4,2,1,12.0,1.0,2.0,3.0,154.91,3.0,2.0,154.91,1.47,0,2.9,0,0,0,0,0,0,0,0,1,0,0,0,1,0,1,0,1
0,29.0,2,33.0,4.0,2,4,6,1,15.0,2.0,2.0,5.0,321.36,5.0,2.0,321.36,2.119,0,3.0,0,1,0,0,0,0,0,0,1,0,0,0,0,1,1,0,1
0,5.0,1,9.0,3.0,6,1,3,1,12.0,1.0,2.0,1.0,136.29,1.0,2.0,136.29,1.445,0,3.5,1,0,1,0,0,1,0,0,0,0,0,0,1,0,1,0,0
0,13.0,3,22.0,4.0,4,5,2,0,13.0,5.0,2.0,11.0,258.41,11.0,2.0,258.41,1.85,0,4.2,0,1,0,0,0,0,0,1,0,1,0,0,0,0,0,1,1
0,16.0,1,30.0,3.0,5,3,3,0,13.0,4.0,4.0,8.0,168.32,8.0,4.0,168.32,2.296,0,3.8,0,0,0,0,0,0,1,0,0,0,1,0,0,0,0,1,1
0,5.0,1,17.0,3.0,4,3,6,0,21.0,4.0,2.0,9.0,235.31,9.0,2.0,235.31,1.761,0,3.5,0,0,0,0,0,1,0,0,0,0,0,0,0,0,1,0,0
0,28.0,1,17.0,4.0,4,5,8,1,20.0,1.0,2.0,5.0,169.4,5.0,2.0,169.4,1.511,0,3.4,0,1,0,0,0,1,0,0,0,0,1,0,0,0,0,1,0
0,1.0,1,8.0,3.0,5,3,3,0,13.0,2.0,2.0,3.0,171.17,3.0,2.0,171.17,1.535,1,3.4,0,1,0,0,0,0,1,0,0,0,1,0,0,0,0,1,1
0,1.0,1,19.0,4.0,4,1,3,0,14.0,2.0,2.0,5.0,151.47,5.0,2.0,151.47,1.439,1,3.6,0,1,0,0,0,0,0,0,1,0,0,0,1,0,0,1,1
0,14.0,1,18.0,4.0,4,3,3,0,12.0,8.0,10.0,5.0,188.23,5.0,10.0,188.23,4.786,0,4.8,0,0,0,1,0,0,0,0,0,0,1,0,0,0,1,0,0
0,14.0,3,9.0,4.0,4,4,5,0,15.0,2.0,6.0,11.0,181.77,11.0,6.0,181.77,3.144,0,3.6,0,1,0,0,0,0,0,1,0,0,1,0,0,0,1,0,0
0,1.0,2,9.0,3.0,4,4,6,0,15.0,1.0,2.0,3.0,146.87,3.0,2.0,146.87,1.437,1,2.9,0,0,1,0,0,0,0,0,1,0,0,0,1,0,1,0,0
0,4.0,1,8.0,4.0,4,4,3,0,14.0,2.0,2.0,8.0,162.48,8.0,2.0,162.48,1.472,0,3.6,0,1,0,0,0,1,0,0,0,0,0,0,1,0,1,0,1
0,1.0,1,9.0,3.0,4,3,8,1,20.0,1.0,2.0,3.0,164.77,3.0,2.0,164.77,1.509,1,2.9,0,1,0,0,0,0,0,0,1,0,0,0,1,0,1,0,1
0,21.0,1,32.0,3.0,4,3,4,0,24.0,10.0,13.0,3.0,211.33,3.0,13.0,211.33,6.095,0,4.7,0,1,0,0,0,1,0,0,0,0,0,0,0,0,0,1,1
0,7.0,1,8.0,3.0,5,3,3,0,13.0,1.0,2.0,1.0,145.08,1.0,2.0,145.08,1.48,0,3.2,0,0,0,0,0,1,0,0,0,0,0,0,1,0,1,0,1
0,12.0,3,8.0,3.0,4,4,2,0,16.0,2.0,6.0,9.0,169.4,9.0,6.0,169.4,3.098,0,3.1,0,1,0,0,0,0,1,0,0,0,1,0,0,0,1,0,1
0,5.0,3,9.0,3.0,4,3,2,0,20.0,1.0,2.0,3.0,155.67,3.0,2.0,155.67,1.473,0,2.9,0,1,0,0,0,0,1,0,0,0,0,0,1,0,1,0,1
0,12.0,1,13.0,4.0,5,3,4,0,12.0,3.0,8.0,8.0,178.21,8.0,8.0,178.21,3.935,0,4.1,0,0,0,0,0,0,1,0,0,0,1,0,0,0,1,0,1
0,16.0,1,25.0,3.0,4,5,8,1,18.0,2.0,2.0,3.0,179.1,3.0,2.0,179.1,1.566,0,3.1,0,1,0,0,0,0,1,0,0,0,1,0,0,0,1,0,1
0,15.0,1,8.0,4.0,4,1,5,0,23.0,1.0,2.0,1.0,152.82,1.0,2.0,152.82,1.511,0,3.4,0,1,0,0,0,0,1,0,0,0,0,0,1,0,1,0,1
0,21.0,1,8.0,4.0,4,4,2,0,19.0,1.0,2.0,13.0,244.57,13.0,2.0,244.57,1.793,0,3.4,0,0,0,0,0,1,0,0,0,0,0,0,0,0,1,0,0
0,9.0,1,18.0,3.0,4,3,9,1,12.0,3.0,3.0,3.0,151.6,3.0,3.0,151.6,1.856,0,3.3,0,1,0,0,0,1,0,0,0,0,0,0,1,0,1,0,1
0,1.0,1,8.0,4.0,4,3,2,0,13.0,2.0,2.0,3.0,158.75,3.0,2.0,158.75,1.485,1,3.6,0,1,0,0,0,0,1,0,0,0,0,0,1,0,0,1,1
0,9.0,1,16.0,3.0,4,3,3,0,20.0,1.0,2.0,9.0,175.98,9.0,2.0,175.98,1.524,0,2.9,0,1,0,0,0,1,0,0,0,0,1,0,0,0,0,1,1
0,7.0,1,22.0,4.0,4,1,2,1,14.0,7.0,9.0,2.0,173.78,2.0,9.0,173.78,4.362,0,4.6,1,1,0,0,0,1,0,0,0,0,1,0,0,0,1,0,0
0,6.0,1,36.0,3.0,5,4,3,0,14.0,1.0,5.0,2.0,153.37,2.0,5.0,153.37,2.68,0,3.2,0,1,0,0,0,0,1,0,0,0,0,0,1,0,0,1,0
0,14.0,1,8.0,3.0,4,1,10,0,20.0,2.0,2.0,1.0,149.06,1.0,2.0,149.06,1.496,0,3.1,0,0,1,0,0,0,1,0,0,0,0,0,1,0,1,0,1
0,6.0,3,8.0,4.0,5,4,2,0,15.0,3.0,3.0,3.0,147.69,3.0,3.0,147.69,1.841,0,4.1,0,0,1,0,0,1,0,0,0,0,0,0,1,0,1,0,1
0,13.0,1,31.0,3.0,4,1,9,0,14.0,1.0,2.0,8.0,166.08,8.0,2.0,166.08,1.487,0,2.9,0,1,0,0,0,0,1,0,0,0,1,0,0,0,0,1,1
0,12.0,1,17.0,4.0,6,3,5,0,13.0,1.0,2.0,12.0,257.06,12.0,2.0,257.06,1.844,0,4.0,0,1,0,0,0,1,0,0,0,0,0,0,0,0,1,0,0
0,6.0,3,8.0,3.0,4,1,3,0,20.0,1.0,6.0,3.0,229.22,3.0,6.0,229.22,3.367,0,2.9,0,1,0,0,0,0,0,1,0,0,0,0,0,0,1,0,0
0,11.0,1,17.0,3.0,2,1,3,1,26.0,1.0,7.0,9.0,262.44,9.0,7.0,262.44,3.87,0,2.3,1,1,0,0,0,0,1,0,0,0,0,0,0,0,1,0,0
0,1.0,3,15.0,3.0,4,3,2,1,23.0,1.0,2.0,5.0,174.07,5.0,2.0,174.07,1.53,1,2.9,0,1,0,0,0,0,0,0,1,0,1,0,0,0,1,0,0
0,26.0,3,36.0,3.0,4,1,4,0,16.0,2.0,2.0,1.0,159.82,1.0,2.0,159.82,1.539,0,3.1,0,0,0,0,0,0,1,0,0,0,0,0,1,0,1,0,1
0,18.0,1,8.0,3.0,4,1,8,1,13.0,2.0,2.0,3.0,149.36,3.0,2.0,149.36,1.447,0,3.1,1,0,1,0,0,1,0,0,0,0,0,0,1,0,0,1,1
0,1.0,3,12.0,3.0,4,5,3,1,12.0,2.0,2.0,3.0,148.8,3.0,2.0,148.8,1.445,1,3.1,0,0,1,0,0,1,0,0,0,0,0,0,1,0,0,1,1
0,13.0,1,16.0,3.0,4,1,4,0,15.0,2.0,2.0,4.0,319.31,4.0,2.0,319.31,2.117,0,3.1,0,0,0,0,0,0,1,0,0,0,0,0,0,1,0,1,1
1,1.0,3,16.0,3.0,4,5,3,0,20.0,2.0,2.0,1.0,142.9,1.0,2.0,142.9,1.472,1,3.1,0,0,0,0,0,0,0,1,0,0,0,0,1,0,1,0,1
0,10.0,3,10.0,4.0,5,1,2,0,20.0,1.0,4.0,5.0,201.44,5.0,4.0,201.44,2.439,0,3.7,0,1,0,0,0,1,0,0,0,0,0,0,0,0,1,0,0
0,10.0,1,11.0,4.0,4,4,9,0,14.0,1.0,2.0,3.0,176.31,3.0,2.0,176.31,1.555,0,3.4,0,0,0,0,0,0,1,0,0,0,1,0,0,0,1,0,0
0,30.0,1,8.0,3.0,4,3,3,0,22.0,1.0,2.0,10.0,188.06,10.0,2.0,188.06,1.57,0,2.9,0,0,0,0,0,0,1,0,0,0,1,0,0,0,1,0,1
1,1.0,1,8.0,3.0,4,1,11,1,15.0,3.0,3.0,3.0,172.87,3.0,3.0,172.87,1.941,1,3.3,1,1,0,0,0,1,0,0,0,0,0,0,1,0,1,0,1
0,16.0,1,9.0,3.0,4,3,7,0,15.0,1.0,5.0,15.0,313.8,15.0,5.0,313.8,3.268,0,2.9,0,1,0,0,0,0,1,0,0,0,0,0,0,1,1,0,1
1,20.0,1,14.0,4.0,4,3,10,0,12.0,7.0,10.0,9.0,148.39,9.0,10.0,148.39,4.614,0,4.6,0,0,1,1,0,0,0,0,0,0,0,0,1,0,1,0,1
0,15.0,1,35.0,3.0,5,4,2,0,24.0,2.0,2.0,11.0,260.7,11.0,2.0,260.7,1.859,0,3.4,0,1,0,0,0,0,1,0,0,1,0,0,0,0,1,0,0
0,8.0,3,35.0,4.0,5,3,3,0,22.0,2.0,2.0,8.0,192.12,8.0,2.0,192.12,1.591,0,3.9,0,1,0,0,0,0,0,1,0,0,1,0,0,0,1,0,0
0,10.0,3,22.0,3.0,6,1,3,0,25.0,6.0,12.0,12.0,179.06,12.0,12.0,179.06,5.532,0,4.5,0,0,0,0,0,0,0,1,0,0,1,0,0,0,1,0,1
0,15.0,3,10.0,3.0,5,4,4,0,12.0,2.0,2.0,3.0,214.38,3.0,2.0,214.38,1.708,0,3.4,0,1,0,0,0,0,1,0,0,0,1,0,0,0,1,0,1
0,6.0,1,9.0,4.0,4,5,3,0,15.0,1.0,2.0,3.0,149.39,3.0,2.0,149.39,1.448,0,3.4,0,0,1,1,0,0,0,0,0,0,0,0,1,0,0,1,1
0,9.0,2,33.0,3.0,4,1,3,1,17.0,2.0,2.0,3.0,213.37,3.0,2.0,213.37,1.703,0,3.1,1,1,0,0,0,0,1,0,0,0,0,0,0,0,0,1,0
0,12.0,3,17.0,4.0,4,1,3,0,12.0,1.0,2.0,10.0,178.43,10.0,2.0,178.43,1.532,0,3.4,0,1,0,0,0,0,1,0,0,0,1,0,0,0,1,0,0
1,14.0,3,8.0,4.0,4,3,9,0,13.0,2.0,2.0,2.0,192.28,2.0,2.0,192.28,1.636,0,3.6,0,0,0,0,0,0,1,0,0,0,1,0,0,0,1,0,1
0,10.0,3,18.0,4.0,5,1,6,0,14.0,2.0,2.0,1.0,191.52,1.0,2.0,191.52,1.666,0,3.9,0,1,0,0,0,0,0,1,0,0,1,0,0,0,1,0,0
0,19.0,3,27.0,3.0,4,3,10,0,16.0,1.0,2.0,2.0,173.5,2.0,2.0,173.5,1.561,0,2.9,0,1,0,0,0,0,1,0,0,0,1,0,0,0,0,1,0
0,14.0,1,9.0,1.0,5,3,4,0,15.0,1.0,3.0,3.0,153.09,3.0,3.0,153.09,1.862,0,2.2,0,1,0,0,0,0,1,0,0,0,0,0,1,0,0,1,1
0,9.0,1,25.0,4.0,4,3,3,1,15.0,1.0,2.0,3.0,181.89,3.0,2.0,181.89,1.578,0,3.4,0,0,0,0,0,0,1,0,0,0,1,0,0,0,1,0,1
0,14.0,1,9.0,4.0,4,3,4,0,15.0,1.0,2.0,3.0,145.01,3.0,2.0,145.01,1.43,0,3.4,0,0,1,0,0,1,0,0,0,0,0,0,1,0,1,0,0
0,9.0,1,8.0,4.0,6,1,3,0,13.0,2.0,2.0,2.0,154.77,2.0,2.0,154.77,1.486,0,4.2,0,1,0,0,0,0,1,0,0,0,0,0,1,0,1,0,0
0,3.0,1,20.0,3.0,5,4,6,1,14.0,1.0,2.0,4.0,165.25,4.0,2.0,165.25,1.501,0,3.2,0,1,0,0,0,0,0,0,1,0,1,0,0,0,1,0,1
0,3.0,1,35.0,4.0,5,5,3,0,15.0,1.0,2.0,5.0,162.85,5.0,2.0,162.85,1.485,0,3.7,0,1,0,0,0,1,0,0,0,0,0,0,1,0,0,1,0
1,14.0,3,35.0,3.0,5,5,6,1,14.0,3.0,2.0,1.0,233.54000000000002,1.0,2.0,233.54000000000002,1.834,0,3.6,0,1,0,0,0,0,0,1,0,0,0,0,0,0,1,0,1
0,13.0,3,31.0,3.0,5,1,2,0,12.0,4.0,2.0,7.0,245.31,7.0,2.0,245.31,1.806,0,3.8,0,1,0,0,0,0,0,1,0,1,0,0,0,0,1,0,0
0,5.0,1,12.0,4.0,4,5,2,0,20.0,2.0,2.0,3.0,224.36,3.0,2.0,224.36,1.747,0,3.6,0,0,0,0,0,1,0,0,0,0,1,0,0,0,0,1,1
0,1.0,3,12.0,2.0,5,3,2,0,19.0,2.0,2.0,1.0,154.66,1.0,2.0,154.66,1.519,1,2.9,0,1,0,0,0,0,0,0,1,0,0,0,1,0,0,1,0
0,10.0,1,30.0,3.0,2,1,6,0,18.0,1.0,2.0,4.0,150.71,4.0,2.0,150.71,1.443,0,2.3,0,0,0,0,0,1,0,0,0,0,1,0,0,0,1,0,1
0,13.0,1,13.0,3.0,5,5,6,0,16.0,1.0,2.0,3.0,224.91,3.0,2.0,224.91,1.75,0,3.2,0,1,0,0,0,1,0,0,0,0,0,0,0,0,1,0,1
0,1.0,1,11.0,3.0,2,4,3,1,21.0,1.0,2.0,4.0,186.42,4.0,2.0,186.42,1.586,1,2.3,0,1,0,0,0,0,1,0,0,0,1,0,0,0,1,0,1
0,23.0,3,9.0,4.0,5,4,4,0,15.0,2.0,2.0,9.0,178.9,9.0,2.0,178.9,1.536,0,3.9,0,0,0,0,0,1,0,0,0,0,1,0,0,0,1,0,1
0,8.0,1,15.0,3.0,2,3,4,0,13.0,2.0,2.0,3.0,169.04,3.0,2.0,169.04,1.526,0,2.5,0,1,0,0,0,1,0,0,0,0,1,0,0,0,1,0,1
